actual,predicted_linear,predicted_xgboost
998.2,998.89,1000.07
997.3,997.26,1000.74
998.1,999.3,998.73
997.4,999.26,1002.02
997.3,998.11,1001.45
998.1,995.7,1000.25
998.1,997.25,998.41
997.3,998.46,1001.21
997.4,997.47,999.64
998.2,998.8,1001.72
997.2,997.76,1004.16
997.9,999.17,1002.62
997.8,999.23,1002.02
997.1,998.28,1003.97
998.6,995.45,1001.76
997.8,998.87,1003.7
997.9,997.22,1003.27
998.6,998.64,1002.98
998.3,997.88,1003.45
998.7,997.69,1003.23
999.1,998.12,1002.81
998.6,997.87,1001.64
998.6,997.43,1001.2
999.0,998.26,1001.0
998.5,998.11,1002.27
999.1,996.77,997.49
999.2,996.5,997.86
998.8,996.74,997.79
998.1,998.61,998.79
998.2,997.45,996.32
997.8,999.18,998.81
997.2,999.2,999.32
996.7,999.57,999.61
997.0,999.06,998.33
996.1,998.46,996.83
996.5,999.21,998.68
996.4,999.23,998.73
996.7,1000.13,999.7
996.1,998.84,1002.42
996.7,998.56,999.4
996.1,997.56,1000.37
996.5,996.83,996.15
996.0,998.06,997.96
995.8,997.24,999.87
995.2,997.31,999.72
995.8,998.07,997.99
994.6,996.31,996.05
995.0,997.78,996.48
994.3,996.76,997.87
994.7,996.68,993.85
994.0,995.83,994.99
994.3,997.35,995.16
993.7,997.56,994.66
993.5,994.18,991.17
993.0,997.87,994.36
992.9,995.42,993.63
992.4,994.76,991.91
992.8,997.57,992.57
991.6,994.66,988.24
992.0,997.14,990.97
991.2,997.55,990.61
990.9,995.32,989.95
990.6,997.64,989.82
990.5,994.36,986.71
990.4,995.33,991.52
990.2,996.64,990.26
989.8,996.7,991.67
989.5,993.42,990.27
989.7,994.59,990.84
989.8,996.68,993.45
989.8,994.86,991.4
989.9,996.85,992.77
990.5,996.83,991.0
990.4,995.41,991.95
990.6,994.72,988.96
990.6,996.69,991.93
990.3,997.27,991.61
989.9,995.33,991.71
990.1,994.45,989.62
990.4,996.89,992.18
990.3,994.44,986.9
991.4,994.44,987.91
991.0,993.06,986.97
992.1,993.46,988.99
991.6,993.1,989.68
993.1,994.53,992.52
992.6,993.64,993.73
994.3,993.95,991.89
993.8,993.46,993.49
994.5,994.34,994.98
995.1,994.22,994.08
996.0,994.24,992.91
995.3,991.83,991.04
995.6,993.77,994.7
996.3,996.6,997.33
995.6,995.09,996.0
996.6,997.82,998.38
996.7,995.12,995.85
995.9,994.9,997.76
997.8,994.3,995.87
996.8,992.06,994.15
997.3,993.41,1003.2
998.4,994.36,995.91
999.2,995.17,996.8
998.0,993.0,999.98
998.1,991.65,1002.6
999.3,994.9,994.01
1000.2,995.09,992.42
998.7,991.03,995.95
998.2,991.35,996.4
999.8,995.14,996.77
1000.2,994.29,998.14
999.1,990.27,994.02
999.5,990.33,994.08
1000.8,995.46,994.77
1000.1,989.74,991.61
1001.5,993.72,990.81
1000.3,989.17,993.77
1002.2,993.61,991.15
1000.7,988.81,992.71
1002.9,992.44,992.01
1000.9,988.15,989.17
1002.7,992.22,993.47
1000.7,988.08,990.73
1002.5,993.39,995.54
1000.0,987.57,989.5
1002.0,991.78,994.28
1001.9,990.81,995.29
1000.7,986.96,991.23
1002.7,990.41,996.16
1001.1,986.07,989.37
1002.8,990.9,997.41
1001.5,986.73,992.74
1003.5,992.04,1002.42
1002.3,986.79,992.71
1004.8,991.45,999.21
1004.8,991.57,996.94
1003.1,987.5,994.11
1003.9,987.99,993.4
1005.6,992.0,999.1
1005.8,994.26,999.36
1003.9,990.11,994.39
1004.2,987.26,989.18
1005.8,993.39,998.14
1006.2,993.55,996.96
1004.6,989.07,991.1
1004.4,989.54,992.0
1006.2,994.86,996.19
1006.3,994.98,997.68
1004.9,991.15,991.98
1005.5,990.2,994.08
1007.1,995.18,997.19
1006.2,990.38,994.52
1007.5,993.37,994.37
1006.2,990.63,995.39
1007.7,993.83,995.07
1007.7,993.87,996.29
1006.2,991.71,999.53
1008.8,994.37,1000.86
1007.5,991.59,999.76
1009.4,993.94,997.94
1007.8,991.4,1000.55
1009.4,993.82,994.87
1007.7,990.67,997.47
1009.3,994.42,996.66
1007.8,991.88,1001.73
1009.2,994.66,998.12
1007.5,991.89,999.55
1009.0,994.42,998.31
1007.6,992.45,998.86
1008.6,995.53,1000.11
1007.1,992.11,998.36
1008.1,995.24,997.83
1006.3,993.01,998.35
1007.7,996.43,1001.89
1006.0,992.28,998.02
1005.6,991.63,998.33
1007.2,994.35,997.19
1007.0,994.9,997.89
1005.4,991.39,996.82
1007.3,997.14,1002.05
1005.8,992.15,996.6
1007.8,995.36,1000.76
1006.3,994.3,1003.28
1007.6,996.58,1002.59
1006.2,992.98,1001.15
1006.0,994.46,999.39
1007.3,996.11,1001.83
1007.4,996.43,1001.99
1006.1,995.66,999.96
1006.4,994.31,1000.63
1007.4,997.93,1003.26
1005.6,995.36,1002.29
1007.1,998.25,1003.55
1005.3,995.93,1003.1
1006.3,998.29,1003.46
1005.2,996.13,1000.62
1006.3,997.5,1001.03
1006.1,997.59,1000.56
1005.0,995.35,1001.89
1006.1,998.89,1001.79
1004.9,996.45,1002.72
1006.3,998.22,1000.65
1005.1,997.94,1002.83
1006.8,998.37,1000.34
1005.6,995.9,998.63
1006.0,996.86,999.21
1007.1,999.4,1000.29
1007.2,998.96,999.51
1006.1,996.54,997.85
1006.1,997.92,1000.3
1007.1,998.49,1000.62
1005.6,998.54,1000.69
1006.7,998.0,1004.32
1005.3,1000.77,1003.07
1006.0,1000.84,1002.34
1005.5,1002.52,1002.32
1004.8,1002.33,1003.97
1003.9,1003.07,1003.57
1004.5,1001.27,1000.92
1002.7,1002.03,1001.6
1003.2,1002.49,1000.97
1002.8,1000.96,998.84
1002.1,1001.33,1002.88
1002.2,1003.7,1002.53
1002.8,1003.62,1000.37
1002.4,1002.03,1003.32
1003.0,1000.51,997.98
1002.8,999.27,1002.6
1002.2,998.62,1002.27
1002.6,995.83,996.91
1003.2,998.07,1000.99
1003.3,997.85,999.92
1002.7,995.84,995.96
1002.5,996.09,999.45
1003.3,996.43,1007.57
1004.2,997.1,997.19
1003.1,996.62,998.74
1004.1,997.31,997.38
1004.9,998.57,998.66
1005.7,999.34,1000.16
1004.6,997.32,1000.7
1005.3,997.35,1002.0
1006.4,999.37,1001.36
1007.1,1000.05,1003.14
1006.7,999.37,1006.1
1007.6,999.53,1002.82
1007.9,1000.1,1002.05
1006.8,997.85,1001.84
1008.2,1000.19,1002.26
1007.1,997.75,1000.03
1008.5,999.88,1000.73
1007.3,998.71,1000.3
1009.3,999.82,999.16
1008.4,999.72,1003.47
1009.6,999.66,1000.35
1008.5,999.26,1003.27
1008.9,999.39,1004.88
1009.9,1001.25,1004.96
1010.3,1000.87,1004.32
1009.3,1001.0,1005.55
1010.3,1001.67,1003.41
1009.4,1000.04,1003.51
1009.0,1002.12,1001.56
1008.7,1001.96,1003.44
1009.1,1002.84,1003.81
1008.5,1001.8,1002.92
1007.4,1002.86,1004.43
1007.0,1002.72,1004.8
1006.3,1002.15,1005.96
1006.9,1002.4,1001.87
1005.4,1001.17,1006.62
1005.7,1002.62,1002.21
1005.1,1002.86,1003.24
1005.0,1000.58,1005.75
1003.7,997.94,1002.34
1004.2,1001.91,1001.92
1002.7,1000.17,1001.13
1002.7,997.62,1001.57
1002.3,999.81,1003.95
1002.2,996.9,1000.33
1001.2,995.89,997.19
1001.5,1000.16,1002.18
1000.5,1000.41,1001.08
1000.4,996.42,999.01
1000.6,1001.48,1001.99
1000.3,998.7,1000.71
1000.4,998.23,999.94
1000.7,1000.14,998.7
1000.3,997.6,1001.22
1000.4,999.21,999.44
1000.1,998.3,1001.49
1000.2,1000.29,1001.44
999.9,999.37,1001.19
999.8,997.66,1001.31
999.4,999.25,1001.6
999.5,997.04,1002.45
998.9,996.13,1001.7
998.9,997.96,1000.78
998.6,996.65,1002.64
998.8,997.02,998.57
998.9,997.38,1000.01
998.7,996.08,1001.55
998.9,997.16,998.0
998.8,995.93,1001.67
999.4,998.02,999.94
999.3,996.97,1005.09
999.6,999.24,1001.28
999.4,996.35,1003.32
999.8,999.24,997.75
999.2,997.81,1003.02
1000.0,998.6,997.84
999.4,997.29,1000.75
999.0,998.98,1000.49
998.6,997.03,1001.25
997.7,997.22,999.22
998.0,997.95,997.7
997.0,995.77,996.74
997.2,997.6,997.71
996.9,997.45,1000.39
997.2,997.11,996.94
996.6,995.75,998.01
997.0,997.57,998.51
997.4,996.23,997.31
997.1,994.96,998.27
996.8,994.03,995.99
997.3,998.44,1004.37
997.3,993.59,998.45
997.3,996.04,998.7
997.3,995.12,1003.56
997.5,996.84,998.28
997.5,995.97,996.38
997.1,995.82,1002.79
997.3,995.3,1000.44
997.5,995.22,994.65
997.2,995.15,998.9
997.8,995.72,996.29
997.3,994.43,996.9
997.7,995.67,997.46
997.2,993.7,997.7
997.7,994.56,1003.87
997.3,993.74,998.1
997.8,994.63,996.53
997.4,993.52,995.55
997.9,995.52,997.24
997.5,994.23,997.06
998.4,996.41,997.98
998.7,995.2,1000.8
997.9,994.65,998.48
998.1,994.14,998.87
998.9,995.65,1000.99
998.6,994.3,997.33
999.4,995.57,998.35
999.0,994.85,1000.08
999.8,996.95,1001.24
999.3,997.41,1000.1
1000.3,998.79,1000.67
1000.6,1001.22,1001.11
1000.2,1000.47,1001.91
1000.8,1001.09,1001.13
999.6,1001.17,1001.6
1000.5,1000.69,999.66
999.6,999.77,1000.97
1000.2,1001.42,1000.8
999.3,999.98,999.59
1000.1,1000.93,998.62
999.3,999.84,1000.07
1000.0,1000.09,997.95
999.2,1000.36,1000.84
999.8,1000.97,1000.81
999.0,1000.47,1004.47
999.8,1000.29,999.44
1000.3,1001.31,1005.44
1000.0,999.71,1001.17
1000.6,1000.31,1003.94
999.6,998.57,1000.77
1000.4,999.79,1002.46
1000.2,999.21,1002.26
999.6,998.33,1000.17
999.8,998.51,1002.88
998.6,997.49,997.64
999.3,998.85,1003.74
998.1,997.92,998.71
998.8,998.76,1003.27
997.6,997.07,998.65
998.3,999.24,1004.3
996.9,998.31,997.15
997.8,998.58,1004.98
996.8,998.2,999.67
997.5,999.81,1004.32
996.2,997.59,998.91
996.8,1000.02,1008.02
996.1,997.84,996.0
996.6,999.17,1007.88
995.5,997.21,997.06
996.0,1000.14,1006.15
994.7,997.95,999.69
995.3,1000.6,1007.65
994.8,998.91,1003.92
995.2,1000.8,1004.64
994.4,1000.36,1001.98
993.9,998.76,1002.81
993.3,998.84,1002.85
993.8,1000.16,1000.93
992.4,999.11,1004.07
992.8,1001.57,1001.66
991.3,998.04,999.56
991.5,999.26,999.37
989.8,997.88,995.55
989.6,996.85,997.5
988.9,996.37,995.97
989.0,997.9,993.18
987.9,997.54,994.32
987.7,995.29,994.93
987.5,994.65,989.84
988.0,997.84,990.25
987.2,996.96,991.8
987.2,993.93,992.04
987.0,993.42,993.05
987.2,997.83,991.51
986.7,994.17,987.27
986.9,996.07,986.7
986.5,995.09,985.96
986.3,993.98,988.32
985.8,995.53,986.97
985.6,993.17,985.98
985.4,994.29,985.07
985.4,994.52,988.01
985.7,995.18,987.14
985.2,993.9,987.13
985.8,995.47,985.32
985.2,994.55,989.17
984.9,994.87,983.59
984.5,994.8,991.46
985.2,995.8,990.73
984.9,993.86,993.18
984.7,995.65,990.2
984.4,993.77,993.31
983.7,994.48,994.98
984.4,994.25,987.38
983.9,994.79,996.16
984.2,994.38,989.1
984.2,994.52,996.3
984.4,994.82,989.3
984.5,993.84,995.15
984.8,994.52,994.14
985.4,995.51,995.59
985.1,994.74,997.39
984.8,996.08,998.27
985.1,995.59,994.11
984.4,995.61,996.25
984.9,997.2,996.71
984.3,995.6,993.99
984.4,997.17,996.65
983.9,996.85,994.34
983.4,994.68,991.37
983.2,994.66,991.24
983.6,997.26,994.9
983.2,994.29,991.68
983.5,996.68,994.17
983.8,993.26,989.79
984.1,996.45,995.13
984.1,993.79,991.01
984.6,995.38,992.34
984.6,993.42,992.4
985.0,996.02,995.89
985.3,993.04,992.34
985.5,996.47,996.7
985.9,993.26,995.2
986.1,996.14,996.46
986.1,993.98,993.34
986.6,995.35,993.95
986.3,994.87,996.47
986.5,994.34,994.53
987.0,996.37,995.3
987.3,996.55,994.97
986.7,993.56,992.16
987.6,996.21,994.43
987.1,994.61,995.97
987.4,994.03,994.52
988.1,994.77,995.41
988.9,996.07,994.45
988.6,994.24,994.16
989.2,997.5,994.86
989.0,995.56,996.18
989.5,998.8,996.49
989.6,996.51,995.29
990.4,997.56,991.89
990.4,997.41,996.28
991.0,999.03,994.94
991.2,997.85,996.87
992.1,999.95,996.0
991.8,997.48,995.76
992.7,999.09,996.62
992.4,998.15,996.64
993.0,1001.33,1004.5
992.6,999.0,997.94
993.4,999.61,998.1
991.8,998.88,997.9
992.6,999.04,996.38
991.8,998.77,996.66
991.3,996.79,996.7
991.5,997.8,994.71
991.1,996.38,996.16
990.7,998.93,997.26
990.4,997.16,996.28
990.6,998.98,997.17
990.1,996.56,997.04
989.5,998.09,999.43
989.2,996.08,995.67
989.5,996.73,993.34
989.1,995.78,995.9
988.2,996.87,998.16
988.0,995.19,995.43
987.2,996.75,995.66
987.4,992.98,993.26
985.2,996.58,996.12
984.2,992.69,994.03
985.0,997.12,997.47
985.1,993.52,996.34
983.1,995.96,992.82
983.1,993.25,995.37
981.4,995.86,991.51
981.3,994.06,992.16
979.6,993.8,989.88
979.8,990.95,988.17
978.5,989.85,987.13
978.5,993.52,991.58
977.5,989.06,989.21
977.7,992.14,987.01
976.7,988.83,984.82
976.9,993.03,984.54
976.9,990.02,984.07
977.0,991.67,984.1
976.8,990.27,983.99
976.8,992.72,984.75
977.3,991.55,986.51
977.3,993.46,988.01
977.6,991.69,987.29
977.7,992.8,986.44
977.7,991.8,990.45
977.9,992.94,985.79
978.2,991.76,988.6
978.5,992.77,987.1
978.6,990.86,987.22
979.0,992.95,987.77
978.7,992.16,989.65
979.2,994.81,990.88
978.9,992.41,991.51
979.0,995.03,992.24
979.6,992.7,989.3
980.0,994.98,990.23
980.6,993.08,990.3
981.0,994.23,988.38
981.9,991.47,987.17
982.2,995.29,989.49
983.4,993.11,988.9
983.6,996.45,990.79
985.3,994.27,991.71
985.7,996.87,994.15
987.1,993.28,991.91
987.7,996.97,996.35
988.7,993.55,992.46
989.1,996.93,993.84
990.2,994.33,994.28
990.7,996.77,993.65
992.1,997.96,997.37
991.7,995.02,994.26
993.3,997.24,993.7
992.8,995.37,995.76
994.6,996.35,993.11
994.0,995.1,994.3
996.2,998.44,995.74
995.2,996.98,994.72
996.3,997.61,995.22
997.3,1000.12,998.34
998.6,1001.78,998.59
997.2,998.04,994.33
999.9,1001.55,999.62
998.9,999.74,997.29
1001.2,1002.23,997.65
1000.0,999.93,995.22
1003.1,1003.11,999.22
1001.8,1001.06,997.86
1004.2,1003.97,1000.16
1003.1,1002.36,997.9
1005.4,1004.36,1000.92
1004.2,1002.74,996.41
1004.6,1003.77,997.44
1005.6,1003.45,999.29
1004.7,1001.48,993.37
1005.7,1004.0,999.49
1004.4,1002.7,997.87
1005.5,1003.48,1000.58
1005.0,1002.21,996.48
1005.8,1003.07,999.65
1004.2,1002.56,999.72
1005.3,1003.1,1000.2
1003.9,1003.15,999.04
1005.0,1003.94,1000.74
1003.5,1002.85,1002.24
1004.6,1002.51,999.63
1003.7,1002.54,1000.22
1004.6,1002.31,1001.4
1004.0,1001.29,999.6
1005.1,1001.45,998.1
1004.6,1000.83,997.21
1005.7,1002.02,1002.07
1004.1,1002.01,1001.57
1005.0,1001.6,1000.61
1004.1,1000.79,1001.38
1004.8,1002.48,1001.65
1005.2,1001.22,1000.45
1004.1,1001.38,1003.61
1005.2,1001.39,1002.95
1004.4,1001.61,1002.94
1004.9,1001.44,1002.13
1004.0,1000.22,1002.35
1004.3,1002.11,1003.64
1003.6,1001.12,1002.14
1003.4,1001.18,1000.87
1004.3,1001.88,1005.88
1004.1,1000.01,1003.34
1003.1,999.99,1000.86
1002.5,999.22,1001.44
1003.4,1000.7,1003.9
1003.0,1000.63,1003.08
1002.2,1000.71,1001.97
1002.5,999.7,1000.56
1003.5,1001.86,1002.85
1002.3,1000.43,1001.38
1003.3,1000.93,1002.57
1003.5,1001.36,1006.11
1002.5,1001.26,1001.7
1003.6,1000.5,1006.39
1002.7,1000.28,1001.95
1003.8,999.64,1003.29
1002.7,1000.19,1003.75
1002.7,1000.39,1003.93
1003.5,1002.46,1003.03
1003.8,1004.19,1003.93
1003.0,1002.94,1001.59
1003.4,1003.88,1002.61
1002.4,1004.46,1002.98
1003.1,1005.56,1002.51
1002.1,1004.75,1001.29
1001.9,1004.34,1001.18
1002.8,1003.88,1004.23
1002.1,1003.43,1002.93
1002.9,1005.26,1004.73
1003.0,1004.22,1004.81
1002.2,1005.44,1004.72
1002.3,1004.03,1003.33
1003.2,1003.94,1005.29
1003.6,1005.58,1007.87
1002.6,1003.92,1003.03
1003.9,1004.33,1007.04
1003.1,1004.22,1003.46
1003.7,1003.82,1004.69
1002.7,1003.61,1003.97
1002.6,1003.05,1004.31
1003.7,1004.01,1005.33
1002.4,1002.64,1005.04
1003.1,1004.1,1005.32
1003.0,1004.48,1005.5
1002.1,1004.13,1005.3
1003.6,1003.38,1006.38
1002.7,1003.3,1004.67
1003.3,1003.61,1005.42
1002.3,1003.86,1005.04
1002.8,1003.53,1006.45
1001.9,1002.41,1003.79
1001.2,1004.19,1005.38
1001.9,1003.35,1004.85
1000.8,1002.95,1003.61
1001.7,1003.84,1007.47
1001.5,1003.46,1004.74
1002.1,1003.24,1007.4
1002.4,1002.53,1007.1
1001.6,1001.29,1003.68
1002.8,1002.16,1008.06
1002.2,1001.48,1004.43
1003.2,1000.88,1006.85
1002.5,999.41,1002.79
1003.7,1001.73,1006.96
1003.0,1000.97,1004.06
1003.6,1000.25,1004.04
1004.4,1001.7,1007.16
1004.9,1000.97,1004.71
1004.0,1000.6,1003.69
1004.5,1002.63,1004.06
1003.8,1002.14,1004.64
1003.8,1003.31,1005.18
1003.1,1002.91,1001.91
1002.9,1002.87,1002.49
1003.6,1002.22,1002.32
1003.5,1001.56,1003.11
1002.9,1001.3,1000.86
1004.1,1001.54,1000.33
1003.4,1002.08,1000.84
1004.2,1000.71,1001.27
1004.7,1001.52,998.51
1004.9,1000.35,1002.89
1005.4,999.96,999.65
1006.2,999.01,1000.06
1005.7,999.51,1003.58
1006.6,999.47,1001.2
1005.9,999.31,1003.29
1006.9,999.59,1002.66
1006.2,997.52,1001.99
1006.9,1000.78,1002.39
1006.3,998.58,1002.81
1007.1,1000.29,1000.62
1007.4,999.49,997.62
1006.6,998.48,1001.52
1007.6,999.55,995.44
1007.0,997.47,1001.16
1007.3,998.44,1000.05
1007.9,999.31,996.85
1007.9,999.36,997.96
1007.4,997.0,1000.79
1007.1,998.09,1002.51
1007.5,996.94,1000.85
1008.0,998.6,995.7
1008.0,998.48,1003.16
1008.6,998.09,997.01
1007.9,998.52,1002.95
1008.7,998.6,1001.49
1008.4,998.65,1002.55
1009.1,998.1,1000.86
1009.1,999.27,1002.74
1008.5,998.86,1003.59
1008.3,999.71,1003.12
1009.2,999.9,1001.89
1008.4,999.55,1000.82
1007.5,1000.29,1005.72
1007.4,998.36,998.89
1006.5,998.75,1004.45
1004.7,998.39,1000.42
1005.7,999.09,999.8
1003.5,998.06,1001.15
1004.2,999.61,998.05
1002.8,997.8,997.34
1002.0,999.66,998.07
1001.4,997.53,995.41
1000.8,996.8,1000.72
999.6,996.97,994.0
1000.1,997.3,991.59
999.1,996.9,990.33
998.5,995.66,992.49
997.8,996.06,989.93
997.5,995.15,991.27
995.9,995.71,992.53
996.5,995.88,991.05
995.3,995.91,990.49
994.8,994.03,986.03
994.5,996.73,990.77
994.0,992.72,980.87
993.4,993.07,983.31
993.9,995.83,986.71
993.1,995.4,985.64
992.8,992.75,984.42
992.4,993.03,984.44
992.7,997.12,989.62
991.7,993.37,985.68
992.0,994.86,986.53
991.0,995.22,988.39
990.9,992.78,984.7
990.1,992.45,986.15
990.2,995.69,988.65
989.7,995.84,988.58
989.7,992.84,986.27
989.5,997.05,992.05
989.4,992.77,985.94
989.2,993.12,986.55
989.5,995.84,988.86
989.5,991.0,982.74
989.8,995.61,990.52
989.7,990.45,983.74
989.8,995.62,991.2
989.1,994.9,990.16
989.0,990.16,986.13
988.5,989.93,986.53
988.6,995.34,993.11
987.7,989.15,985.78
987.3,995.33,992.44
987.0,988.9,987.31
986.5,989.28,988.72
986.9,994.77,991.54
986.9,988.07,987.55
987.3,993.74,991.3
987.5,994.73,992.81
987.4,989.7,987.76
987.8,995.68,994.66
987.8,990.3,988.75
988.1,993.23,989.12
987.8,990.79,991.08
988.0,992.58,994.73
987.6,989.27,985.67
987.0,993.06,988.97
986.7,988.77,983.23
987.9,993.77,990.76
986.6,991.08,988.85
987.9,992.99,990.05
986.8,991.33,989.95
986.5,990.61,989.87
988.4,994.02,993.78
990.1,992.45,984.26
988.2,990.39,986.07
988.8,989.85,987.66
990.4,993.31,989.55
991.0,993.13,990.78
989.4,990.03,987.96
991.6,993.94,992.28
990.0,989.58,988.19
991.8,994.61,996.18
990.2,989.73,988.13
991.3,989.83,988.17
992.9,993.82,997.32
992.1,989.43,988.68
994.0,994.03,993.22
994.7,994.66,998.32
992.7,990.29,990.86
994.8,993.77,994.0
993.2,989.54,988.96
992.7,990.01,992.16
994.9,994.17,993.47
991.6,990.5,998.07
993.5,993.67,994.06
991.4,989.33,996.42
993.5,992.98,990.25
991.3,988.69,993.2
993.3,993.21,995.33
991.0,989.34,994.55
993.2,993.68,995.25
990.6,989.15,988.36
992.6,992.58,989.23
991.7,991.65,991.28
989.9,986.57,988.97
989.9,986.32,989.28
991.0,990.11,989.96
991.6,990.5,991.39
989.5,988.65,991.92
989.9,987.47,992.28
992.2,991.0,995.61
991.6,990.47,991.46
992.8,992.48,996.5
993.9,993.19,997.98
992.7,992.96,992.14
993.5,995.58,994.63
994.5,997.18,997.88
994.4,997.47,995.57
995.7,999.56,999.97
995.6,996.79,996.39
996.9,998.15,1000.47
997.6,998.92,1001.06
996.3,997.36,995.29
997.5,997.48,995.08
998.5,1000.23,1001.5
999.4,1000.42,1002.9
998.3,998.41,996.16
1000.2,1000.36,1003.38
999.0,998.92,998.9
999.7,999.27,999.14
1000.9,1000.82,1004.3
1000.9,1001.04,1004.32
999.8,999.54,1001.04
1001.2,1000.03,1006.05
1000.1,999.66,1002.87
1000.4,999.17,1000.72
1001.4,1000.13,1001.51
1000.5,1000.07,1004.34
1001.3,1001.44,1003.5
1001.1,1002.7,1003.85
1000.4,1001.08,999.89
1000.5,1002.27,1001.26
1000.1,999.79,1000.1
999.2,1000.85,1001.18
999.4,1002.12,1001.03
997.0,1002.04,1000.51
996.7,1002.37,1001.95
996.7,1002.53,1002.63
994.3,1001.31,1000.58
994.6,1000.29,1001.7
992.9,998.79,998.81
992.7,1001.7,1001.9
991.1,996.88,998.25
991.3,1000.4,998.08
990.4,999.42,998.63
990.2,995.08,998.35
990.1,998.09,999.31
990.0,995.12,1001.65
989.5,994.62,999.67
989.2,998.48,999.14
988.7,992.91,998.91
988.5,996.65,994.97
988.3,998.45,997.93
988.5,992.04,993.55
989.7,994.08,991.35
990.0,997.03,996.43
990.2,991.33,991.38
990.6,996.01,997.47
990.9,994.72,993.73
992.0,999.43,994.27
993.6,995.62,997.68
994.0,999.58,995.64
996.0,1001.33,997.83
995.1,997.89,999.4
997.3,1002.99,999.06
996.5,1000.09,996.32
999.2,1003.72,1001.35
998.3,1001.0,997.88
1000.3,1000.42,998.71
1001.4,1004.1,1001.5
1003.0,1003.23,1002.12
1001.9,1001.87,1000.47
1003.8,1001.64,1002.66
1005.0,1003.71,1003.29
1006.6,1004.27,1003.07
1005.7,1003.18,1004.82
1007.4,1005.04,1005.47
1006.4,1003.23,1002.99
1007.0,1004.01,1003.01
1008.3,1006.67,1005.23
1007.7,1004.83,1001.44
1008.8,1006.54,1005.09
1008.8,1005.49,1005.42
1008.2,1007.26,1003.52
1008.2,1005.59,1003.02
1008.9,1007.3,1006.04
1007.6,1006.42,1004.14
1008.5,1004.85,1003.08
1007.6,1003.95,1001.82
1008.2,1004.12,1003.52
1007.1,1005.73,1003.83
1007.7,1004.35,1004.26
1006.6,1003.85,1002.81
1006.9,1004.76,1004.98
1006.3,1001.36,1001.74
1006.9,1004.04,1003.81
1005.2,999.55,1004.98
1005.7,1000.51,1003.53
1004.2,999.36,1004.36
1004.6,1001.83,1006.13
1003.3,1002.12,1004.3
1002.7,998.86,1003.17
1002.1,999.32,1003.22
1002.4,1002.18,1003.79
1000.1,998.49,1001.29
1000.2,1002.32,1002.0
999.4,999.89,1000.87
999.2,997.77,1000.6
998.2,997.48,999.65
997.8,998.54,997.27
996.1,997.69,999.61
994.8,995.51,995.06
994.9,998.83,993.08
994.1,998.47,994.18
993.8,995.52,994.13
993.6,995.04,992.5
993.4,999.59,995.89
993.0,995.75,995.08
992.7,996.58,991.11
992.6,994.58,990.3
992.3,997.5,991.82
991.7,997.94,989.73
992.1,995.31,988.42
990.9,994.87,985.58
990.8,997.57,988.11
990.1,994.16,981.02
990.3,997.24,983.33
989.4,993.63,982.13
989.2,997.1,986.84
988.4,996.07,986.22
988.6,992.6,979.91
988.1,992.15,982.03
988.4,995.93,984.12
988.0,992.39,985.3
988.2,996.05,985.97
988.5,993.11,986.04
988.7,995.71,989.08
989.1,993.38,987.14
989.0,995.35,987.29
989.9,992.79,988.14
990.0,994.75,981.28
991.2,992.37,987.07
991.1,995.41,985.11
991.7,993.6,988.1
991.9,994.23,983.28
992.1,994.41,991.23
992.4,994.62,984.02
992.5,994.67,991.95
992.6,994.35,983.63
992.7,994.6,993.17
992.8,994.62,986.0
992.6,995.08,996.98
993.0,995.34,986.9
993.4,996.31,992.09
993.0,995.45,997.31
993.1,996.19,999.95
993.7,995.87,992.48
993.1,995.78,998.07
993.9,996.78,996.01
993.6,994.69,996.24
994.7,995.45,992.75
993.8,992.17,992.9
994.9,994.4,992.53
995.2,994.37,990.33
994.1,992.34,993.38
994.9,996.14,997.46
994.0,992.81,994.15
995.1,996.6,996.78
994.2,992.64,994.03
994.2,992.94,992.9
994.8,995.13,997.05
994.5,995.37,996.7
993.7,994.19,994.7
994.3,994.47,994.14
993.4,994.03,994.0
993.5,994.57,994.96
992.6,994.86,995.03
991.6,994.31,994.12
992.4,992.29,996.68
991.5,996.25,998.16
990.9,994.56,994.02
991.2,995.52,999.29
990.4,995.43,994.56
990.6,994.81,996.7
989.7,994.49,993.7
989.2,993.34,994.15
989.8,996.9,998.98
989.5,991.71,995.9
988.5,994.2,1001.66
988.8,994.92,1001.96
989.9,993.14,994.15
988.8,994.86,996.75
988.0,995.03,996.57
987.8,993.95,993.86
988.4,994.31,990.93
988.4,993.79,988.82
987.8,993.03,990.19
987.5,993.0,987.19
988.3,992.6,988.05
987.3,992.27,988.05
986.7,992.08,985.82
987.0,993.22,988.09
986.2,990.35,984.22
987.3,993.34,989.44
986.5,989.0,982.28
987.0,993.31,988.75
985.9,989.69,980.63
986.2,991.56,993.68
987.2,992.86,990.91
985.6,989.99,990.52
987.1,992.44,991.55
985.6,989.39,990.71
987.0,993.42,993.79
986.6,992.84,988.75
985.0,989.51,985.03
986.1,992.67,993.51
984.2,988.8,991.24
985.8,992.36,993.37
985.1,989.32,993.39
985.8,992.33,992.84
983.9,988.9,994.33
985.1,992.64,995.8
983.6,989.14,991.66
984.8,993.43,993.87
983.8,989.95,994.51
982.3,990.66,996.97
983.6,994.38,998.27
983.3,993.07,994.32
982.6,990.76,995.6
984.6,994.25,996.05
983.2,990.78,991.35
987.1,993.01,990.91
986.3,990.13,984.21
989.1,992.68,991.9
988.6,988.88,984.5
991.5,995.52,993.38
990.9,990.94,983.88
994.0,995.34,990.39
993.3,993.59,986.48
996.3,995.98,992.19
995.3,992.84,990.07
997.3,995.32,989.0
998.0,996.3,992.71
999.3,997.62,994.59
998.5,995.89,990.84
1000.2,997.03,990.76
999.4,995.78,991.34
1000.7,997.28,991.5
1000.0,996.21,989.57
1001.9,998.55,992.69
1000.9,996.22,987.16
1002.9,999.36,994.2
1001.9,996.92,990.15
1003.1,995.78,993.08
1003.8,998.37,995.74
1003.9,997.76,992.84
1004.9,998.52,995.87
1005.3,997.74,994.15
1006.4,1000.72,997.51
1006.5,997.54,993.16
1007.7,1000.66,997.66
1008.2,1000.34,997.76
1007.1,998.31,994.73
1009.8,1000.64,996.54
1008.7,998.91,996.0
1010.5,1002.15,999.08
1009.6,1002.11,996.99
1011.6,1001.44,1001.33
1010.4,1002.44,999.94
1011.0,1002.14,1000.07
1009.8,1000.29,998.16
1011.5,1000.57,996.9
1010.2,999.52,1000.19
1011.2,1000.75,1002.39
1010.1,1000.25,1000.21
1010.6,999.77,1003.33
1009.5,999.49,1001.84
1011.1,1001.19,1005.25
1010.2,1000.4,1001.81
1011.0,998.99,1004.76
1009.9,997.45,1001.77
1010.1,995.52,999.83
1011.1,998.6,1003.93
1011.7,997.44,1004.69
1010.4,995.5,1002.37
1011.7,998.07,1008.02
1010.6,995.67,1001.27
1009.7,996.53,1002.44
1010.6,997.99,1009.2
1009.3,995.42,1000.05
1010.3,997.3,1003.92
1009.9,995.49,1004.1
1008.6,994.15,996.45
1009.3,996.04,1003.61
1008.0,995.67,1000.1
1007.7,995.64,997.56
1008.9,998.15,1003.6
1008.9,996.79,1001.82
1008.0,994.91,998.71
1007.6,995.84,1000.92
1008.9,996.74,1003.1
1008.6,997.44,1002.96
1007.3,996.52,1001.89
1008.9,996.79,1003.47
1007.6,996.0,1001.43
1008.9,996.92,1003.46
1007.8,995.43,999.41
1007.2,995.62,1001.63
1008.5,996.47,1001.39
1006.5,994.15,1000.52
1007.6,996.01,1004.17
1007.4,995.9,1000.3
1006.2,994.96,1002.36
1007.4,995.93,1004.54
1006.0,994.24,1001.04
1007.1,996.2,1005.34
1006.2,995.84,1004.41
1007.9,997.9,1006.73
1006.5,996.63,1004.84
1006.0,997.62,1006.88
1004.8,995.78,1004.49
1005.0,996.27,1000.2
1003.6,995.46,1002.87
1001.0,994.48,999.12
1002.2,995.83,1002.13
1002.5,994.18,999.31
1003.7,995.73,1003.41
1001.8,992.73,996.55
1003.3,994.53,1000.26
999.9,991.23,996.95
1001.5,993.48,999.1
999.5,991.71,997.41
1000.8,993.66,1000.61
1000.9,992.92,997.97
999.6,990.43,993.92
1000.3,992.97,999.31
999.3,990.68,993.87
999.7,993.94,999.35
998.4,990.87,995.06
998.7,993.19,998.19
997.8,992.32,996.39
998.3,993.12,996.51
997.1,992.69,997.28
998.3,994.89,998.96
997.0,992.34,995.02
998.7,995.53,998.85
997.9,990.88,997.87
998.8,994.44,998.56
997.7,993.81,998.07
999.2,994.33,997.81
998.4,992.67,997.93
1000.2,995.12,999.13
999.2,993.06,998.76
1001.9,994.69,997.53
1000.7,991.82,994.76
1001.9,993.6,993.51
1003.1,996.81,1000.24
1003.5,993.4,996.04
1004.7,996.08,997.54
1005.5,994.89,998.29
1006.7,996.94,998.25
1006.6,997.36,1000.58
1007.4,998.52,1001.39
1008.1,997.56,1000.38
1007.1,997.19,999.85
1008.0,995.71,1002.46
1009.0,998.11,1004.59
1008.4,996.81,1000.79
1009.3,998.88,1003.87
1009.5,997.5,1001.88
1008.5,996.13,1001.44
1008.7,997.34,1002.19
1010.2,999.71,1002.41
1009.2,997.03,999.85
1009.5,996.35,999.26
1010.4,997.49,1000.63
1009.6,996.17,1000.12
1010.6,997.93,1000.63
1010.9,996.81,1000.0
1010.1,996.29,1002.45
1010.4,996.37,1000.71
1011.1,996.55,996.38
1010.6,998.3,1001.89
1011.3,998.2,999.77
1011.0,996.44,999.36
1011.8,997.54,1002.02
1011.8,997.28,1005.76
1011.0,997.42,1000.45
1011.5,997.2,1004.67
1010.6,997.59,1001.33
1011.3,997.44,1004.67
1010.6,996.96,998.93
1010.9,996.85,998.81
1011.7,998.5,1005.5
1010.8,996.61,999.23
1011.8,998.85,1004.79
1010.5,998.3,1000.4
1011.4,998.82,1004.53
1010.4,997.6,997.55
1011.1,997.94,1001.38
1011.3,997.57,996.21
1010.7,997.98,998.51
1011.5,997.62,996.38
1010.8,997.2,996.15
1011.2,999.05,999.92
1010.4,997.36,997.69
1011.3,1000.86,1004.42
1010.6,997.74,999.51
1010.6,998.78,997.17
1011.1,1000.73,1002.85
1010.4,1000.24,1002.73
1011.0,1001.44,1002.23
1010.8,1001.92,999.51
1010.1,1000.25,1001.56
1010.1,1000.72,997.65
1009.3,1000.94,1000.28
1009.1,1001.54,997.13
1008.6,1001.66,1002.95
1007.9,1000.06,996.21
1007.6,1000.44,1001.79
1007.1,999.97,999.27
1006.6,999.52,1000.49
1006.5,998.91,996.13
1006.0,998.74,997.22
1006.0,999.74,998.26
1005.5,997.24,998.97
1005.7,997.65,997.83
1005.5,995.44,996.58
1005.2,997.34,999.73
1004.9,995.86,1001.55
1004.1,993.6,999.34
1004.3,996.69,998.78
1004.0,996.94,998.7
1003.8,994.73,1002.22
1003.6,996.03,996.38
1003.3,993.67,998.74
1003.1,994.03,998.29
1003.2,995.54,997.68
1003.0,995.9,1001.24
1002.8,993.03,994.11
1002.6,996.42,1002.85
1002.5,993.47,993.99
1001.9,995.88,1001.8
1001.4,992.29,991.48
1001.6,997.57,1003.23
1001.3,994.57,1000.1
1000.9,994.19,996.57
1001.4,998.48,1001.48
1000.5,994.66,996.2
1000.8,996.54,997.08
1000.6,995.91,998.92
1001.0,997.75,995.6
1000.6,995.61,997.45
1001.2,998.24,997.33
1000.8,996.22,995.6
1001.4,998.53,998.62
1001.5,999.61,998.13
1000.8,997.49,993.26
1001.9,1000.46,1000.67
1001.0,999.51,997.92
1001.8,1001.08,1000.55
1001.2,999.87,999.17
1000.8,1001.86,1001.0
1001.5,1000.73,999.39
1000.4,1001.3,1000.55
1001.3,1002.17,1002.51
1001.2,998.13,1000.96
1000.4,999.04,1002.19
1001.2,1000.07,1001.47
1000.4,999.48,1003.87
1000.5,998.73,1003.59
1001.2,1001.65,1001.64
1000.4,997.67,1001.33
1001.3,1000.48,1001.3
1001.6,1002.67,1000.34
1001.0,997.18,1000.25
1001.1,999.35,1000.99
1001.8,1001.95,1000.31
1001.6,998.4,1000.73
1002.2,1001.09,1001.52
1001.8,998.65,1002.62
1002.6,1000.45,1002.88
1001.4,997.91,1002.33
1002.2,1000.87,998.8
1001.4,996.66,1001.52
1002.0,1000.25,998.62
1001.1,998.53,1002.19
1001.6,1000.1,995.25
1001.1,998.53,1003.23
1001.6,1000.01,995.11
1000.8,999.76,1003.16
1001.8,997.82,994.67
1000.6,996.22,999.01
1001.2,997.74,995.03
1000.3,999.17,999.33
1001.0,997.57,994.7
1000.5,998.75,998.45
1001.0,998.53,994.05
1001.1,998.16,994.83
1000.5,998.16,998.58
1001.0,998.68,999.21
1000.4,997.87,998.83
1000.2,998.14,999.8
999.9,996.44,996.86
999.6,998.34,999.46
999.0,997.17,998.92
998.3,998.53,997.8
997.9,995.78,992.46
997.6,996.16,992.69
997.3,999.52,999.06
995.9,996.56,994.78
996.3,998.15,997.26
994.4,999.01,997.71
994.4,996.22,992.48
993.3,997.72,996.16
993.2,995.39,991.34
993.1,995.88,991.18
992.9,994.57,990.31
992.9,996.13,993.39
992.3,994.45,992.9
992.9,997.31,995.48
992.6,995.16,992.51
993.9,996.3,992.34
993.5,995.93,993.4
994.1,997.82,995.09
993.4,996.63,993.65
993.5,996.41,995.47
994.0,996.3,993.18
993.5,996.37,995.57
993.8,996.91,994.82
993.1,996.91,993.48
992.8,996.21,997.46
992.4,996.25,996.09
992.6,996.02,991.92
992.2,996.49,994.17
992.4,996.58,992.51
991.7,997.19,994.94
992.0,995.87,991.93
991.0,997.28,996.55
991.2,996.6,992.54
991.1,996.81,992.61
990.5,997.26,997.31
990.8,997.24,996.46
991.2,997.73,993.99
990.8,996.98,996.16
991.3,998.49,994.83
990.9,997.61,997.68
991.6,997.26,995.5
991.2,997.44,997.98
991.7,997.59,996.27
991.5,997.18,995.92
992.2,998.21,998.09
992.3,997.41,996.37
992.9,997.91,997.5
993.7,998.58,996.45
993.2,997.08,995.94
993.5,997.56,995.7
994.1,997.65,996.86
993.8,998.3,999.29
993.1,999.13,998.43
993.0,998.39,1000.93
994.0,998.8,1001.38
993.0,997.71,998.33
994.1,998.2,1001.56
993.6,998.4,1000.52
994.6,997.59,998.96
994.9,997.33,998.06
995.5,997.67,1000.77
995.5,996.83,996.11
996.5,997.37,1001.84
997.0,994.39,999.7
996.0,997.0,998.73
996.7,995.49,996.58
997.8,995.05,1000.29
997.4,994.82,996.69
998.4,993.71,1000.01
997.8,993.77,994.52
998.7,995.34,997.64
999.0,995.53,995.74
998.0,994.98,996.0
997.9,994.96,996.42
998.9,994.96,994.77
997.8,995.09,996.78
998.8,996.53,997.1
997.7,994.75,996.05
998.5,995.54,998.62
998.3,996.84,998.04
997.6,994.3,996.66
997.2,995.84,998.36
998.0,997.15,996.82
996.9,995.49,998.53
997.7,996.73,994.24
997.5,997.72,993.85
997.0,995.96,998.59
996.9,996.35,1000.26
997.5,998.75,993.15
997.3,997.44,999.61
998.2,997.43,999.84
996.9,997.99,998.52
997.6,998.66,997.24
996.8,998.35,997.35
997.3,998.79,999.22
996.8,997.89,996.93
996.5,998.08,1000.17
996.5,999.1,998.27
995.7,997.97,996.8
995.4,996.21,992.78
994.7,996.87,997.63
994.4,998.69,997.34
993.8,997.02,999.11
993.5,997.33,992.11
992.8,995.91,994.21
993.2,995.53,992.15
992.5,995.53,993.26
993.2,997.19,1000.38
992.2,995.4,991.67
992.9,995.56,998.56
994.4,994.15,999.61
995.6,996.96,1001.99
994.4,994.6,999.17
997.2,996.52,998.89
995.7,994.39,999.76
998.0,994.59,994.72
996.7,992.38,996.95
998.8,996.01,997.05
997.5,992.86,996.62
999.7,994.48,993.87
998.3,991.31,994.61
1000.6,995.66,996.71
999.5,992.1,994.44
1001.1,994.55,994.27
999.9,992.13,995.18
1000.5,992.65,990.8
1002.1,995.65,999.0
1001.0,991.94,990.12
1002.7,995.8,999.5
1001.6,992.94,993.73
1003.0,995.54,998.7
1002.2,995.6,999.26
1003.5,996.49,1000.76
1003.4,994.53,996.8
1004.7,997.52,1001.86
1006.1,998.06,1003.86
1005.1,996.07,998.46
1005.6,996.73,998.64
1006.6,997.57,998.78
1007.8,998.41,1000.65
1006.7,996.55,998.47
1007.2,997.04,997.95
1008.3,998.32,997.82
1009.0,1000.69,1003.8
1008.0,997.98,997.89
1008.4,999.07,998.57
1009.6,1001.63,1004.07
1008.7,998.77,998.23
1009.6,998.98,999.07
1008.1,998.63,999.37
1009.4,1000.19,1003.35
1009.4,999.35,1003.11
1008.1,998.45,1001.89
1009.4,1000.37,1002.65
1008.4,998.55,998.38
1008.4,997.43,1001.38
1009.5,999.9,1002.99
1009.5,999.75,1001.21
1008.5,997.11,1000.24
1009.7,1000.64,1004.88
1008.8,998.64,1001.14
1008.9,998.94,1002.09
1009.9,999.8,1000.33
1009.6,1000.75,1003.89
1008.4,999.01,1003.03
1008.5,999.44,1003.85
1009.4,1000.11,1000.07
1009.4,1000.45,999.58
1008.4,999.47,1000.56
1008.3,999.46,1000.68
1009.3,1000.65,1000.19
1008.1,998.94,999.31
1009.0,1000.95,999.64
1009.3,1000.54,998.26
1008.4,998.95,1004.04
1008.4,997.94,1000.86
1009.2,999.43,998.26
1007.4,996.94,999.92
1008.6,998.45,997.58
1008.5,998.44,997.76
1007.6,996.43,1001.92
1009.3,997.91,996.29
1008.2,996.92,1001.0
1009.7,997.01,996.0
1008.6,996.71,1001.7
1009.5,997.73,999.84
1008.7,998.34,1002.34
1009.6,997.43,998.48
1008.5,998.01,1001.48
1009.7,999.02,1000.97
1008.9,998.2,1000.74
1008.6,998.96,1002.43
1009.6,999.99,1002.24
1008.0,998.68,1001.85
1008.9,999.21,1002.02
1008.2,999.67,1003.89
1007.1,999.37,1002.68
1006.8,999.16,1001.22
1005.5,997.94,1002.49
1004.8,997.48,1002.79
1005.9,999.03,1001.72
1004.1,996.24,1004.27
1005.5,998.65,1001.71
1003.1,995.15,1000.34
1004.4,997.23,999.9
1002.4,994.37,998.48
1003.8,997.26,998.96
1001.7,994.66,998.89
1002.7,995.35,994.59
1002.3,996.08,992.86
1001.4,995.33,996.5
1000.7,996.26,996.79
1001.6,996.97,994.68
1001.1,996.97,994.38
1000.3,996.29,995.34
999.9,996.15,995.23
1000.7,997.73,996.65
999.1,996.54,996.06
999.7,997.53,997.07
998.5,998.41,993.42
998.1,995.88,996.97
997.8,997.47,991.69
997.5,997.17,992.39
997.1,997.84,991.91
996.7,997.36,993.96
996.0,997.12,993.27
996.6,997.51,992.32
995.6,997.68,993.09
995.2,998.16,997.38
994.5,997.07,994.69
994.9,997.95,993.92
994.0,997.72,997.31
994.0,997.1,993.22
993.3,996.47,993.69
993.1,996.83,993.84
992.5,997.03,996.06
992.4,995.98,992.65
992.5,995.33,991.34
992.9,996.34,994.52
991.4,994.56,989.45
991.8,995.68,992.29
990.6,993.36,983.47
991.0,995.87,987.58
989.8,992.47,983.31
990.2,994.4,985.68
988.5,994.18,986.62
988.2,992.23,984.87
987.2,993.81,987.66
986.9,989.99,982.25
986.6,990.48,983.85
987.0,992.56,988.37
985.9,990.0,982.75
986.5,993.31,992.28
984.9,987.82,977.72
985.1,992.8,992.63
985.1,988.32,978.79
985.3,993.23,990.17
984.6,988.14,978.67
985.0,992.83,988.89
984.7,992.43,987.69
984.6,986.8,976.49
983.6,988.94,979.38
983.8,993.28,991.32
983.4,987.18,977.68
982.8,987.29,978.25
982.9,993.16,990.71
984.6,994.23,991.02
984.6,986.96,978.66
982.3,988.45,981.54
982.5,993.3,993.23
982.2,993.32,991.12
982.0,988.88,985.45
982.1,994.37,995.29
982.1,987.77,992.6
984.5,990.46,986.05
984.7,995.25,990.19
986.8,996.78,994.63
986.7,989.51,980.78
988.1,997.23,992.09
988.1,991.53,987.79
989.6,996.9,990.14
989.4,991.29,989.61
990.4,996.08,985.3
990.5,992.13,989.74
991.3,992.49,987.83
991.8,998.37,993.09
993.0,992.83,988.06
993.5,998.62,993.87
994.4,998.92,992.16
993.8,994.91,991.93
995.0,1000.27,994.41
994.3,995.77,992.04
994.7,995.45,991.81
995.4,997.69,988.56
995.1,996.33,993.5
995.5,999.44,992.44
996.0,998.4,991.14
995.5,996.45,992.13
996.0,998.43,993.89
995.5,996.76,994.0
996.2,999.12,996.61
995.8,997.54,994.03
996.4,998.54,996.58
995.5,997.14,995.9
994.7,996.74,997.92
995.3,998.5,996.48
994.1,996.95,999.41
994.9,997.13,995.84
994.3,996.84,996.84
992.8,995.53,997.24
995.6,996.66,998.25
996.3,998.35,999.07
994.1,995.95,997.64
994.9,997.93,998.97
992.0,993.74,995.16
993.6,992.9,997.24
989.7,992.32,995.87
991.4,994.7,994.64
990.9,994.68,995.99
989.1,990.29,990.9
989.9,993.77,994.46
988.6,988.84,990.25
987.7,989.57,990.85
989.1,993.3,993.24
987.2,994.15,994.52
986.2,990.61,991.6
988.5,989.96,989.25
989.2,993.59,996.38
988.7,989.63,988.88
989.9,992.46,994.73
990.7,993.45,994.87
989.5,990.49,992.65
991.0,993.47,994.4
990.0,991.78,998.14
990.4,991.18,996.47
991.4,993.29,994.99
991.5,992.01,993.53
992.3,993.91,995.76
993.0,995.53,996.81
992.2,992.5,996.91
993.1,993.25,997.17
993.9,996.68,997.13
994.3,998.12,998.93
993.7,996.65,998.69
994.4,995.56,996.64
995.3,998.01,997.48
996.2,997.33,995.96
995.6,996.02,994.91
997.5,997.85,996.28
996.8,997.09,997.03
998.4,998.75,999.1
997.9,996.31,993.71
998.5,997.38,996.18
999.2,998.35,997.72
1000.0,998.64,997.22
999.3,995.06,994.21
1000.8,998.27,997.82
1000.1,997.09,997.47
1001.3,998.6,998.66
1000.5,996.56,995.34
1001.6,999.35,998.85
1000.7,997.93,996.21
1001.0,997.86,994.73
1001.6,1000.09,997.25
1001.4,999.18,997.45
1002.1,998.46,996.59
1001.4,997.69,995.76
1002.1,998.96,996.98
1002.1,999.28,1001.53
1001.3,999.36,997.63
1001.5,999.15,997.66
1002.1,999.82,1000.74
1002.2,999.72,999.0
1001.5,999.86,998.43
1001.5,1000.09,999.74
1002.2,998.92,998.33
1001.5,1000.25,999.58
1002.2,999.82,1000.08
1002.5,1000.28,1000.67
1002.0,999.06,999.26
1002.2,1000.15,1000.25
1001.8,998.95,998.85
1001.4,999.93,1000.2
1001.9,1001.81,1001.46
1000.9,1000.37,1000.17
1001.7,1001.19,1001.46
1001.0,998.83,999.06
1000.5,999.78,999.56
999.7,1000.41,1002.49
999.1,999.68,1000.49
998.3,999.55,999.62
997.7,1001.08,1002.42
996.5,1000.26,1000.83
997.2,1000.61,1002.68
996.4,999.78,999.77
996.0,999.94,999.45
996.1,998.41,996.62
996.2,998.13,999.37
996.8,999.83,1001.25
995.6,997.43,999.47
996.2,998.96,1000.32
996.0,999.57,1001.55
995.2,998.74,1000.68
996.2,998.06,1000.1
995.6,998.16,1000.28
995.7,997.02,998.92
996.0,998.07,1001.03
994.9,996.73,998.48
995.5,997.65,1000.5
995.2,997.61,999.45
994.6,997.37,999.96
994.8,997.4,997.88
994.1,997.29,999.36
993.8,996.91,998.58
994.3,997.78,1001.14
993.8,997.44,1000.34
993.2,996.96,999.37
992.9,996.14,997.89
993.3,997.53,999.52
992.4,997.3,999.1
993.2,997.97,998.63
992.6,996.87,998.38
993.3,998.17,998.07
992.9,997.77,1000.13
993.6,996.93,998.93
993.3,996.95,998.48
993.8,998.0,998.83
994.5,999.57,1001.87
993.8,998.09,1000.56
994.9,1000.06,1001.18
994.1,998.84,1001.48
994.9,999.23,999.44
994.0,999.38,1002.35
994.1,998.71,1000.26
994.7,998.87,997.68
993.8,999.47,998.96
994.4,1001.95,1002.59
994.2,1000.38,999.54
995.1,1000.97,1001.45
995.3,1001.55,1001.62
994.8,1000.7,999.79
995.7,999.47,999.44
994.8,1001.1,1000.86
995.2,1000.27,999.63
995.8,1000.53,999.39
996.3,1001.25,1000.89
995.8,999.39,1000.83
996.6,999.45,999.81
997.0,1001.51,1000.9
998.6,1000.54,999.06
997.7,999.91,1001.5
998.7,999.3,999.7
999.4,1000.45,999.11
1000.0,1001.07,1000.38
999.1,999.31,999.95
999.2,998.98,999.35
1000.1,1000.89,999.63
999.1,998.45,998.88
1000.0,999.74,998.61
999.4,998.86,999.79
1000.2,1000.37,999.45
1000.4,1000.01,998.31
999.6,998.19,998.72
1000.5,999.89,1000.67
999.5,997.93,998.16
1000.8,1000.23,999.97
999.7,998.21,997.98
1001.8,1001.07,999.91
1000.3,997.19,996.67
1002.1,1000.88,999.3
1001.0,997.18,997.91
1002.6,999.32,1001.27
1001.4,997.46,997.11
1003.3,1000.91,1003.27
1002.1,998.22,996.35
1002.6,998.25,997.44
1003.9,1000.37,1001.58
1003.8,1002.12,1002.45
1002.5,997.61,996.65
1002.6,998.15,995.27
1003.8,1000.15,1000.72
1003.0,1001.49,1000.23
1002.0,998.3,999.05
1001.0,1000.47,999.09
1002.1,1002.76,1001.33
1001.6,1000.65,1001.32
1000.6,997.86,999.88
1000.3,999.0,1001.43
1001.3,1001.89,1002.81
1000.2,998.84,1000.43
1001.3,1001.91,1001.76
1000.7,1001.16,1000.86
999.8,999.16,1000.41
1000.5,1000.33,1003.63
999.3,997.52,1004.13
999.3,995.72,1002.09
1000.3,998.1,1002.0
999.2,995.27,1001.02
1000.3,997.36,1002.22
999.8,997.36,1001.77
998.7,994.57,1000.48
1000.0,997.17,1000.2
998.7,994.13,998.3
999.8,997.24,998.44
998.7,995.48,1002.32
999.6,996.69,998.3
998.7,994.54,999.05
997.9,994.33,998.17
999.1,996.4,996.33
998.7,996.03,995.78
997.8,994.37,998.44
998.4,996.47,995.26
997.5,994.67,998.37
998.1,996.61,998.88
997.0,994.33,996.06
996.6,995.73,995.74
997.5,996.36,998.83
997.4,997.26,1000.54
996.5,995.63,998.02
997.5,996.69,999.19
996.5,995.35,996.46
996.3,996.14,1001.02
997.1,996.27,997.96
997.1,1000.05,1002.01
996.1,997.47,1003.5
996.4,1000.7,1003.51
995.7,1000.37,1004.46
995.7,1000.62,998.27
995.2,1001.39,1003.32
994.4,1001.29,1000.55
994.9,1002.07,998.12
993.4,1000.8,999.84
993.8,1002.06,996.52
992.9,998.99,998.89
993.4,1000.23,997.21
993.3,998.21,1001.5
993.8,999.99,999.02
993.0,998.82,1000.14
993.3,1001.51,1000.43
993.9,1003.11,999.06
993.4,1000.57,998.26
993.7,998.48,996.55
994.6,1002.68,999.06
995.5,1004.57,1002.16
994.6,999.45,1000.15
996.2,1004.76,1003.72
996.6,1003.42,1000.29
995.5,1000.91,1000.69
996.4,1001.65,999.78
997.3,1004.7,1004.06
997.5,1004.43,1001.85
996.5,1002.51,998.35
996.5,1001.74,998.38
997.6,1005.45,1004.12
997.7,1005.37,1004.08
996.5,1002.39,999.94
996.8,1001.43,999.13
997.9,1004.5,1002.97
996.9,1001.36,998.09
998.0,1004.9,1003.0
996.9,1002.3,1000.96
998.2,1003.48,1001.88
997.2,1001.83,1002.47
998.3,1004.65,1003.11
998.8,1003.9,1008.81
997.6,1001.0,1003.5
999.5,1003.87,1007.13
998.5,1001.45,1003.48
999.1,1003.05,1006.08
1000.1,1004.97,1005.27
999.7,1004.88,1004.26
1000.8,1006.22,1005.1
999.6,1004.98,1004.28
1000.6,1005.11,1002.23
999.3,1006.15,1005.19
1000.3,1007.92,1005.72
998.8,1006.07,1005.51
999.8,1007.9,1006.25
999.2,1005.95,1006.21
998.4,1005.77,1008.64
998.3,1005.0,1008.04
999.3,1005.01,1006.17
998.4,1004.41,1007.3
999.2,1004.04,1005.74
997.9,1002.77,1005.36
998.8,1003.36,1003.08
998.9,1003.24,1005.77
998.4,1001.79,1005.84
998.7,999.83,1004.51
999.2,1000.98,1001.9
998.2,999.19,1005.2
998.6,1002.04,1004.35
997.8,999.22,1004.07
998.2,1000.47,1001.63
997.9,1000.73,1002.06
997.4,999.34,1003.34
997.0,1002.08,1003.36
996.3,997.72,1002.6
995.7,998.71,1001.19
996.0,1002.58,1003.2
992.5,1001.74,1002.34
992.2,998.26,999.75
990.6,1001.02,998.77
990.1,996.74,996.17
990.2,1000.44,996.76
989.7,997.32,992.78
989.6,998.88,996.53
989.6,995.79,990.4
990.1,998.91,994.72
990.6,1000.14,996.23
990.2,996.45,986.48
990.9,998.35,989.59
990.4,996.88,985.92
991.1,999.22,991.29
990.8,996.2,988.73
991.3,996.84,986.86
991.6,999.89,993.35
991.5,996.56,985.5
992.2,999.92,993.74
992.1,997.92,988.75
991.7,995.69,986.65
992.4,997.0,987.89
992.0,996.75,985.72
993.0,996.53,990.79
992.6,995.41,986.36
993.4,996.21,988.47
992.9,995.28,991.54
993.4,994.96,988.35
994.0,995.73,987.98
994.6,996.05,988.13
995.1,996.95,991.07
995.8,996.43,989.67
996.3,995.96,985.75
996.6,995.53,989.08
996.1,996.18,993.26
996.8,996.49,993.55
997.3,995.3,988.74
996.9,996.44,993.58
997.4,996.69,991.18
998.0,996.58,994.15
997.4,996.7,995.42
997.7,995.69,993.9
998.2,996.77,994.93
997.6,996.27,995.49
998.3,994.68,993.65
997.4,995.96,998.3
998.0,997.28,996.76
997.2,997.63,997.11
996.7,996.09,996.88
996.7,996.77,999.12
997.1,997.62,996.46
996.9,995.99,997.37
997.3,996.22,996.15
997.4,996.75,996.58
997.0,995.86,994.97
997.0,995.84,996.03
997.4,996.63,995.82
997.2,996.27,996.1
997.5,997.7,996.22
997.3,996.61,996.24
997.7,997.63,995.05
997.7,995.12,992.93
998.0,998.4,998.51
997.5,996.15,994.69
997.9,997.3,995.93
997.2,996.59,993.72
997.8,997.22,993.69
997.2,997.67,995.03
997.0,996.47,992.72
996.2,993.39,988.05
995.9,993.56,989.76
996.8,998.4,993.91
996.3,994.4,992.77
996.8,996.69,994.36
996.8,994.2,989.63
997.4,995.79,995.35
997.8,995.28,991.84
999.2,996.61,995.26
998.1,992.77,991.99
999.3,996.61,992.89
998.7,992.67,992.77
1000.2,996.12,995.1
1000.6,996.09,995.27
999.3,992.07,992.14
1000.8,995.55,993.74
999.6,993.27,992.62
999.8,992.26,990.23
1001.1,996.9,996.8
999.5,993.56,993.0
1000.4,996.85,995.3
999.4,995.78,993.78
1000.1,996.55,996.17
999.1,995.22,995.8
999.8,996.45,995.46
999.3,996.34,994.77
998.7,993.99,993.42
999.5,996.18,994.56
998.7,993.88,992.07
999.4,996.37,994.81
998.3,994.67,993.67
1000.1,996.06,994.84
999.2,993.86,993.23
1000.3,996.47,996.38
999.5,993.62,990.38
1001.1,996.04,995.94
1000.1,994.79,992.52
1001.0,993.12,991.15
1002.1,995.64,998.1
1001.5,994.2,994.6
1002.6,996.58,999.22
1002.6,997.04,999.68
1001.6,995.03,997.04
1000.9,992.95,994.37
1002.1,996.28,998.58
1000.4,993.99,995.49
1001.5,995.87,997.88
999.5,993.63,993.79
1000.5,995.08,997.6
999.3,993.53,992.27
1000.5,995.66,995.06
999.0,993.69,996.11
999.8,995.38,996.3
1000.1,995.48,997.19
999.1,993.42,996.11
998.7,993.32,993.05
999.7,995.53,997.21
998.6,992.13,991.2
999.6,995.57,995.66
999.9,995.91,994.18
999.1,991.9,987.54
999.2,993.61,986.03
999.9,994.42,994.01
999.3,995.1,994.27
998.8,993.39,988.87
998.9,994.07,996.21
998.2,992.87,987.79
998.4,995.55,995.06
997.7,994.01,988.85
998.1,994.56,995.12
997.4,992.35,988.62
996.9,989.97,989.17
997.6,995.49,997.01
996.3,992.87,988.16
997.1,992.26,997.0
996.7,994.22,996.52
996.0,990.8,989.14
995.6,993.14,988.74
996.4,994.39,996.75
996.1,995.49,996.37
995.5,992.3,989.65
995.4,991.35,985.01
996.1,996.59,996.67
995.2,992.99,986.88
995.7,995.29,993.62
995.4,993.03,992.98
995.0,995.33,989.22
994.4,995.14,988.52
995.1,995.74,993.14
994.1,993.27,986.26
994.3,993.99,988.72
993.1,992.3,986.06
993.6,993.59,988.24
992.2,994.57,986.32
991.7,992.45,985.74
991.2,994.26,987.52
990.7,991.33,985.44
989.9,990.67,980.41
990.6,994.02,988.25
989.6,990.69,983.77
990.1,994.43,991.52
989.4,991.23,986.63
990.0,992.42,992.12
989.4,992.83,987.93
989.9,993.76,992.31
990.0,993.45,993.86
989.5,993.19,989.07
989.5,993.99,991.25
990.1,994.35,995.05
989.5,994.1,993.03
990.0,994.0,997.99
989.4,994.92,993.28
989.9,994.92,998.96
989.4,994.76,992.5
990.1,995.8,999.51
989.3,995.65,995.35
989.9,995.71,999.93
989.6,995.91,996.8
990.0,995.04,998.31
989.3,995.81,998.74
989.8,996.07,999.6
989.0,996.8,999.1
989.5,995.06,997.08
989.1,996.65,998.91
989.5,995.87,997.27
989.3,996.53,998.61
989.9,995.05,994.75
990.1,995.28,997.6
989.5,997.21,998.46
990.3,995.45,996.76
989.8,996.61,998.66
990.6,997.16,999.96
990.0,996.46,997.93
990.1,996.26,998.09
990.9,996.46,997.49
991.1,998.83,999.19
990.4,996.41,998.23
990.4,998.22,998.42
991.1,995.52,994.14
990.0,997.48,998.1
990.9,999.01,994.79
989.5,997.56,996.0
990.4,998.33,995.11
989.1,995.89,995.25
990.7,996.73,995.17
989.4,996.09,995.5
990.8,996.91,994.51
990.0,996.28,995.51
991.3,996.66,995.63
990.8,995.88,994.38
991.9,997.75,997.0
992.8,997.42,995.98
991.7,995.63,993.38
991.8,994.88,993.67
993.2,997.39,997.17
993.1,997.44,996.3
992.2,995.08,992.82
992.9,995.74,994.89
994.0,996.93,996.87
992.4,995.83,992.99
993.3,996.76,997.04
993.5,997.28,996.49
992.6,996.4,992.94
992.0,995.65,993.52
993.4,996.73,997.38
992.9,997.46,996.31
991.5,993.72,993.32
992.6,997.42,995.7
991.2,994.29,995.14
991.2,993.33,993.94
992.6,995.4,993.13
990.8,992.1,990.59
992.3,995.45,993.56
990.4,990.54,986.3
992.3,995.24,993.06
990.0,989.39,987.52
992.1,993.85,991.71
990.1,989.43,990.46
992.2,993.83,992.66
991.8,993.9,993.52
989.4,989.38,992.18
991.1,994.89,994.95
989.2,990.16,995.7
990.9,994.5,994.76
987.9,989.4,992.7
989.5,994.37,994.84
986.8,988.91,991.69
988.7,995.14,995.01
984.9,988.79,990.28
986.6,994.4,993.8
984.9,988.63,989.38
986.8,993.54,991.07
984.1,987.67,986.42
985.7,993.12,991.97
984.9,993.36,992.55
983.0,987.19,982.42
982.6,987.8,984.17
984.3,991.5,991.39
982.7,988.46,985.09
984.3,993.7,991.66
983.6,993.16,990.89
982.2,988.36,984.05
983.2,992.02,989.8
981.5,988.54,982.58
982.9,992.0,988.67
981.1,987.63,983.73
980.8,987.51,981.98
982.2,991.9,988.91
982.1,991.63,986.71
980.6,988.09,982.98
982.1,991.25,985.4
980.2,988.38,980.18
980.3,987.63,983.16
981.9,991.21,987.57
981.8,991.7,989.0
980.4,989.16,986.23
980.4,989.03,984.95
981.7,990.07,986.34
980.2,987.76,983.31
982.1,990.81,987.26
981.3,989.02,986.11
982.5,990.88,985.39
981.8,988.55,985.21
983.0,989.61,986.33
983.2,989.0,989.46
984.1,990.54,987.2
983.9,989.87,989.0
984.9,992.4,989.92
985.1,992.01,991.35
985.8,993.66,993.32
986.6,993.65,990.34
985.7,992.09,992.5
987.3,994.29,990.84
986.8,992.51,992.7
988.2,994.14,992.73
987.4,992.91,990.96
988.9,994.41,991.89
988.2,994.12,993.24
989.5,993.6,992.55
988.8,992.47,990.25
990.2,994.39,993.24
989.5,993.81,991.44
990.9,994.99,993.21
990.3,992.55,990.26
991.6,993.07,993.04
991.0,992.49,988.97
991.9,991.84,988.75
992.6,993.69,993.28
993.0,993.9,991.22
992.4,992.72,989.54
993.5,993.65,991.58
992.9,993.35,987.76
993.4,993.4,986.46
994.1,991.34,993.2
993.7,992.67,986.3
994.2,993.76,993.13
994.6,993.9,993.48
994.0,993.32,988.09
995.3,994.32,994.69
994.5,993.76,991.56
995.5,995.18,997.78
994.8,994.7,992.04
995.3,994.86,992.71
996.1,995.8,1000.6
995.5,995.08,992.27
996.3,996.47,998.42
996.8,996.51,998.04
996.0,995.38,993.15
997.3,997.03,998.1
996.6,995.34,994.21
998.0,997.97,999.42
997.2,995.28,993.2
998.7,997.74,999.16
998.0,995.68,995.77
999.3,998.64,1000.44
998.5,997.31,1000.33
999.6,999.95,1001.78
998.9,997.06,997.54
999.8,998.1,997.3
999.2,998.47,997.87
999.0,997.84,996.12
999.7,999.16,999.7
999.2,998.71,997.76
998.6,998.66,1000.05
998.4,998.76,1000.37
999.2,999.52,997.09
998.1,997.37,995.9
998.6,997.45,994.82
997.7,997.34,996.31
998.4,998.03,997.6
998.1,998.24,998.39
997.5,996.46,994.78
997.4,997.63,997.35
998.1,997.0,995.21
998.5,993.62,995.11
997.7,998.3,997.53
998.5,993.63,996.66
997.8,997.17,1000.59
998.8,993.95,996.18
998.0,993.11,995.91
999.0,994.26,996.1
998.4,997.35,996.31
998.4,996.76,995.72
999.1,994.31,997.9
998.5,996.48,995.45
999.2,994.55,995.26
999.3,994.97,995.21
998.7,995.73,995.65
998.5,996.37,996.59
999.2,996.27,997.27
999.0,997.91,998.06
998.3,996.95,996.58
999.2,996.54,997.14
998.6,996.25,996.11
999.1,996.55,994.69
998.5,995.76,995.82
998.6,997.04,997.62
998.3,996.7,996.69
998.6,996.06,996.05
998.3,996.78,996.82
998.5,996.74,998.25
998.2,996.69,994.16
997.9,994.54,989.53
998.4,996.37,996.03
997.8,994.88,989.56
998.2,996.82,996.8
997.6,996.62,998.15
997.3,993.25,989.11
997.1,994.13,995.02
996.4,993.2,990.62
995.4,992.3,990.28
996.2,996.83,996.52
994.7,992.32,990.85
995.3,994.25,993.31
993.8,991.1,989.82
994.6,994.6,993.63
993.8,991.31,989.18
994.2,992.62,991.17
994.1,993.43,992.66
994.6,993.65,994.02
993.9,993.11,992.5
994.5,995.57,994.44
994.1,993.93,993.54
994.8,995.24,996.15
994.4,995.74,995.19
995.4,998.1,994.91
994.7,995.93,995.39
995.7,996.96,996.75
995.4,996.53,996.56
994.3,996.27,996.0
994.6,996.53,996.18
995.4,997.26,999.08
995.4,997.36,998.99
994.4,996.69,996.33
994.0,996.37,994.35
995.1,995.92,997.23
993.4,996.77,998.98
994.2,998.03,999.64
992.4,996.79,997.17
993.3,999.12,996.68
993.5,997.66,997.63
994.1,997.39,994.92
993.8,993.21,994.19
994.4,996.52,995.9
992.7,992.67,991.43
993.1,994.74,992.74
993.2,993.24,991.65
994.7,995.81,995.46
993.7,994.0,994.18
994.1,995.12,994.73
992.9,994.38,995.22
992.6,993.85,992.97
991.5,994.71,997.65
991.7,993.71,989.78
990.5,993.77,995.03
989.9,993.65,988.98
988.7,993.67,993.84
989.9,995.79,994.1
988.5,995.5,996.67
989.2,994.66,991.18
988.0,994.02,993.23
987.7,993.23,993.04
988.6,995.82,995.62
987.7,994.09,994.61
988.7,995.54,995.55
987.5,993.61,990.97
986.5,991.76,992.96
986.2,991.37,991.32
987.4,994.27,992.49
985.9,992.68,992.53
987.2,993.6,990.01
985.0,990.98,988.11
986.2,993.52,989.52
984.2,992.38,990.92
985.4,992.64,988.64
983.9,993.72,989.13
982.7,992.22,990.64
982.3,993.08,988.47
980.8,992.0,991.0
981.0,993.43,988.41
979.6,991.53,991.62
979.8,992.85,987.68
978.9,989.73,985.52
979.1,991.33,982.54
978.0,990.51,985.98
977.9,991.51,984.12
978.2,992.32,984.54
977.5,990.09,988.74
977.7,989.21,985.63
978.4,991.89,984.81
977.1,990.11,987.52
978.4,992.03,985.5
977.6,990.95,990.99
978.5,992.35,987.23
977.5,992.0,988.53
978.5,992.3,987.63
977.2,992.33,990.01
978.0,992.58,987.88
977.7,993.85,990.52
976.9,991.57,988.74
976.7,991.58,988.54
977.4,994.25,989.1
977.0,993.56,988.55
976.0,993.0,991.59
976.2,993.92,990.32
975.3,994.07,993.9
975.1,992.45,991.07
975.9,993.18,990.02
975.6,989.38,990.35
975.1,993.03,992.68
975.8,991.5,990.11
975.7,991.33,989.39
976.2,991.54,987.53
976.7,992.57,987.77
976.8,992.05,982.87
977.4,993.47,988.13
977.4,992.07,987.27
977.9,993.38,990.21
977.7,989.27,987.09
978.1,992.64,990.86
977.8,989.69,985.58
978.4,992.51,990.94
978.3,989.86,990.27
978.8,991.75,989.68
979.0,990.16,990.76
979.2,993.11,990.7
979.3,993.31,993.29
979.3,989.93,992.33
979.8,993.17,992.19
979.6,989.51,991.46
979.9,988.88,991.86
980.4,993.6,990.71
980.3,990.12,993.19
980.7,993.71,991.54
981.0,991.54,995.79
981.6,993.62,989.74
982.3,993.39,986.5
981.8,990.83,992.18
982.8,993.61,989.26
982.4,992.6,993.95
983.5,994.11,989.7
982.9,991.94,993.19
983.8,994.15,989.25
983.1,991.9,987.52
984.3,994.47,991.56
983.6,992.69,993.83
984.2,995.27,991.83
983.8,993.28,985.85
984.6,994.53,991.82
984.0,992.84,988.87
983.9,992.98,991.33
984.6,993.88,989.78
983.9,992.87,992.14
984.5,994.5,990.86
984.0,993.1,993.6
984.4,995.51,991.87
984.2,993.14,992.51
984.7,995.15,991.17
984.5,993.14,992.01
985.3,994.04,990.08
985.2,993.15,992.89
986.0,995.61,988.45
986.4,994.93,990.02
985.5,992.79,993.22
985.9,992.52,993.14
986.9,994.31,986.82
987.1,995.47,987.67
986.3,992.2,986.29
986.4,991.78,988.03
987.2,993.74,990.33
987.0,995.21,991.61
986.2,992.64,990.27
987.0,994.34,991.33
986.3,993.92,993.9
987.0,994.4,990.14
986.4,991.84,988.21
986.8,993.75,991.14
986.1,993.52,992.38
986.3,993.91,992.89
985.7,992.21,990.88
986.3,993.51,990.59
985.8,994.15,994.58
986.1,993.94,992.89
985.4,993.08,993.82
986.3,994.26,993.14
985.6,993.18,993.35
986.0,992.23,992.18
986.6,994.54,993.9
986.6,994.47,995.62
986.0,992.6,993.67
985.7,993.58,995.04
986.3,994.88,997.24
986.0,994.87,995.52
985.5,997.18,999.43
985.5,996.33,996.41
984.9,996.59,995.81
984.9,996.2,996.22
984.2,993.95,991.83
984.0,995.13,994.87
983.6,992.25,991.08
983.2,993.02,990.28
982.8,991.31,992.51
982.7,994.16,993.02
982.1,991.43,990.93
982.5,994.4,991.59
982.9,996.92,995.06
982.2,995.75,995.77
982.9,997.63,996.79
983.2,992.03,991.87
983.5,997.26,998.11
984.0,997.26,993.94
983.7,994.12,994.16
984.0,997.43,995.63
983.4,993.78,991.91
984.3,996.31,995.4
983.9,992.98,992.59
983.8,994.07,992.54
984.4,997.55,997.37
983.9,995.45,994.49
984.5,997.25,995.51
984.3,997.16,994.59
983.6,994.36,990.56
983.4,994.43,992.45
984.1,998.22,998.76
984.2,996.78,994.29
983.6,994.95,993.13
984.4,999.18,998.5
983.3,996.03,991.87
983.8,996.66,993.3
984.6,999.19,997.05
984.1,997.2,995.96
985.1,998.92,999.19
985.7,998.66,998.8
984.7,995.73,995.43
986.3,999.46,1000.34
985.2,996.3,993.67
987.0,998.05,998.73
986.3,996.02,995.68
987.9,998.23,996.0
987.2,995.74,994.29
988.0,996.85,995.7
989.2,998.12,996.91
989.8,998.72,997.16
988.9,998.04,996.96
990.8,999.98,995.82
989.7,997.98,994.53
991.3,1001.06,997.55
990.6,998.21,995.43
991.3,998.32,994.94
992.1,1000.85,998.08
992.6,1000.46,998.04
991.7,999.58,996.99
993.1,1000.77,998.16
992.4,999.83,997.71
992.9,998.57,997.75
993.7,1001.22,998.72
993.4,999.11,998.37
994.2,1000.72,999.4
994.0,999.14,999.28
994.9,1000.32,999.78
994.5,998.75,998.17
995.5,1001.75,1002.21
994.9,998.52,997.07
995.8,1001.19,1000.91
996.1,999.76,998.51
995.1,998.91,997.89
996.2,1000.64,999.41
995.3,999.83,998.92
996.5,1001.24,1000.07
995.4,1000.29,997.58
996.1,1002.02,1000.98
995.2,1000.69,998.95
996.5,1000.42,998.66
995.7,1000.54,998.44
995.7,1000.31,1000.04
996.5,1001.67,1000.44
996.9,1001.24,999.12
995.9,999.32,999.25
997.5,1001.2,999.1
996.5,999.88,1000.17
997.2,1000.4,998.51
998.4,1000.96,999.12
999.2,1001.85,999.98
997.9,999.93,1000.31
1000.4,1003.05,1000.81
999.1,1002.15,1000.36
999.8,1001.83,1001.34
1000.9,1005.41,1003.43
1000.4,1002.47,1001.99
1001.7,1003.18,1002.19
1000.6,1000.54,999.48
1001.8,1003.05,1002.65
1001.7,1002.83,1001.29
1000.7,1001.3,1001.04
1000.5,1001.45,1003.47
1001.6,1003.53,1000.57
1001.4,1003.32,1002.62
1000.3,1001.97,1002.2
1000.2,1001.34,1003.59
1001.3,1002.54,1001.13
1000.0,1001.8,1002.73
1000.9,1001.76,1000.59
999.7,1001.32,1001.83
1000.8,1002.0,1000.73
1000.9,1001.67,1000.41
1000.0,1001.3,1000.65
999.9,1000.72,1001.22
1000.9,1000.68,999.41
1000.1,1000.74,1002.21
1001.2,1000.45,999.33
1000.3,999.79,1001.6
1001.0,1001.15,1000.4
1000.3,1000.31,1001.39
1000.9,999.9,998.81
1000.2,1000.1,1001.63
1001.0,999.76,999.29
1001.1,1000.62,999.63
1000.4,999.88,1001.26
1000.5,999.28,1001.63
1001.3,1000.12,998.2
1001.6,1000.17,999.52
1000.5,999.38,1001.65
1000.6,999.86,1000.74
1001.6,1003.15,1000.5
1001.6,1003.75,1000.93
1000.5,1003.12,1001.19
1002.1,1003.87,1000.2
1000.9,1002.58,1000.55
1002.7,1002.0,1000.24
1001.5,1001.7,1000.83
1002.4,999.06,995.78
1003.5,1000.2,997.13
1004.6,1002.48,1001.29
1003.4,1000.74,999.1
1005.2,1003.33,1003.39
1004.0,1000.92,1000.14
1004.6,999.95,1001.07
1005.7,1002.28,1002.15
1006.3,1003.82,1003.4
1005.2,1000.03,1003.37
1005.2,1001.38,1003.66
1006.2,1003.45,1001.9
1004.8,1000.8,1003.59
1005.7,1002.86,1001.96
1005.3,1002.96,1001.69
1004.4,1001.54,1003.37
1004.2,1000.6,1003.35
1005.1,1003.24,1001.62
1003.9,1003.15,1002.83
1004.8,1002.41,1001.76
1004.5,1002.33,999.37
1003.3,1001.62,1001.22
1004.4,1001.93,1000.24
1004.5,1001.14,999.98
1003.4,999.99,1001.32
1004.0,1000.75,1002.41
1005.0,1001.0,1000.27
1003.9,999.17,1000.82
1005.0,1000.78,999.75
1005.0,1000.04,998.99
1004.0,999.24,1000.25
1004.8,999.07,998.75
1003.8,998.37,999.48
1004.5,1000.22,999.2
1003.6,998.63,998.91
1003.6,998.72,999.13
1004.7,999.81,997.71
1003.1,999.38,998.97
1004.1,1000.56,998.4
1003.5,1000.43,997.79
1002.5,998.35,999.34
1003.4,997.48,997.92
1002.4,997.34,998.24
1003.3,997.54,998.74
1002.0,997.11,999.96
1001.7,996.86,1001.9
1003.1,996.77,997.02
1001.9,996.59,999.77
1003.1,998.06,999.06
1001.6,997.78,996.1
1002.7,997.79,998.01
1002.1,998.41,998.3
1001.3,997.49,998.5
999.9,996.49,996.41
1001.0,997.58,995.18
999.5,999.45,994.77
1000.3,999.17,996.39
999.5,999.29,998.44
998.7,999.22,995.33
997.9,998.58,997.65
998.6,999.96,1001.0
996.6,998.42,996.52
995.8,997.58,996.02
994.5,996.86,989.66
995.5,996.86,992.63
993.9,996.41,991.5
993.1,995.85,991.41
992.5,996.75,991.96
993.6,997.47,995.01
991.5,995.06,988.76
992.2,996.94,993.71
991.8,997.7,994.7
990.9,994.89,986.68
990.7,996.23,990.64
989.8,994.49,985.2
988.4,993.94,984.53
989.6,996.5,992.55
988.0,995.66,987.0
989.1,996.85,991.28
987.4,996.39,988.4
988.2,997.2,992.83
986.0,996.09,988.97
986.5,996.77,992.89
984.4,996.19,990.76
985.1,996.22,990.5
982.1,994.61,988.88
982.8,996.16,992.56
981.3,996.18,991.64
980.7,994.45,988.09
979.9,992.8,987.45
980.5,995.35,990.81
980.0,994.79,987.85
979.2,993.05,985.98
978.8,993.8,986.6
979.6,993.57,987.52
977.8,993.13,988.08
978.2,993.71,990.34
977.0,992.07,987.35
977.6,992.19,987.18
977.2,990.29,983.37
976.7,990.31,977.85
977.4,992.45,986.55
977.3,992.74,982.72
976.4,989.64,983.09
975.3,991.42,983.93
974.9,990.52,985.61
973.4,990.49,987.27
974.0,992.06,981.24
971.6,990.35,987.41
972.2,992.41,988.73
971.4,990.7,991.54
970.9,988.81,984.65
970.0,990.69,984.83
970.5,991.07,986.22
970.6,990.48,986.13
971.1,990.96,989.07
971.5,992.74,987.04
970.9,990.48,986.5
969.7,991.5,988.16
970.3,991.53,986.82
968.9,991.55,989.52
969.4,992.11,988.93
966.0,992.57,987.94
967.2,992.06,989.83
964.7,991.83,989.22
966.0,992.75,989.06
965.3,990.24,984.8
965.7,989.57,991.71
965.6,992.72,991.03
965.2,990.51,984.76
964.8,992.14,988.28
965.3,992.5,987.25
964.7,992.23,987.7
965.3,992.02,984.23
966.9,993.47,984.41
965.6,992.27,983.9
967.5,991.97,981.47
968.2,995.19,981.88
969.1,991.88,988.48
969.7,993.81,981.73
970.8,993.46,985.31
970.4,992.61,986.29
972.5,995.23,986.33
971.9,992.44,983.25
974.0,994.6,985.61
973.4,993.51,986.38
975.2,995.86,989.75
974.5,993.77,988.21
976.3,994.68,984.36
975.6,993.99,986.6
977.4,995.32,986.13
976.7,996.55,985.79
977.2,995.22,984.79
978.1,996.81,987.76
978.6,996.36,985.95
977.8,996.07,983.82
978.5,996.27,984.69
979.3,997.68,988.09
979.9,997.71,988.67
979.2,996.45,985.3
980.9,997.04,989.3
980.2,995.73,985.86
982.0,996.66,989.46
981.1,995.33,984.07
982.4,995.07,989.6
983.2,995.85,990.91
983.3,994.83,990.57
984.0,995.87,992.78
984.2,995.58,995.69
984.9,995.77,995.3
984.6,994.24,994.01
985.3,996.13,996.9
985.0,994.8,995.6
985.9,995.97,998.4
986.2,995.19,997.04
985.4,994.01,996.01
986.7,995.58,994.89
985.9,993.97,996.17
987.6,995.42,994.3
986.7,993.65,993.08
988.3,995.74,995.3
987.4,995.12,997.31
989.0,996.25,996.41
988.2,994.43,994.65
989.2,995.35,996.18
990.1,997.72,997.65
991.1,998.25,998.48
990.4,996.73,995.94
991.4,996.27,995.79
992.4,996.77,995.49
992.7,996.48,997.47
993.5,997.52,998.97
993.8,997.55,999.39
994.6,998.48,1000.76
995.7,999.04,998.43
994.9,997.61,996.01
996.4,999.57,1000.01
995.6,998.14,997.68
997.1,999.65,1000.73
996.3,997.24,998.82
997.7,1000.95,1001.09
996.8,999.27,1001.08
996.9,999.36,1002.21
997.9,1001.26,1003.01
998.1,1001.09,1002.77
997.3,999.84,1002.34
998.3,1000.36,1002.39
997.6,999.52,1002.37
998.5,999.43,1001.54
997.7,998.64,1000.73
997.8,998.49,1000.05
998.5,998.46,1001.06
997.9,998.33,1001.26
998.9,997.85,1000.81
998.2,997.67,1001.08
998.9,997.8,1000.47
998.4,996.88,1000.52
999.1,996.71,1000.1
998.4,995.09,995.98
999.2,997.61,999.6
998.5,994.71,994.79
999.3,995.12,992.51
998.5,995.42,997.47
999.1,996.21,996.05
998.6,996.99,995.95
997.9,996.59,998.16
998.6,997.03,996.14
997.9,996.24,997.94
997.6,995.21,996.76
998.3,996.59,996.46
997.0,996.57,999.34
997.7,996.73,997.74
997.2,996.45,998.99
997.6,998.05,1000.03
997.3,996.95,999.81
996.7,995.62,997.83
996.7,995.77,996.71
997.4,997.01,998.45
995.9,995.78,997.3
996.6,997.13,999.46
995.5,995.22,993.52
996.0,998.47,1000.07
994.3,997.26,995.69
994.8,998.46,999.72
992.8,995.5,990.67
993.2,998.11,997.28
992.4,998.11,996.83
991.5,996.13,992.67
990.7,996.35,992.59
991.5,997.65,999.09
990.0,993.82,990.75
990.8,995.92,996.32
989.4,993.94,993.16
990.1,995.85,995.41
988.7,994.18,992.47
990.0,994.82,993.68
988.7,994.28,991.6
990.7,994.1,994.65
991.6,993.06,992.63
990.5,992.1,991.99
991.1,991.91,990.78
992.3,993.48,992.25
993.2,993.51,993.12
992.4,991.59,989.99
993.2,992.78,992.27
994.1,993.96,994.73
993.2,993.39,993.01
994.2,994.85,995.33
994.5,993.44,993.38
993.5,993.25,993.09
994.5,993.02,993.08
993.7,993.19,991.69
994.3,994.37,994.41
993.5,993.11,992.64
994.3,993.66,993.04
993.8,992.77,992.88
993.6,992.83,991.91
994.3,993.68,995.35
993.7,993.25,993.86
994.4,993.81,994.34
994.6,994.47,994.62
993.9,993.64,994.16
995.0,993.74,991.7
994.3,993.97,996.55
995.3,994.61,994.09
994.5,993.01,995.55
995.3,994.39,994.0
996.1,995.85,996.9
995.8,991.64,996.22
996.5,996.41,999.1
997.4,995.45,999.3
996.3,994.92,996.91
996.8,992.7,996.07
997.9,994.55,997.11
997.2,994.05,997.31
998.1,995.23,998.24
997.9,993.62,995.47
997.0,993.4,997.04
996.5,993.9,997.8
997.4,994.66,996.46
995.7,994.83,996.51
996.6,995.79,997.4
995.3,994.34,999.9
996.4,995.08,998.52
995.3,994.03,998.52
996.2,995.91,1003.69
996.2,994.97,997.41
995.1,993.65,994.92
994.6,993.94,996.93
995.6,995.25,999.75
995.5,995.0,998.08
994.6,992.62,996.82
995.7,995.13,995.15
994.8,993.56,994.36
995.2,994.86,995.21
994.2,993.9,991.88
993.9,989.94,989.46
994.5,995.62,997.53
994.3,994.07,992.31
993.3,989.35,986.6
992.7,992.32,988.92
993.4,992.98,991.6
992.2,992.95,988.53
991.7,992.04,985.78
990.9,992.09,988.54
991.7,992.96,989.3
990.4,992.04,987.95
991.1,992.15,988.06
989.0,992.15,989.12
989.9,991.74,986.08
988.7,991.32,990.3
989.2,992.65,988.49
988.7,993.95,990.13
988.4,992.76,987.74
988.3,993.66,991.76
988.0,993.1,983.71
987.9,993.37,990.57
987.4,992.11,985.69
987.4,994.15,991.19
987.0,991.91,987.97
987.7,994.86,988.93
987.1,991.5,988.5
988.4,996.99,992.47
987.6,994.92,991.95
988.9,996.45,994.25
988.3,992.58,988.85
989.3,996.66,993.7
988.7,993.19,990.12
988.8,992.87,989.57
989.4,995.97,992.07
989.7,996.31,993.56
989.1,992.84,989.66
989.4,997.26,994.78
988.8,993.62,990.76
989.7,997.22,993.4
989.1,995.03,993.58
989.5,994.39,992.22
990.2,995.97,994.52
990.7,994.99,993.92
989.9,995.75,994.56
990.5,995.14,993.34
991.2,995.74,994.87
990.1,996.14,994.38
991.0,994.88,993.87
990.4,995.1,992.94
991.1,996.22,995.84
990.4,995.13,993.04
989.6,994.63,993.04
990.6,992.51,996.11
990.2,993.95,994.88
989.2,994.0,990.97
989.0,993.22,990.35
989.8,995.4,996.83
989.8,995.3,997.71
988.9,994.1,989.21
989.6,995.02,994.11
988.7,993.3,989.44
989.0,993.81,993.68
988.0,993.5,986.62
988.2,993.15,985.2
989.1,994.51,992.29
988.5,993.06,986.31
989.3,993.91,991.05
987.7,993.6,988.93
987.0,993.14,987.8
988.0,994.56,991.49
987.6,994.16,991.72
986.4,992.42,992.57
986.9,993.45,992.76
985.8,993.83,991.86
986.5,995.48,996.89
985.4,992.98,993.52
985.5,994.12,994.92
984.1,993.49,994.49
984.4,993.4,994.25
983.2,993.59,994.02
983.5,996.08,996.86
982.2,994.17,994.35
981.6,992.99,994.79
982.9,995.64,997.14
982.9,996.62,997.12
981.9,993.58,995.14
981.7,995.65,995.88
981.0,994.5,994.45
980.9,995.71,996.6
980.5,993.64,996.13
981.2,993.69,992.32
980.5,993.42,993.96
980.5,992.15,989.42
981.0,993.39,989.23
979.5,990.46,979.88
980.2,992.77,986.68
978.9,992.13,985.09
978.2,991.67,982.76
979.9,991.77,982.58
979.5,989.71,979.85
978.0,991.62,982.36
977.5,990.3,978.78
976.6,988.48,978.28
977.1,992.28,982.1
976.7,988.61,978.75
977.0,991.7,979.45
978.3,991.34,982.71
977.6,992.27,983.54
977.5,991.03,980.75
977.1,990.84,982.89
978.4,990.87,987.82
978.9,992.54,984.58
979.3,992.36,990.48
979.8,992.85,986.81
978.6,991.69,991.35
979.2,993.21,989.37
979.3,991.2,989.38
979.5,994.25,992.31
978.9,991.92,987.09
979.5,994.96,991.41
978.1,991.79,985.35
978.7,997.32,989.88
977.7,994.84,990.86
978.1,994.85,988.84
977.7,995.32,988.67
977.3,993.16,985.92
977.1,991.15,981.29
977.5,995.7,990.22
977.8,995.26,987.7
977.3,991.63,984.49
978.3,989.93,988.78
978.7,995.46,990.8
979.2,995.34,991.47
979.0,992.01,991.06
979.8,994.01,993.86
979.9,995.83,993.88
980.1,992.13,994.4
980.4,996.93,995.25
980.3,992.07,990.67
980.7,996.57,993.26
980.5,995.64,989.62
980.1,993.24,990.35
979.9,994.04,994.76
980.2,996.73,993.85
979.8,992.96,994.08
980.0,995.8,990.25
979.4,993.75,995.05
979.5,996.62,992.81
979.1,991.85,990.54
979.4,997.41,995.2
978.8,992.71,991.71
979.1,996.37,995.11
978.4,993.4,996.27
978.7,996.65,995.69
978.5,996.18,992.34
978.3,993.06,989.56
978.2,993.97,995.98
978.8,996.94,994.07
978.0,994.05,993.91
978.8,995.2,992.77
978.6,995.39,996.49
978.9,996.37,991.11
979.2,998.17,993.4
978.6,994.38,989.4
978.5,994.54,990.53
979.1,998.13,994.47
978.6,993.87,993.05
979.2,997.57,993.25
979.5,997.97,995.52
979.2,993.44,993.73
979.8,997.55,997.25
979.7,994.88,997.0
980.0,997.77,997.07
980.0,992.63,995.26
980.4,995.59,992.86
980.4,993.46,994.93
980.8,995.23,993.28
980.8,994.27,992.51
980.5,991.87,992.68
980.9,994.58,995.15
980.5,992.15,994.61
981.1,994.51,992.48
980.7,993.3,995.14
980.9,993.52,990.32
980.5,992.79,994.61
980.7,993.48,990.84
980.2,993.09,993.47
980.5,993.88,994.27
979.9,993.74,995.08
980.4,994.76,994.86
979.8,993.33,995.05
980.1,995.33,996.71
979.6,992.95,995.01
979.4,993.45,997.49
980.1,993.79,996.57
979.5,994.29,998.35
980.3,994.71,999.19
980.4,995.03,999.53
979.7,993.51,997.13
980.8,995.3,1000.05
980.1,994.36,996.74
981.2,994.96,998.84
980.5,994.35,996.73
981.7,995.89,1001.71
981.1,994.77,997.23
982.1,994.32,997.96
981.4,995.12,1000.62
982.8,994.58,999.88
981.9,993.9,997.85
982.5,994.41,995.39
983.5,995.68,1000.46
983.9,995.26,997.25
982.8,992.12,996.46
983.1,992.52,997.85
984.2,994.51,997.55
984.6,994.94,998.72
983.6,991.99,996.63
983.7,993.13,996.29
984.7,994.75,997.99
984.9,995.73,997.89
984.1,993.18,996.34
984.5,993.79,996.46
985.5,994.93,998.71
986.0,994.39,997.45
985.2,992.35,995.03
985.4,992.89,997.02
986.3,994.16,997.49
986.7,993.8,994.53
985.9,992.08,992.37
987.1,994.63,995.99
986.3,991.77,993.09
987.1,993.85,994.41
986.3,992.56,994.16
986.3,992.49,994.8
987.2,993.97,994.47
986.7,994.43,995.3
986.0,993.88,996.61
986.7,994.03,993.61
985.8,993.4,996.18
986.7,994.75,993.38
985.7,993.23,995.57
986.6,994.88,992.93
985.8,993.73,993.98
986.7,995.06,993.61
985.9,995.1,996.37
986.1,995.1,996.73
986.9,996.36,995.95
986.6,995.01,997.02
987.4,995.35,996.95
987.4,994.52,995.99
988.2,995.8,998.85
988.7,996.73,999.55
987.9,995.44,998.87
988.3,996.8,998.29
989.0,997.56,999.89
989.7,999.29,1000.4
988.8,996.85,994.88
989.8,998.83,1000.49
989.1,997.07,993.97
990.4,998.61,1000.71
989.7,997.19,996.19
990.4,999.81,1001.02
989.5,997.28,1001.58
989.8,996.9,1001.27
990.7,999.37,1000.61
990.5,1000.58,1003.18
989.5,998.37,1002.57
989.8,998.98,1001.03
990.7,1000.5,1002.48
990.0,998.04,1000.48
990.8,997.95,999.85
990.1,997.81,1000.21
991.0,997.28,999.04
990.7,997.14,998.73
990.0,996.68,998.86
990.4,996.25,999.64
991.2,997.01,1000.46
991.0,995.68,999.58
992.0,996.46,998.82
991.9,996.76,1000.2
992.6,996.75,1000.32
992.7,997.72,997.73
992.1,995.1,996.67
992.9,996.81,997.98
992.3,995.48,995.95
992.8,996.69,998.79
993.4,997.25,997.54
992.8,996.37,997.88
993.4,994.49,996.32
992.8,997.12,999.08
993.3,996.11,996.39
993.6,997.04,997.26
992.9,996.72,998.26
992.8,996.7,998.46
993.4,996.83,1000.78
993.5,995.59,999.85
992.8,996.94,999.11
993.6,997.12,1000.69
993.0,996.68,998.16
993.6,998.1,999.83
993.0,998.2,998.78
993.3,1000.24,1001.6
992.7,998.03,997.34
992.5,998.22,996.82
993.2,999.12,1000.2
991.9,998.72,997.59
992.6,999.67,999.48
991.9,1000.15,998.36
990.7,999.5,997.56
990.3,997.36,993.86
988.6,997.34,996.26
989.5,998.09,995.58
986.8,997.14,996.41
987.8,996.36,992.8
985.0,996.29,996.23
986.2,997.54,995.52
984.4,994.78,992.31
984.9,997.98,997.06
983.2,994.97,993.6
984.0,996.29,994.82
983.1,995.04,993.47
982.3,993.73,991.76
983.7,995.04,994.01
983.0,991.14,986.94
984.6,995.17,992.24
983.8,992.59,989.75
983.7,994.5,990.26
983.3,992.34,984.32
982.3,993.35,988.06
983.2,994.83,989.31
981.5,992.15,985.22
982.1,994.9,990.16
981.1,992.07,983.42
981.8,993.45,987.66
981.3,993.78,988.32
980.8,991.22,984.22
981.0,990.52,982.66
981.4,993.41,985.66
981.7,993.93,987.28
981.3,991.86,985.03
983.0,994.97,988.99
982.7,992.72,986.3
983.7,995.27,992.15
984.3,995.35,993.72
985.7,996.55,995.99
985.0,997.37,994.75
986.6,997.55,996.56
986.8,997.28,997.46
987.7,997.64,996.55
987.4,996.54,993.64
987.6,997.07,994.94
988.1,998.98,997.59
987.8,996.69,994.07
988.4,997.4,995.21
989.2,997.24,996.58
988.6,997.54,996.32
989.9,998.46,998.62
989.1,996.34,995.29
989.6,998.41,1000.16
990.2,997.11,999.35
989.3,999.16,999.98
990.0,999.76,1001.82
989.7,997.84,998.79
989.1,997.25,998.07
990.0,998.0,999.03
989.1,997.64,997.99
990.6,998.26,998.18
989.7,998.32,997.77
990.8,996.43,997.97
989.9,996.96,997.29
991.4,997.1,998.17
990.6,997.76,999.1
992.4,997.61,998.86
991.7,997.66,998.68
992.0,998.85,998.16
992.8,995.88,999.87
992.9,998.68,999.84
992.2,998.38,998.03
993.7,998.81,997.98
992.9,998.07,998.57
993.0,997.97,998.61
993.9,996.68,995.96
993.3,998.65,1000.07
994.1,996.58,994.71
993.5,998.56,999.57
994.3,994.81,994.55
994.1,998.47,999.5
994.8,995.24,996.22
995.1,995.09,995.62
994.3,998.13,998.23
994.3,998.85,999.3
995.0,995.56,995.01
993.9,997.58,998.14
994.8,997.75,998.77
995.2,999.18,1000.89
994.4,997.83,997.89
994.7,999.26,1002.03
993.8,998.64,997.54
995.0,999.42,1000.34
994.3,998.99,997.73
994.2,998.09,996.43
994.5,1000.72,996.03
993.5,999.26,997.23
992.5,998.5,996.24
993.8,999.11,995.26
993.0,999.99,996.91
992.0,999.37,997.99
991.8,1000.58,996.04
990.7,998.88,997.81
989.4,997.95,992.63
988.5,996.02,994.69
986.7,992.71,988.68
987.6,995.25,990.07
986.2,992.83,987.52
985.6,990.58,987.71
985.1,992.81,989.24
984.6,990.69,987.71
985.4,993.17,990.03
984.7,989.79,985.71
984.6,992.8,990.32
984.3,990.74,988.76
983.2,991.01,988.07
982.6,987.64,982.49
982.3,991.15,990.22
981.8,988.22,983.4
981.7,990.95,988.99
981.2,987.36,981.48
981.3,987.72,980.33
981.8,991.49,990.89
982.0,991.99,991.08
981.6,988.07,984.82
980.8,987.72,984.53
981.4,992.1,992.48
981.8,991.53,992.18
980.8,987.25,984.58
982.2,991.39,992.09
981.4,988.68,988.04
980.9,989.14,989.11
981.1,992.73,995.71
980.7,989.55,990.28
981.2,992.37,994.34
980.4,989.74,990.82
981.1,993.83,995.83
980.7,989.51,988.65
981.2,992.6,993.84
981.1,989.53,989.07
981.8,992.62,992.49
979.2,991.34,993.35
979.5,991.81,994.25
979.8,992.66,994.95
979.6,994.95,996.99
979.1,990.3,992.48
978.3,990.94,991.72
979.0,992.25,992.74
978.1,991.78,994.32
978.5,992.48,994.32
977.7,989.87,993.84
978.1,993.62,993.84
978.6,991.64,991.88
978.7,988.6,993.01
977.7,993.32,993.31
977.3,990.82,993.39
976.4,991.31,995.59
976.4,993.69,994.51
977.3,990.52,992.14
978.0,993.8,991.02
979.6,993.75,988.96
978.9,990.69,989.24
980.1,989.97,988.04
981.5,994.09,988.83
982.4,994.35,990.92
981.6,992.21,991.67
982.9,992.71,991.17
983.7,995.47,991.92
985.4,996.32,991.12
984.9,993.06,992.73
986.7,997.68,990.9
985.9,994.15,987.25
987.5,998.71,993.35
987.0,994.21,987.87
987.6,995.89,991.97
987.9,997.22,989.55
988.1,997.28,990.6
987.7,995.33,988.71
987.8,996.36,990.32
988.4,998.12,993.06
988.4,995.11,988.59
988.8,997.76,991.66
988.4,994.99,986.45
988.6,998.16,992.5
988.5,998.31,991.5
988.4,995.72,988.71
989.3,993.68,982.71
989.5,999.93,991.41
989.1,996.53,982.73
989.4,1001.68,991.07
989.3,1000.94,987.81
989.2,996.98,985.09
988.7,996.17,984.54
988.8,1001.51,989.42
988.5,995.66,989.1
988.6,1000.26,989.22
988.3,994.77,988.21
988.6,999.6,985.0
988.3,991.36,987.1
988.9,999.58,991.43
989.0,998.39,989.82
988.3,994.89,990.26
989.1,1000.0,994.89
988.9,994.0,991.71
989.7,999.54,994.47
989.3,993.01,990.99
991.0,998.69,995.11
990.2,994.08,990.5
991.6,999.26,996.95
991.2,995.76,994.14
991.7,999.42,997.44
991.5,997.96,996.44
991.4,997.25,995.38
991.7,998.6,996.69
991.8,999.44,999.32
991.4,999.97,998.45
991.3,998.47,995.81
991.9,999.45,998.64
991.9,1000.39,999.17
991.5,999.5,997.52
991.5,1000.34,997.89
991.2,998.89,998.29
991.6,1000.71,996.39
991.4,1000.11,1000.21
992.2,1000.53,994.79
991.9,999.59,998.17
991.9,1000.43,997.62
992.3,1001.09,996.83
990.8,999.91,996.24
991.1,1001.35,997.81
991.3,1000.17,994.33
991.0,1000.7,999.67
991.6,998.57,997.01
992.1,1000.92,997.39
991.8,998.84,997.27
992.3,1001.05,995.78
991.8,999.13,999.22
992.5,1002.14,996.95
991.6,998.92,995.58
992.1,1001.48,994.75
991.2,997.1,997.62
991.7,999.83,995.32
991.1,998.78,995.3
991.1,996.95,996.35
990.8,997.33,997.19
991.4,998.72,995.04
992.6,997.14,992.22
992.0,995.43,993.83
991.4,994.68,993.12
991.9,996.68,993.59
991.3,995.72,991.04
990.9,995.23,993.06
990.3,994.74,991.52
991.3,997.14,993.47
990.8,996.45,994.22
991.7,996.99,993.7
991.6,996.47,996.03
992.4,997.94,997.14
993.2,1000.24,997.72
992.7,998.33,998.86
994.3,1000.0,996.87
993.6,999.2,999.55
994.7,999.16,999.15
995.4,1001.21,998.25
995.6,1000.55,1000.02
994.6,1000.05,999.13
995.9,1001.39,1002.0
995.0,1000.72,1000.36
996.3,1001.65,999.84
995.4,1000.71,1002.67
996.0,1001.01,1002.28
996.9,1000.75,1000.06
996.3,999.98,1002.61
996.9,1000.58,1000.98
996.9,999.72,1000.4
998.0,1001.34,1002.07
998.0,1001.81,1002.49
997.2,1000.57,1000.61
997.1,1001.25,1001.74
997.7,1001.67,1001.49
998.3,1002.89,1003.65
997.8,1001.88,1002.94
997.7,1001.19,1000.99
998.4,1002.39,1003.18
997.5,1002.04,1002.77
998.3,1000.53,1000.45
998.6,1001.48,999.35
997.4,1001.46,997.09
997.6,1001.6,997.73
998.5,1000.45,997.97
997.7,999.87,999.58
998.4,999.77,999.5
998.4,999.63,1000.15
997.5,998.48,998.36
998.5,998.83,999.96
997.8,998.0,999.76
999.1,998.94,999.34
998.0,997.7,999.01
999.8,998.37,997.59
998.4,997.07,997.02
999.4,997.39,998.14
1000.6,998.54,999.19
1000.7,997.09,997.65
1001.8,997.63,998.59
1002.8,998.99,999.77
1002.9,998.24,998.72
1001.9,997.44,998.21
1002.5,997.05,999.12
1003.5,997.51,997.59
1002.7,997.48,999.3
1003.7,996.92,997.81
1003.8,998.17,997.98
1002.9,997.13,999.62
1002.9,997.48,1000.21
1004.0,999.57,1000.23
1003.4,997.11,997.82
1004.3,998.5,1000.36
1003.4,996.26,999.51
1004.5,998.74,999.88
1003.9,996.79,998.52
1005.0,998.12,999.83
1005.4,998.47,999.44
1004.3,996.78,997.31
1005.5,998.76,1000.11
1004.4,998.47,998.4
1005.0,998.21,997.59
1006.1,999.14,1000.19
1005.5,998.14,998.36
1006.7,999.79,1000.44
1005.6,998.89,1000.77
1006.6,1000.58,1001.99
1004.8,999.51,1000.63
1005.1,1000.21,1000.61
1004.1,997.93,1000.14
1003.4,997.54,1000.11
1004.5,1000.99,1002.6
1002.4,997.39,999.12
1003.6,998.78,1001.51
1003.0,998.26,1000.01
1001.7,996.21,998.21
1002.3,997.75,999.4
1001.2,996.01,996.87
1001.0,995.01,995.32
1002.1,996.89,998.53
1000.3,994.01,994.72
1001.5,996.5,999.97
1001.3,994.24,993.8
1002.5,996.19,998.12
1000.8,994.19,993.95
1002.0,995.97,998.9
1000.4,994.06,994.42
1001.6,994.5,994.72
1001.5,994.16,993.55
1000.3,993.53,992.85
1000.4,993.86,992.96
1001.1,995.85,997.4
1001.0,993.76,992.39
1000.0,994.72,995.49
999.2,993.78,993.56
1000.0,993.9,993.56
999.7,994.52,993.6
998.6,994.84,994.51
999.6,994.24,993.36
998.6,993.63,995.86
998.7,993.82,992.88
997.9,993.3,996.19
997.6,994.28,995.87
998.5,993.74,994.78
998.7,994.61,995.89
997.7,993.71,995.93
998.0,994.37,996.71
997.1,995.31,997.22
996.8,994.22,994.99
997.4,994.78,996.37
996.4,994.31,991.46
997.0,993.42,992.23
996.3,994.24,991.75
995.7,993.66,992.01
995.8,993.17,991.34
995.5,995.78,995.6
994.6,991.67,987.62
994.5,993.98,992.34
995.2,996.46,999.04
995.2,996.52,995.41
994.6,995.12,991.14
995.1,994.87,991.3
995.8,997.73,996.83
996.2,997.18,993.06
995.5,996.04,993.47
996.2,996.31,991.2
995.6,994.31,991.18
995.9,994.83,992.98
996.3,996.5,993.32
996.3,994.48,994.52
996.9,996.04,993.6
997.0,995.23,994.39
996.5,993.11,993.66
996.6,994.33,996.25
997.4,996.66,997.16
996.6,993.18,993.04
997.4,995.5,996.82
997.8,995.08,994.23
997.0,993.41,993.69
997.8,995.58,995.06
997.2,993.89,993.25
997.8,996.48,997.41
997.1,994.4,995.37
998.2,995.31,994.78
997.5,994.15,994.69
999.1,995.8,995.82
998.4,994.51,995.65
1000.0,996.92,996.29
999.2,994.6,994.68
1000.7,997.87,995.9
999.9,996.83,996.16
1000.8,998.19,998.02
999.9,996.41,995.65
1001.7,998.1,996.03
1000.7,997.09,996.62
1000.8,996.34,996.86
1001.7,998.07,1000.37
1000.7,997.21,999.5
1001.6,998.34,999.51
1000.6,998.59,999.26
1001.7,1001.06,1000.11
1000.7,999.07,1001.41
1001.3,999.32,1001.98
1000.4,998.9,1001.31
1001.2,998.43,1001.84
1000.4,998.6,1001.03
1001.1,998.34,1000.46
1000.3,996.23,998.93
1001.1,997.39,1000.65
1001.0,997.44,999.64
999.9,996.99,1001.61
1000.5,996.85,1001.29
1001.5,997.28,998.78
1002.0,996.78,998.87
1001.1,995.44,998.73
1001.2,997.56,999.99
1001.9,996.93,997.53
1001.0,995.28,997.86
1001.9,996.65,998.14
1002.0,996.43,997.72
1001.1,995.38,996.38
1001.6,996.52,995.31
1000.9,996.31,997.27
992.9,994.33,992.26
992.1,992.43,988.47
996.4,993.48,989.6
995.7,992.62,987.4
998.2,994.58,994.0
997.9,993.9,994.38
998.7,994.31,995.02
999.2,995.3,992.84
999.8,994.61,994.06
1000.4,995.26,989.67
1000.8,995.13,992.49
1001.5,995.16,986.62
1001.2,994.86,991.53
1001.8,995.62,985.27
1001.6,993.96,987.94
1002.4,996.26,989.63
1002.6,995.05,987.27
1002.0,994.42,992.08
1002.8,995.14,988.83
1002.1,993.34,989.4
1003.1,994.29,989.47
1002.4,992.05,986.7
1003.4,993.63,993.13
1002.9,992.66,988.77
1003.7,995.24,994.65
1003.0,993.16,989.38
1004.4,995.39,994.37
1003.6,994.14,990.87
1005.4,995.99,996.74
1004.5,994.26,993.7
1006.4,995.26,998.48
1005.6,996.52,996.51
1007.0,994.72,998.52
1006.4,996.0,996.61
1006.1,995.41,996.98
1007.2,994.72,999.64
1006.3,995.54,998.7
1007.6,997.1,998.65
1006.4,997.79,997.65
1007.6,999.14,997.17
1006.6,998.66,997.73
1007.7,995.8,994.4
1006.6,996.58,995.81
1007.9,998.06,996.03
1006.9,996.34,995.52
1008.3,997.99,995.96
1008.4,998.01,995.64
1007.3,996.54,996.4
1009.0,997.66,996.44
1007.9,997.39,995.99
1008.8,998.47,998.96
1007.8,996.63,996.69
1008.4,998.84,997.51
1007.8,994.53,992.38
1007.6,997.75,995.37
1007.0,996.09,994.61
1006.8,997.69,995.09
1005.6,996.01,995.15
1005.3,995.79,994.96
1006.4,996.17,993.35
1004.1,994.48,993.01
1005.5,994.82,992.57
1004.1,994.09,992.78
1005.8,994.89,992.0
1001.9,989.83,989.8
1004.1,994.91,992.02
1001.9,989.12,991.45
1004.1,994.66,992.5
1002.3,991.54,988.37
1000.5,987.7,990.24
999.2,989.91,995.43
1000.9,993.05,989.14
999.0,993.34,989.19
998.0,990.81,991.48
998.9,993.78,994.85
997.8,992.33,991.1
998.8,993.17,993.28
997.2,991.73,994.28
999.1,993.68,994.51
997.8,993.08,990.49
997.5,993.4,990.96
998.7,994.08,996.09
996.2,993.45,991.79
997.0,993.63,995.74
995.4,992.67,987.1
996.3,993.6,997.66
995.0,992.37,986.14
995.3,991.85,991.76
994.5,991.93,983.38
994.1,993.0,989.21
994.9,992.36,993.66
993.7,992.07,984.31
994.4,991.66,991.5
993.6,992.73,988.56
994.2,991.83,989.27
994.2,992.5,990.71
993.8,992.2,986.2
993.3,991.62,989.47
993.6,992.59,992.16
993.9,993.34,991.37
993.3,991.13,988.14
992.5,990.36,986.87
993.2,991.62,991.51
992.2,989.3,984.84
992.6,992.27,990.46
992.7,992.71,989.68
992.1,987.93,981.31
991.7,992.1,985.31
991.1,989.94,982.75
990.5,988.02,984.53
991.1,992.13,990.36
989.7,988.88,986.51
990.4,992.08,990.8
988.8,986.82,984.57
989.4,992.48,992.07
988.9,989.92,988.66
988.4,987.34,986.11
988.5,990.54,989.17
987.9,985.32,985.61
988.5,991.1,989.59
988.0,986.64,985.64
988.1,988.18,985.85
988.7,991.07,990.26
988.1,988.78,986.59
989.1,991.97,991.47
988.5,989.43,988.7
989.0,993.82,994.02
988.3,990.4,989.87
988.7,992.35,992.03
989.0,992.95,993.61
988.5,988.91,987.63
989.0,993.69,993.79
988.4,988.81,985.89
987.7,989.78,990.12
988.3,993.4,993.59
987.9,989.79,988.08
988.4,995.19,994.91
987.8,990.42,989.27
988.3,994.32,994.22
988.3,993.82,994.01
987.6,990.52,988.98
988.6,993.72,993.49
988.1,990.52,987.54
988.2,990.79,990.1
988.9,993.75,991.84
988.7,994.1,993.47
988.4,992.46,990.73
988.5,994.74,992.32
988.2,991.1,988.72
988.6,995.36,993.15
988.1,989.47,984.77
987.8,990.7,990.56
988.2,994.5,992.88
987.9,994.52,992.23
987.5,990.96,988.65
987.4,994.18,990.88
987.4,990.06,990.15
988.3,993.42,990.41
987.2,990.27,988.74
987.8,990.65,989.14
987.8,991.28,990.94
988.0,994.0,992.62
987.9,993.0,991.98
987.5,991.38,992.47
988.0,993.95,993.59
987.7,991.06,994.59
988.6,992.94,992.04
988.1,991.89,993.5
989.4,993.76,992.35
988.4,990.31,993.37
990.4,994.57,992.81
989.6,993.16,993.66
990.6,993.33,994.73
990.8,994.11,993.9
991.5,995.83,993.65
991.2,994.71,994.81
991.8,996.91,996.51
992.4,997.76,996.89
991.9,995.82,995.75
993.4,997.22,994.08
992.8,996.0,995.21
992.7,997.74,995.11
993.2,997.12,992.85
993.1,997.54,994.81
992.7,996.65,992.1
992.8,998.0,996.5
992.0,997.59,993.78
993.2,997.31,995.81
992.8,997.65,994.14
994.0,997.48,996.6
993.4,996.28,992.46
994.6,998.0,995.85
993.9,996.14,995.0
994.7,998.65,998.43
994.3,997.93,1000.22
994.6,996.22,994.65
995.4,998.98,998.43
994.4,995.54,995.93
995.1,999.99,997.0
994.5,996.3,998.15
995.4,998.8,998.15
995.0,994.25,993.31
995.5,997.33,992.68
995.8,995.76,996.22
996.3,999.71,999.5
996.8,998.97,995.88
996.2,995.61,992.41
997.2,998.08,991.16
996.6,996.13,991.98
997.7,995.21,992.01
998.0,998.42,993.43
998.8,998.69,992.78
998.1,995.46,989.54
999.0,995.24,991.05
999.7,999.61,995.95
1000.2,998.57,992.95
999.7,995.47,988.95
1001.0,999.71,994.68
1000.5,996.11,990.82
1001.5,998.03,993.12
1000.8,996.63,991.06
1001.0,996.25,991.77
1001.5,997.78,992.48
1001.6,998.86,996.04
1000.9,996.82,993.62
1001.4,996.95,994.8
1002.1,998.81,998.6
1000.8,997.25,994.54
1001.6,999.16,1000.78
1001.0,998.16,997.96
1001.6,999.07,999.98
1001.3,997.51,994.85
1002.0,999.55,1001.58
1002.1,999.26,1000.43
1001.5,997.46,995.87
1002.7,998.51,1001.19
1002.0,997.12,996.49
1003.1,999.45,1001.76
1002.4,997.12,995.38
1002.9,996.85,995.82
1003.6,998.14,996.96
1004.0,999.92,999.55
1003.3,997.66,997.64
1004.1,999.83,998.68
1003.4,997.77,998.91
1003.6,997.51,997.45
1004.3,999.31,996.15
1004.3,1000.43,999.21
1003.5,998.51,999.04
1004.0,999.61,1000.42
1003.2,997.94,998.18
1003.7,1000.24,997.95
1002.9,998.06,998.1
1003.2,1000.42,998.18
1002.4,999.29,998.19
1002.3,998.0,995.54
1003.0,998.78,998.4
1002.7,999.61,1001.17
1002.0,998.59,997.3
1003.4,997.81,996.78
1002.6,997.71,998.19
1003.7,998.2,998.02
1004.0,997.56,999.06
1003.1,996.95,998.97
1004.8,997.77,999.9
1003.7,997.02,999.81
1005.3,998.04,999.77
1004.3,996.51,999.22
1005.5,998.27,999.27
1005.4,999.21,998.92
1004.4,995.82,998.98
1004.7,997.59,998.28
1005.5,998.14,997.07
1005.6,998.98,1000.17
1004.6,998.4,999.95
1005.5,998.51,1000.87
1004.4,997.7,1000.87
1004.6,998.6,1000.28
1005.6,998.64,999.12
1004.7,998.2,1000.43
1005.6,1000.17,999.28
1006.1,1000.66,1000.86
1005.1,998.33,998.85
1005.3,997.45,996.33
1006.4,999.02,1000.29
1007.0,999.26,1001.67
1005.8,997.55,998.43
1007.5,997.88,997.76
1006.5,997.17,998.14
1006.7,997.55,1001.14
1007.7,999.19,1001.36
1007.5,998.8,999.8
1006.5,997.35,997.9
1006.2,997.92,1001.25
1007.3,999.49,999.09
1006.0,997.46,1000.32
1006.9,1000.31,1001.34
1006.8,998.78,1000.85
1005.9,998.24,999.99
1005.0,997.41,998.23
1006.1,998.37,1001.35
1005.8,998.65,1001.22
1004.8,996.08,997.25
1004.3,997.81,1000.58
1005.3,998.29,1000.99
1003.7,995.98,997.91
1005.0,996.77,999.06
1005.0,995.92,998.22
1003.8,995.06,995.93
1004.9,996.81,1000.2
1004.0,993.9,993.68
1004.9,995.77,1000.02
1003.8,993.7,994.43
1004.6,994.51,997.74
1003.5,993.47,993.37
1003.8,992.68,993.95
1005.3,994.93,998.33
1002.9,991.51,990.27
1004.2,993.81,993.6
1004.0,994.8,996.68
1003.1,992.8,990.59
1003.6,993.74,994.09
1002.5,992.19,990.0
1002.4,993.33,992.31
1003.8,994.13,994.81
1003.6,994.49,996.74
1002.3,992.2,989.55
1002.2,993.01,991.2
1003.1,993.57,994.35
1002.1,993.29,989.71
1003.1,992.66,991.13
1002.4,992.64,989.34
1003.6,993.31,990.35
1003.8,992.95,989.12
1002.8,994.21,994.41
1002.9,995.14,994.82
1003.9,995.18,993.5
1003.4,995.54,992.97
1002.4,995.4,997.18
1003.3,996.29,994.47
1002.2,995.45,997.49
1002.1,994.6,993.54
1003.2,995.73,994.28
1002.9,995.93,996.43
1001.4,994.59,997.56
1002.5,995.01,995.75
1001.2,992.85,995.98
1002.0,993.76,993.39
1000.7,992.95,994.02
1000.9,993.69,990.37
999.9,992.68,993.23
999.3,993.36,994.48
1000.4,994.57,993.45
1000.2,993.86,992.04
999.3,993.45,995.38
1000.1,994.57,993.76
999.1,992.36,990.42
999.5,994.17,995.03
1000.4,994.69,994.98
999.7,994.48,994.44
1000.7,995.04,993.65
1000.3,995.78,995.61
999.4,994.6,994.68
1000.1,995.36,994.35
998.4,994.92,996.08
999.7,995.96,995.33
998.6,994.64,992.81
999.4,995.29,993.69
998.2,994.22,991.6
998.8,995.66,994.07
998.0,994.97,994.9
999.0,995.27,992.98
999.0,995.77,995.57
998.0,995.77,996.66
999.0,995.13,993.23
998.0,995.12,995.94
998.2,995.2,995.3
999.1,996.51,996.95
998.6,994.91,994.56
999.5,996.43,996.48
998.5,996.54,997.99
999.7,997.34,997.88
998.1,996.69,998.74
999.3,995.85,992.52
998.2,996.01,997.03
999.2,996.83,996.25
998.9,998.4,999.12
998.0,995.81,995.75
998.1,998.06,999.93
997.4,998.95,1000.4
996.3,996.52,997.36
995.5,996.51,997.41
996.6,996.96,997.59
996.1,996.68,997.7
994.9,996.05,997.71
994.0,996.27,998.25
995.4,995.78,995.09
993.6,994.96,995.23
994.7,997.23,993.92
993.9,995.4,994.78
994.8,995.59,992.86
994.0,995.08,995.98
994.8,995.14,992.25
994.9,994.87,991.65
993.8,994.7,996.42
995.4,995.45,997.13
993.9,994.1,993.93
995.0,994.68,991.71
994.0,995.59,998.89
994.7,995.1,993.22
993.6,994.96,997.3
995.2,995.97,996.24
993.8,995.6,998.47
994.7,995.43,994.96
993.5,994.58,998.86
994.3,995.57,994.64
993.0,994.45,997.52
993.4,995.97,994.97
992.0,994.05,998.78
992.9,995.52,993.54
991.7,993.46,997.53
992.4,995.51,994.1
991.1,994.11,1000.12
990.8,992.72,992.8
992.2,995.43,994.21
992.3,994.98,994.25
991.3,993.26,994.46
991.4,995.6,996.44
990.3,992.4,991.77
990.4,994.58,994.33
989.3,993.11,992.19
990.2,994.46,995.49
989.0,992.15,989.57
989.8,992.9,991.43
988.8,992.51,992.5
989.4,993.66,993.97
988.1,990.58,987.31
986.9,993.88,993.43
986.0,993.62,994.13
985.7,994.54,994.47
986.8,993.56,993.72
984.8,992.92,990.31
986.0,992.4,990.29
984.0,993.12,991.04
983.0,993.7,991.95
982.3,991.39,989.77
981.3,991.16,988.65
983.8,993.3,992.14
982.7,989.31,986.02
982.9,991.68,990.32
982.3,992.23,991.92
983.3,991.35,988.63
982.5,991.66,989.19
983.8,990.88,986.59
982.9,989.28,983.96
984.4,992.96,988.5
983.4,991.62,987.26
984.3,991.36,987.87
983.4,991.13,987.39
984.8,992.78,991.0
984.2,992.57,989.6
985.0,993.19,989.15
984.5,993.62,994.07
984.8,994.23,992.11
984.3,993.49,994.56
984.5,994.14,994.87
985.0,994.71,994.02
984.3,993.9,993.16
984.9,994.87,996.83
984.4,994.12,994.72
984.9,995.28,997.43
984.6,993.39,991.93
984.9,995.73,998.12
985.4,993.13,992.11
985.9,994.9,995.38
985.7,993.74,993.89
986.1,994.43,998.17
986.4,995.3,998.08
985.7,993.62,992.89
986.6,995.45,997.59
986.2,993.84,994.24
987.2,994.84,993.98
986.6,993.89,996.59
987.8,994.15,990.1
987.1,992.3,990.48
987.8,995.42,994.78
987.4,992.11,991.12
988.2,995.38,995.63
987.8,991.96,992.02
988.7,994.69,994.0
988.3,991.47,991.43
989.3,994.64,992.31
988.9,993.38,992.6
989.8,993.45,988.29
989.4,990.52,987.01
990.3,994.76,993.38
989.7,992.2,991.07
990.2,991.72,990.83
990.6,994.42,993.57
991.2,994.62,994.87
990.7,992.06,991.95
991.8,995.24,994.13
991.4,993.53,995.26
992.3,995.53,996.37
991.7,993.4,995.63
991.9,993.01,994.39
992.4,994.88,996.03
992.1,993.73,995.32
992.8,994.65,994.27
992.2,993.77,994.69
992.7,996.13,995.6
993.0,995.78,997.43
992.5,993.31,994.07
993.4,995.34,997.22
992.7,994.24,995.38
993.3,993.39,992.73
993.8,996.17,997.53
993.6,994.36,994.1
994.3,995.46,997.27
994.0,993.78,993.22
994.8,996.31,997.61
994.5,993.77,992.98
995.3,996.17,996.33
995.9,995.97,998.03
995.3,995.48,996.7
996.3,996.02,995.59
995.8,995.06,994.02
996.9,996.51,996.55
996.3,995.55,997.57
997.6,996.17,995.46
996.9,995.93,997.3
996.1,995.89,996.42
996.9,997.35,997.36
996.0,996.31,996.61
996.8,996.2,995.9
996.0,996.29,998.16
996.7,996.25,995.91
996.1,996.18,996.54
997.0,995.62,995.23
996.9,996.23,995.91
996.0,995.97,996.67
996.8,996.33,995.94
995.8,995.78,994.6
995.5,995.29,993.88
996.6,995.37,994.53
996.1,996.55,996.41
995.1,994.78,993.66
994.4,993.86,992.47
995.8,995.52,995.53
995.9,996.48,997.21
994.4,993.51,995.43
994.7,992.91,990.37
994.9,995.55,993.87
994.0,994.68,996.88
995.0,993.54,991.62
994.7,995.27,995.3
993.6,994.74,994.62
992.4,994.84,995.09
993.7,994.38,992.61
992.3,994.9,995.41
990.8,993.27,994.71
991.4,994.61,994.76
989.6,992.08,995.58
990.5,994.22,990.81
988.6,990.36,994.69
988.4,991.36,991.18
989.9,993.15,990.27
987.1,988.45,987.97
987.5,991.71,986.5
987.1,988.53,987.84
988.1,992.49,987.89
986.4,988.87,989.31
986.4,988.81,989.57
987.6,991.52,990.55
987.2,991.01,991.44
985.2,987.98,990.76
987.3,991.52,991.39
985.3,988.99,991.66
988.0,991.22,991.94
986.4,988.93,989.58
986.9,987.26,988.73
988.6,990.09,990.97
989.2,990.71,990.91
987.3,987.07,989.82
990.1,988.81,989.35
988.4,986.93,990.21
989.7,986.69,989.55
991.3,989.95,989.33
992.3,989.3,989.36
990.8,985.93,990.31
993.5,988.68,990.19
991.7,985.91,986.42
994.8,989.77,989.46
993.3,986.21,989.47
996.0,990.96,993.1
994.4,987.61,992.43
996.4,989.78,991.62
995.1,985.97,990.45
997.0,991.01,995.0
994.9,986.41,990.62
996.0,986.74,991.25
997.8,991.19,995.2
997.8,990.31,991.88
996.1,986.75,990.97
996.5,987.6,990.3
997.9,991.12,996.1
997.0,987.8,988.76
998.4,990.91,993.2
997.3,988.49,990.5
998.9,991.76,995.41
998.3,988.71,989.29
999.6,991.61,993.17
1000.1,992.07,992.61
998.9,988.4,991.48
1001.1,992.37,993.95
1000.0,989.4,992.92
1001.8,992.69,993.18
1000.5,989.7,989.41
1000.8,990.38,993.32
1002.4,993.33,994.76
1001.4,991.17,993.15
1002.5,993.99,995.51
1003.1,993.26,996.45
1001.6,991.42,994.07
1001.5,992.08,992.38
1002.8,994.52,997.6
1002.2,994.52,997.35
1001.1,992.44,994.01
1001.2,993.1,993.06
1002.1,994.77,997.33
1002.0,994.73,996.6
1000.9,993.87,992.4
1001.5,994.25,995.03
1002.5,995.98,995.83
1001.3,992.73,996.83
1002.3,994.23,993.66
1001.2,992.59,994.89
1002.3,993.94,992.03
1001.7,993.07,994.31
1002.6,994.81,992.76
1002.3,994.78,994.3
1001.4,993.58,994.41
1001.6,994.46,995.09
1002.4,993.88,992.61
1001.8,994.13,994.44
1002.9,994.16,992.41
1002.3,995.51,991.42
1001.3,993.66,993.41
999.8,994.64,994.16
1000.6,995.92,994.08
999.6,995.29,993.4
1000.7,995.34,993.16
999.2,993.51,990.66
1000.3,994.28,990.47
999.9,995.69,990.05
999.1,993.91,992.37
998.8,992.7,991.26
999.7,996.25,989.36
998.6,994.15,992.46
999.6,994.73,988.57
998.6,992.88,990.71
999.7,995.73,992.52
998.8,994.51,992.62
999.7,994.54,990.47
1000.0,994.09,990.08
999.1,994.1,992.32
997.9,993.29,991.95
999.2,995.06,992.0
997.8,992.83,991.85
998.8,994.9,991.21
997.0,992.91,991.97
998.1,995.51,992.32
996.5,991.72,990.35
997.7,995.0,992.45
995.4,991.8,990.98
996.6,994.32,991.56
995.8,994.5,991.07
994.6,991.35,988.56
993.9,991.24,985.3
994.9,994.08,989.26
995.2,993.57,989.2
993.8,990.04,985.85
992.6,990.13,986.51
993.8,992.96,988.58
992.7,990.71,986.19
993.9,992.08,983.7
991.4,989.47,983.43
992.9,992.33,982.18
991.4,989.14,986.15
992.8,993.1,984.02
990.9,989.35,987.61
992.3,993.1,984.2
991.5,992.14,983.55
990.2,989.19,989.17
989.5,989.11,986.97
990.9,993.08,987.36
988.6,988.55,991.78
989.9,992.44,986.23
987.8,988.82,993.3
989.2,992.45,988.84
987.6,989.09,990.27
988.7,992.08,987.8
988.2,992.18,990.24
986.6,989.22,988.51
987.6,991.71,990.14
986.1,988.88,989.59
986.0,988.37,991.29
987.6,991.57,990.52
987.7,991.49,992.65
986.0,988.6,990.87
987.5,991.5,992.83
985.8,988.65,991.04
985.6,988.34,991.08
987.5,990.5,990.38
985.5,988.19,990.32
987.3,990.34,991.89
987.3,991.39,993.29
985.3,988.1,991.1
986.9,990.05,992.11
985.3,987.85,990.95
987.3,991.39,993.27
985.3,988.96,992.2
987.8,990.34,989.34
985.5,986.08,989.73
988.0,992.33,994.77
985.8,986.38,992.22
988.2,993.78,990.22
986.4,988.6,990.37
988.2,992.28,987.16
986.5,989.0,991.89
988.7,993.11,989.05
987.1,988.42,991.61
989.1,993.59,991.87
987.6,989.12,995.39
987.9,990.03,989.42
989.5,993.13,990.2
990.2,993.41,990.96
988.5,990.27,984.72
990.3,994.06,990.61
988.8,990.7,985.08
989.1,990.93,985.81
990.8,994.91,990.88
990.9,994.44,988.97
989.3,990.5,984.42
991.2,994.29,988.99
989.7,991.38,986.18
991.3,994.82,988.74
989.7,991.87,989.54
991.8,996.51,990.12
990.3,991.71,991.53
992.4,994.94,988.67
990.9,991.93,991.92
993.3,995.75,994.1
991.8,992.54,989.8
992.5,993.46,992.58
993.8,996.94,993.86
992.9,994.68,991.89
994.3,998.34,996.81
993.5,994.85,994.04
995.0,998.16,998.06
993.7,996.16,996.74
995.0,998.39,998.99
993.6,995.99,997.2
994.9,999.1,999.87
994.0,996.13,997.8
995.4,999.36,999.13
995.7,998.92,999.9
994.0,994.62,996.31
995.2,999.31,998.8
993.9,995.03,995.47
993.8,995.98,997.77
995.1,999.16,999.67
994.3,998.73,999.4
993.1,995.57,996.66
994.2,997.17,998.29
992.8,995.76,996.54
994.2,997.27,997.42
993.0,995.23,996.73
993.4,995.05,998.24
994.6,996.96,997.07
994.6,996.99,996.95
993.4,995.1,996.78
995.0,997.74,996.93
994.0,995.74,997.29
994.9,997.43,996.04
993.8,995.94,998.93
994.6,994.84,997.49
993.5,995.63,997.55
993.4,995.65,996.98
994.4,994.1,997.23
994.9,997.77,997.53
994.1,996.76,997.53
994.9,996.19,996.79
994.1,996.35,997.07
994.6,996.72,997.49
993.8,995.29,995.2
994.4,994.35,996.35
995.3,996.72,996.26
995.6,997.41,996.11
994.7,996.51,994.02
996.0,997.44,995.4
995.2,996.88,996.93
995.8,997.96,997.08
995.0,996.96,996.41
995.4,996.4,997.5
996.2,997.59,996.03
994.8,997.62,997.56
994.0,996.67,999.11
994.8,997.77,998.25
993.8,997.61,998.84
994.6,996.43,997.52
995.6,998.37,997.18
995.7,997.74,993.51
994.5,996.36,996.59
994.3,995.76,996.47
995.5,998.36,996.69
994.3,995.46,995.27
995.3,998.44,997.46
991.8,994.58,993.08
990.5,993.05,994.05
992.8,996.5,994.31
991.8,995.94,996.89
991.6,995.07,993.54
992.5,998.05,997.67
990.9,993.45,993.58
992.0,995.66,995.59
991.9,994.4,991.45
991.0,993.53,991.27
991.9,994.58,989.65
991.2,994.82,994.9
991.0,994.81,994.0
992.0,994.07,990.79
991.9,995.54,993.52
992.5,993.82,990.05
992.1,993.43,989.17
993.0,994.67,991.77
992.8,994.28,992.69
992.0,992.98,988.52
992.4,992.98,989.6
993.2,995.06,993.92
992.5,993.63,990.44
993.4,994.51,993.32
993.4,995.37,994.88
992.7,994.39,992.59
993.5,995.36,995.48
992.7,993.54,992.66
993.2,995.53,996.02
992.6,993.98,995.24
993.3,995.15,996.89
992.6,994.95,997.96
993.6,995.14,996.95
992.7,994.44,997.49
993.6,995.33,999.26
992.9,994.06,995.46
993.5,995.5,999.43
992.5,993.69,995.3
993.1,995.97,999.55
992.6,993.9,995.73
992.0,993.36,994.22
991.6,992.88,992.99
991.9,995.75,995.27
990.8,992.31,988.74
990.8,995.14,994.6
990.3,992.36,989.46
989.8,991.25,987.92
990.4,995.47,995.32
989.9,993.56,994.81
989.2,988.8,986.26
989.5,993.31,993.26
988.6,989.31,986.64
989.0,989.05,987.29
989.8,991.12,989.57
989.4,992.07,991.73
988.7,987.71,985.74
989.0,988.58,986.16
989.4,991.05,989.47
989.7,988.38,985.32
990.5,992.68,992.0
990.4,990.4,986.46
990.8,991.94,990.39
990.2,989.52,986.67
990.7,992.54,992.99
991.4,991.93,992.11
991.0,988.89,984.25
992.6,991.89,992.53
991.9,990.65,988.7
994.4,993.42,994.45
993.6,990.99,991.34
994.4,992.44,993.68
993.7,991.81,990.12
993.8,992.02,992.47
994.1,992.27,993.54
993.8,991.13,992.57
994.4,993.03,994.23
993.6,991.71,991.51
994.1,993.13,995.02
994.1,991.27,991.05
994.6,994.29,995.64
995.7,993.25,993.98
995.2,992.24,992.84
996.0,993.12,993.13
995.6,991.85,991.16
996.3,993.82,995.02
995.6,992.26,990.2
996.0,992.76,990.14
996.6,994.85,995.19
996.8,994.49,993.71
996.1,992.45,989.49
995.8,992.99,991.63
996.4,993.83,993.39
996.3,995.35,995.02
995.5,992.44,991.79
995.1,992.38,992.26
995.8,995.38,995.17
994.9,992.65,991.84
995.6,995.36,995.09
994.6,991.05,991.38
995.4,993.83,993.81
995.4,995.76,993.58
994.5,990.72,992.23
994.5,989.84,991.2
995.3,994.05,992.98
994.4,989.92,991.89
995.3,995.75,992.22
996.1,993.82,993.23
995.3,991.16,992.27
995.7,991.33,992.53
996.2,992.87,993.06
997.2,989.53,992.61
996.2,991.67,992.45
997.3,992.17,992.47
996.6,990.58,990.92
997.1,991.66,992.12
997.8,991.93,994.19
997.1,991.96,992.07
997.7,991.54,993.6
997.5,992.79,994.64
996.8,992.08,991.65
998.0,991.54,993.98
997.3,992.06,992.59
998.2,991.84,993.94
997.3,992.04,992.49
997.9,993.1,993.31
998.5,991.72,994.06
998.3,992.65,992.38
998.9,992.33,994.05
998.5,993.3,993.25
999.2,993.6,993.67
1000.1,993.04,994.34
999.0,993.95,994.03
999.9,995.83,994.0
998.7,994.85,993.7
999.7,996.35,994.65
999.1,996.93,992.01
1000.0,995.11,994.7
999.0,995.94,993.1
1000.0,995.51,994.41
999.8,995.35,994.56
998.4,996.07,994.79
999.3,994.82,993.58
998.4,995.57,990.74
999.4,994.9,994.11
998.1,995.54,994.26
998.9,995.56,994.81
997.6,995.27,991.74
998.9,997.08,992.9
997.5,996.24,993.22
997.8,994.46,991.99
999.0,996.23,991.33
997.4,994.97,990.59
998.4,996.59,991.72
997.8,994.47,991.25
997.1,991.23,989.73
997.4,995.1,991.35
996.5,994.5,990.01
996.4,993.6,992.79
997.1,992.0,992.59
998.5,994.43,992.31
997.4,993.96,993.02
998.7,991.41,992.35
998.0,994.12,994.63
999.1,992.9,993.48
998.2,993.78,995.43
998.9,993.23,993.42
998.0,992.98,993.48
998.1,992.78,992.91
997.3,992.0,991.8
997.0,991.16,990.78
997.8,993.01,993.54
998.2,991.99,992.8
997.4,991.88,992.11
997.7,992.18,992.67
998.5,992.53,993.14
998.7,992.13,992.85
998.0,991.4,992.34
998.1,990.65,987.47
998.8,993.88,994.58
998.1,991.76,991.87
998.8,993.41,995.21
998.7,994.15,995.01
997.9,992.08,991.86
997.8,991.01,991.52
998.7,993.93,994.39
997.5,992.64,991.22
998.6,993.92,993.7
996.6,995.73,995.74
997.5,993.12,993.13
996.0,995.41,996.0
997.0,993.57,992.69
995.6,991.4,991.67
996.5,993.14,993.56
994.9,989.2,990.28
995.9,992.68,993.62
994.6,988.16,989.06
995.3,991.83,991.37
994.0,988.6,990.94
994.8,991.09,990.69
994.6,991.53,992.32
993.7,991.31,991.09
993.9,988.62,990.35
994.7,989.42,989.08
994.9,989.71,989.01
994.1,990.39,991.14
995.3,992.05,990.8
994.5,990.94,990.97
995.3,991.81,989.35
995.3,993.26,991.0
994.4,991.62,991.31
995.3,994.74,991.29
994.5,992.05,991.51
994.2,993.41,992.33
995.1,995.14,991.16
994.6,995.18,991.79
993.9,993.36,990.77
994.0,995.11,992.03
994.6,993.79,992.06
994.2,994.69,992.23
995.1,993.16,990.53
994.5,994.17,992.03
993.7,994.66,993.46
994.7,994.57,992.29
994.5,995.29,993.83
994.7,994.48,991.83
995.5,994.4,992.16
994.3,995.04,993.59
995.4,992.4,992.62
994.2,994.25,995.98
995.1,995.94,993.44
995.5,996.41,992.28
994.8,993.62,993.6
995.2,995.23,992.07
994.4,992.79,993.4
993.6,998.11,992.71
994.6,995.7,992.15
993.8,996.32,991.38
992.7,997.69,991.11
993.0,997.91,992.98
992.2,998.17,990.59
992.2,996.89,992.6
991.1,997.87,991.63
990.6,997.05,992.29
991.7,995.55,991.71
990.2,996.5,992.53
991.1,996.34,991.81
989.1,997.08,993.06
990.0,995.48,990.8
990.9,993.58,992.12
989.9,991.78,992.09
991.2,991.45,991.58
992.1,989.58,992.53
991.7,992.22,990.7
992.3,992.53,992.06
991.9,992.52,991.01
992.6,992.17,992.14
991.9,993.8,990.46
992.7,991.76,993.79
991.6,992.9,992.01
992.5,990.94,995.6
991.1,993.27,992.05
992.1,995.24,995.4
991.8,994.41,995.49
990.9,995.04,993.55
992.1,994.76,995.61
991.1,994.62,993.04
991.5,994.59,994.0
992.2,994.94,995.81
991.6,993.8,994.85
992.6,992.9,995.15
991.9,993.82,995.82
993.0,995.0,995.89
992.1,996.12,995.6
993.2,994.55,995.52
993.5,995.74,994.13
992.3,996.37,994.76
993.5,994.16,992.56
992.4,995.68,993.39
993.9,995.36,994.99
992.8,996.46,993.21
992.7,995.92,995.14
993.7,996.42,994.14
993.5,996.75,994.9
992.4,996.87,995.82
993.0,995.82,994.75
992.0,996.16,996.08
992.0,996.88,995.97
991.3,996.16,995.66
991.5,997.51,995.32
990.8,996.11,994.9
990.6,996.26,995.97
991.5,997.42,992.21
991.4,996.48,992.48
990.6,995.79,992.37
991.2,995.59,993.85
990.4,994.38,991.5
991.6,995.63,993.85
990.9,994.18,990.32
992.2,992.69,993.09
991.2,992.27,995.66
992.6,991.69,991.86
991.7,992.09,996.08
991.5,995.14,996.34
992.3,992.83,992.48
991.4,994.1,995.5
992.2,992.31,992.17
990.7,993.89,995.56
991.4,991.76,994.65
991.0,993.83,995.56
990.3,994.22,996.35
990.9,994.17,995.67
990.2,994.07,995.95
990.3,993.41,995.7
991.1,993.31,994.03
990.4,993.89,996.13
991.2,994.24,995.03
991.0,993.85,996.55
992.0,994.53,995.36
991.5,993.27,995.69
992.3,994.62,995.64
993.2,994.58,995.26
992.1,993.02,994.33
993.4,995.17,995.44
992.3,995.08,995.25
992.9,994.14,994.43
991.8,996.33,997.92
992.4,996.23,998.74
993.6,997.31,997.65
993.2,996.45,996.84
992.2,996.66,996.54
993.4,996.13,994.05
992.0,996.16,996.35
991.5,994.51,992.74
992.7,997.7,994.03
991.7,996.12,996.91
992.5,997.32,994.34
990.8,996.51,995.44
991.9,997.87,995.37
989.9,996.06,994.32
991.0,996.14,994.73
989.7,995.51,994.25
990.9,996.48,994.27
990.7,993.8,994.21
990.0,992.01,994.42
990.7,994.86,993.72
991.0,994.86,993.68
990.3,994.75,993.51
991.3,995.86,993.77
990.4,994.69,993.55
991.3,995.07,995.15
990.3,994.3,993.22
991.0,994.14,993.42
990.3,993.24,992.72
990.7,995.23,996.04
989.7,993.16,994.81
990.6,995.31,995.89
989.1,992.88,993.92
988.9,992.94,994.19
989.4,993.93,993.01
989.5,994.63,995.55
988.8,992.95,994.83
989.5,995.58,995.44
988.5,992.55,994.1
989.6,994.5,994.98
988.9,992.81,994.61
989.5,993.15,995.14
989.5,994.63,997.5
990.4,995.31,1000.52
989.8,994.57,996.89
990.5,994.82,995.71
990.7,995.21,995.64
989.9,993.61,992.3
990.0,993.46,992.13
990.7,996.12,996.07
990.3,993.64,991.32
989.6,992.3,991.41
990.1,994.42,993.5
989.4,993.07,992.36
990.0,994.13,988.1
989.2,990.63,989.54
989.1,991.76,991.78
989.8,992.25,989.32
988.6,991.93,991.23
989.2,992.94,992.18
988.4,991.68,991.2
988.9,993.95,991.76
988.0,989.44,986.77
988.9,992.8,991.0
989.1,991.85,990.22
988.3,990.54,988.96
989.6,993.26,990.21
988.9,992.19,990.6
989.4,994.18,993.3
990.1,993.71,990.82
990.6,993.84,993.32
989.9,994.53,993.27
989.9,994.03,994.06
990.9,994.55,992.89
991.8,996.78,992.4
990.6,995.85,992.21
990.6,996.02,992.53
992.0,996.78,992.9
992.9,996.25,991.85
991.5,994.33,990.66
992.2,995.6,990.76
993.5,997.87,991.71
992.8,994.84,990.31
994.2,998.0,991.08
995.2,997.56,993.91
994.2,995.76,990.43
996.0,999.36,994.01
994.8,995.83,990.87
996.6,998.26,993.76
997.4,999.11,994.32
998.2,999.58,994.67
997.8,998.84,993.52
998.3,1000.45,995.27
997.4,998.68,993.69
998.0,1000.55,997.17
997.0,999.17,994.41
997.9,999.16,994.54
996.8,998.0,993.58
998.2,999.4,994.84
996.6,997.69,990.82
996.7,997.45,993.67
997.7,998.8,994.96
996.8,998.1,995.23
996.2,996.46,994.83
995.4,996.89,996.52
996.5,997.38,993.71
996.2,996.55,996.67
995.3,996.31,996.72
996.0,996.96,997.07
995.0,995.29,996.32
996.5,996.77,997.71
995.4,996.28,998.68
996.4,995.96,996.35
995.2,994.65,996.14
994.7,995.55,996.48
995.8,996.27,998.28
995.6,995.58,998.32
994.6,994.71,995.81
994.4,996.04,998.39
993.5,994.41,994.02
994.1,995.3,995.52
993.1,993.66,988.13
992.6,994.35,990.44
993.5,994.07,992.63
992.2,994.15,989.56
993.3,995.0,993.06
992.1,994.02,987.52
993.3,994.85,993.2
991.8,993.4,989.05
993.0,994.29,995.69
991.0,992.32,987.09
992.4,993.57,992.16
990.3,993.45,990.78
991.2,994.52,994.62
990.3,992.52,987.68
991.5,993.22,991.82
989.8,993.66,988.53
991.3,995.32,992.32
989.7,993.46,990.2
989.3,991.72,987.16
989.5,994.31,990.26
988.4,992.69,988.13
988.3,994.16,990.64
987.2,991.78,991.14
986.7,992.76,990.26
987.9,993.51,992.93
987.2,994.77,993.6
986.4,992.87,991.53
985.8,993.08,990.64
986.8,995.09,993.9
985.6,992.35,991.33
985.6,992.46,990.66
986.7,994.34,992.17
985.1,991.48,990.21
986.6,993.89,991.57
986.4,990.93,989.15
987.4,993.97,990.22
986.7,992.38,991.41
987.5,992.65,990.92
987.3,991.8,989.7
986.4,990.91,987.12
986.9,992.94,988.67
986.0,992.01,989.69
986.3,993.42,989.44
985.5,992.72,988.57
986.2,993.34,989.87
985.2,992.56,989.62
986.3,990.38,991.95
985.5,992.6,990.68
986.8,992.62,992.65
986.1,991.84,991.08
985.3,991.21,991.07
986.3,991.44,990.22
985.7,992.53,991.2
985.2,991.06,990.91
984.8,991.2,992.26
985.2,993.05,994.61
984.4,991.08,989.19
984.7,992.38,990.39
985.2,991.68,991.79
984.7,994.05,992.68
984.2,992.91,991.82
983.3,992.58,990.46
984.3,994.59,992.6
983.8,994.56,993.47
983.0,991.6,990.09
982.5,990.82,990.69
983.2,993.07,992.0
981.5,990.23,989.7
982.2,993.67,992.45
980.6,990.62,990.58
981.4,989.7,987.84
979.8,989.23,987.01
980.6,989.81,988.62
978.8,987.99,986.82
979.5,989.13,987.36
977.7,987.25,987.64
978.4,988.6,988.01
978.1,989.64,989.85
977.3,987.6,986.53
977.9,991.69,992.41
977.2,988.94,987.56
977.6,991.9,993.62
977.2,989.89,990.44
977.6,991.5,995.66
976.9,990.16,990.59
977.0,992.37,995.44
976.6,990.41,992.17
976.1,992.35,995.44
975.5,990.66,993.61
976.7,992.16,994.24
976.0,990.77,992.74
976.7,992.42,992.35
976.3,992.35,994.0
976.7,993.83,994.31
976.4,991.38,990.39
976.4,991.76,990.43
976.9,993.54,992.44
976.4,994.17,992.71
976.1,991.95,991.18
975.8,991.88,991.19
976.4,993.45,992.85
976.5,992.52,992.77
976.9,993.92,992.98
976.8,992.48,990.68
976.1,992.56,992.09
977.5,993.47,993.22
976.7,991.66,990.42
976.8,993.47,992.94
976.5,991.16,991.04
973.8,989.16,988.95
975.7,992.4,992.38
976.1,990.71,990.57
976.7,993.45,993.45
976.3,990.31,990.19
976.5,992.26,992.24
976.5,990.29,990.3
977.1,992.4,992.17
977.8,991.65,991.78
977.2,988.85,987.46
977.5,992.0,992.8
977.1,989.4,988.6
978.2,990.77,991.17
978.6,986.16,984.71
979.2,990.58,991.56
982.2,994.5,990.05
980.5,991.55,991.25
983.5,994.53,989.89
981.9,992.07,990.82
984.5,992.4,990.45
983.6,991.96,992.46
985.2,995.3,990.53
984.3,992.66,993.48
986.6,995.34,991.53
985.1,991.65,989.74
988.0,994.78,991.54
986.0,992.56,991.98
987.7,992.4,989.91
988.4,993.8,991.96
988.0,993.92,993.2
987.4,993.24,990.86
989.3,991.67,992.25
988.4,992.76,992.67
990.1,991.72,992.6
989.1,992.58,992.18
991.3,993.81,993.64
990.5,992.62,993.17
990.9,993.11,994.61
991.8,995.83,997.44
991.1,995.51,997.34
989.9,995.42,993.76
992.7,996.25,997.72
991.9,995.73,996.35
994.2,996.34,997.4
993.6,994.68,995.25
994.1,994.85,995.45
995.1,995.31,995.84
992.9,993.5,991.89
994.6,996.01,997.11
993.5,993.94,993.54
995.1,995.08,996.18
996.3,994.8,994.05
997.3,994.17,993.88
996.7,990.48,989.95
997.1,994.84,995.63
995.6,992.72,989.06
996.1,994.12,991.13
994.5,993.13,991.21
995.4,995.35,993.43
994.9,994.18,991.32
993.6,993.41,991.09
994.7,993.65,991.25
995.6,993.99,993.1
996.8,993.0,992.48
995.6,992.78,990.93
998.0,994.02,993.05
997.2,992.67,993.61
997.3,993.26,992.94
998.0,993.63,994.13
997.0,990.49,992.6
997.8,991.52,992.61
996.6,993.47,991.66
997.5,991.33,992.58
996.7,993.67,990.95
997.5,991.19,992.46
996.6,993.86,991.81
997.5,994.47,991.91
996.5,993.34,991.48
997.7,994.02,994.45
997.6,994.58,990.94
998.6,994.47,994.53
999.4,995.66,995.48
998.7,994.8,993.55
1000.7,996.76,996.84
999.5,994.63,992.0
1000.8,995.08,993.74
1001.6,997.09,999.03
1002.5,997.63,999.46
1001.5,996.45,995.19
1002.1,996.15,994.12
1003.0,997.43,997.74
1002.5,997.85,998.53
1003.2,999.14,1000.97
1004.0,998.02,999.15
1003.2,996.66,995.63
1003.3,997.11,997.62
1004.3,998.99,1000.29
1004.8,997.75,998.75
1003.8,997.18,998.05
1004.1,997.53,998.87
1005.0,996.94,998.52
1004.4,998.24,999.87
1005.4,998.82,1001.23
1004.5,996.4,997.51
1005.3,997.45,997.96
1004.7,997.47,999.13
1005.5,997.82,998.93
1004.7,996.58,996.9
1005.6,997.91,998.57
1005.6,997.47,998.3
1004.7,996.02,995.83
1004.8,996.48,997.97
1005.6,995.73,996.85
1006.0,996.44,997.27
1005.2,996.28,998.32
1006.7,995.98,997.06
1005.9,996.31,999.28
1007.2,996.79,997.76
1006.3,995.22,998.17
1007.5,996.01,997.14
1006.5,994.89,997.36
1006.3,995.82,997.31
1007.2,996.17,998.04
1006.1,996.73,998.98
1007.0,996.19,999.77
1007.1,996.6,998.75
1005.9,995.63,995.76
1007.0,997.46,999.46
1005.9,995.5,996.98
1007.0,996.48,998.19
1005.9,995.24,995.4
1006.1,995.87,997.04
1007.2,997.39,998.8
1006.5,996.58,998.31
1007.6,997.97,999.1
1006.5,996.13,999.52
1007.6,998.3,1000.52
1006.7,996.6,998.96
1007.8,998.6,1001.22
1007.9,998.7,1000.22
1006.5,996.84,997.84
1007.7,998.35,999.38
1006.6,996.76,998.31
1006.1,996.14,995.96
1007.3,999.25,999.6
1006.5,999.25,1000.73
1005.3,996.51,999.61
1004.4,995.76,997.77
1005.8,999.49,1000.8
1005.2,999.13,1000.81
1004.0,996.33,999.25
1004.7,999.06,1001.0
1003.6,996.09,997.91
1003.2,994.78,999.22
1004.4,997.6,999.46
1004.7,997.44,1000.04
1003.6,994.5,997.2
1004.4,997.13,999.4
1003.3,993.97,995.56
1002.8,993.94,996.77
1004.3,996.19,998.12
1004.1,996.16,999.96
1003.2,993.89,996.07
1004.1,995.78,997.71
1003.1,992.87,994.25
1002.9,992.76,994.09
1004.1,996.14,997.22
1002.6,994.55,994.58
1001.7,994.91,996.83
1002.9,995.98,996.79
1002.6,995.21,995.86
1001.5,993.96,994.24
1002.3,995.45,994.49
1001.3,993.96,992.76
1001.8,994.1,991.21
1002.7,995.01,992.96
1002.8,994.22,991.69
1001.8,993.13,992.3
1002.1,993.58,991.7
1003.4,993.68,992.46
1002.1,994.28,993.65
1003.4,993.66,992.97
1003.5,994.74,996.21
1002.5,995.28,994.76
1003.7,996.01,997.16
1002.6,994.96,995.31
1002.9,997.52,996.24
1001.9,996.15,996.57
1002.0,994.75,996.28
1003.5,995.61,997.15
1001.6,995.0,996.38
1003.1,997.34,998.95
1001.2,995.21,994.76
1002.3,997.5,997.34
1002.1,996.18,998.51
1001.1,995.37,995.88
1001.6,996.52,997.91
1000.1,995.77,994.13
1001.0,997.05,996.35
999.4,995.39,993.52
999.0,994.82,994.57
1000.6,995.83,994.5
1000.3,995.29,995.27
998.8,995.32,994.5
999.9,994.12,994.43
998.3,993.9,991.29
999.7,993.25,994.07
998.2,992.5,991.04
999.9,993.64,994.39
998.3,992.33,990.21
1000.0,994.25,995.55
998.2,992.46,990.36
999.3,994.51,995.42
997.8,992.34,991.93
998.7,993.76,993.93
997.2,991.67,994.09
997.8,993.73,992.86
996.4,992.33,994.46
995.6,992.3,990.46
996.9,993.52,993.49
995.1,992.26,989.06
996.4,992.92,988.71
994.5,992.93,989.89
995.9,993.51,993.08
995.1,993.25,993.11
994.0,991.67,987.74
995.0,994.14,994.37
993.8,992.22,985.98
994.7,993.41,993.14
993.6,991.75,987.16
993.1,992.33,987.93
994.2,992.86,990.07
992.8,990.95,989.8
993.9,992.34,988.72
993.3,993.15,990.65
992.2,988.96,988.0
992.7,993.61,992.83
991.8,993.29,989.97
991.4,991.39,986.26
992.3,992.25,990.09
991.9,992.73,989.92
990.7,991.49,988.36
989.8,991.91,990.69
990.8,993.72,993.07
989.9,994.35,994.01
988.9,991.11,989.69
987.5,991.43,989.1
988.7,993.7,990.74
986.9,990.08,988.35
988.1,991.61,990.53
987.1,987.19,981.77
987.9,994.37,992.98
986.8,990.99,987.88
986.7,990.02,987.34
987.5,992.35,991.91
987.0,988.53,988.18
987.6,991.41,992.7
987.3,990.2,990.8
988.0,992.04,991.01
987.9,990.18,989.1
987.0,990.35,992.61
986.9,989.43,991.06
987.8,990.84,990.3
987.2,989.66,991.32
988.1,990.89,988.74
987.1,991.17,992.71
987.8,991.11,992.81
987.1,990.51,990.59
987.7,990.84,993.69
986.9,990.63,989.06
987.6,990.55,991.59
987.2,990.91,989.73
987.6,990.89,990.34
987.6,990.91,992.38
988.3,991.22,991.15
987.8,991.64,991.69
988.3,991.06,990.87
988.4,993.04,994.6
987.7,990.32,991.3
987.5,991.83,991.76
988.4,994.0,994.13
987.3,991.47,991.03
988.0,993.35,993.87
988.2,992.26,992.65
987.3,991.76,991.15
987.6,992.58,993.91
988.2,990.37,993.59
987.0,992.13,991.9
987.7,992.83,993.19
987.3,993.54,993.37
986.3,991.55,990.42
986.2,992.12,991.33
987.0,993.07,992.99
986.5,994.1,995.34
985.7,992.57,993.01
985.7,993.51,992.68
985.0,993.24,992.62
984.8,992.32,989.24
985.6,992.47,990.3
984.4,992.5,991.77
985.2,993.12,992.64
984.8,993.49,993.82
985.6,993.18,995.08
986.4,994.42,993.18
985.3,992.89,990.64
986.5,993.6,991.15
985.5,992.96,990.51
985.2,994.28,995.2
985.8,994.49,993.77
984.7,992.54,991.93
985.7,993.96,991.55
984.4,993.23,991.74
985.2,991.46,990.74
984.8,994.56,992.9
983.8,992.59,992.63
985.5,992.95,990.46
984.2,993.02,991.32
984.5,992.04,990.13
985.8,994.03,991.84
984.9,992.54,991.65
986.0,994.15,992.32
987.0,994.07,990.49
985.1,990.86,988.39
986.3,990.53,989.58
987.7,992.72,990.5
986.5,990.74,988.88
987.8,993.49,991.96
986.3,989.14,989.22
988.1,993.02,990.37
987.0,989.37,987.47
988.4,991.59,990.09
988.6,992.8,992.09
987.0,989.13,988.51
989.2,991.37,994.67
987.3,987.82,990.02
988.0,988.71,990.32
989.6,992.75,995.7
988.5,990.55,991.67
990.0,992.67,993.81
990.6,992.79,994.03
989.3,989.98,989.74
989.8,991.09,989.6
990.8,992.43,993.66
990.8,993.43,993.72
989.8,991.51,991.1
990.0,992.11,991.97
990.9,993.29,992.81
990.1,991.32,988.69
991.1,994.56,994.37
990.4,991.6,988.88
991.6,993.54,992.79
991.0,991.63,991.56
992.0,994.2,993.53
992.5,993.44,992.75
991.4,992.65,992.3
991.3,992.38,992.11
992.3,992.98,990.54
991.5,993.13,994.29
992.3,991.64,992.15
992.3,993.03,990.28
991.3,993.23,989.93
992.4,994.07,992.01
991.5,993.46,990.85
992.7,993.61,992.44
992.0,993.62,990.14
992.8,993.81,991.05
991.9,993.61,990.21
992.1,993.2,990.52
992.9,992.56,990.1
992.5,993.23,991.96
993.1,993.28,995.18
993.8,993.42,994.81
993.1,993.56,991.45
993.1,994.94,993.99
993.8,994.68,995.71
992.8,993.2,994.91
993.5,994.68,995.04
992.2,994.08,994.18
992.9,995.01,993.15
993.7,996.29,995.62
992.7,994.44,995.84
993.6,996.7,996.14
992.8,995.08,995.78
993.3,997.48,994.84
992.6,995.55,994.46
992.5,996.8,995.71
991.7,995.2,993.54
991.9,996.5,996.31
991.1,994.78,994.99
991.0,995.93,995.66
990.2,994.94,992.52
990.4,995.34,993.79
989.6,994.27,994.03
987.8,993.79,990.27
988.6,994.83,994.26
988.7,994.65,992.62
989.6,995.39,995.13
988.6,993.27,990.72
989.4,994.55,995.78
988.5,993.25,990.02
989.3,993.35,995.36
989.3,993.29,991.12
989.9,993.98,993.8
989.3,992.33,990.26
989.8,993.03,993.42
990.1,993.4,994.58
989.4,992.55,991.0
989.4,991.85,991.26
989.9,993.27,995.06
989.7,992.43,994.27
989.1,991.68,991.93
988.9,992.56,993.41
989.4,993.28,996.42
988.8,990.7,991.3
989.4,993.33,996.18
988.8,992.96,994.32
989.3,994.58,996.43
989.0,991.8,994.36
989.4,992.8,995.36
989.5,992.01,994.69
990.0,993.55,995.55
989.5,992.17,994.81
990.0,994.33,997.49
990.3,994.23,997.26
989.8,992.66,995.84
989.4,992.45,994.45
989.9,994.35,996.08
988.7,991.85,992.73
989.3,993.48,994.58
988.2,991.82,991.06
988.8,993.06,993.58
988.6,991.54,991.66
988.9,994.36,994.0
989.3,993.41,993.28
988.6,990.37,989.96
988.2,989.63,990.81
988.9,991.6,992.04
988.1,990.0,991.11
988.7,993.13,993.77
988.0,991.44,991.26
987.6,991.14,991.89
986.6,988.02,988.98
987.1,992.12,992.27
986.3,989.45,988.79
987.0,991.83,992.7
986.9,988.62,986.43
987.3,991.64,992.18
987.2,989.25,988.43
987.6,991.4,991.71
988.7,991.16,990.94
989.3,991.04,992.63
989.4,992.98,993.26
988.8,989.98,989.42
988.8,990.57,991.75
989.2,992.17,991.36
989.1,992.33,991.54
988.7,991.27,991.47
989.2,993.54,993.36
988.9,991.13,992.03
989.0,991.09,993.28
989.5,994.03,993.88
989.6,994.07,993.68
989.4,992.35,992.19
989.6,992.3,992.12
990.0,992.94,991.96
989.7,992.01,992.58
990.6,992.98,991.41
990.6,993.92,993.29
990.3,992.81,992.65
990.4,993.1,991.98
990.1,992.56,992.09
989.9,993.23,994.03
989.5,991.37,990.66
990.4,992.29,993.57
989.8,992.28,992.47
990.7,994.5,994.69
990.0,991.8,991.0
990.3,993.15,993.41
989.6,991.27,991.89
989.8,992.02,994.19
989.2,988.76,989.2
989.5,991.41,993.05
988.7,990.23,990.01
989.0,991.78,992.78
988.2,988.42,988.15
987.9,987.51,986.41
988.6,991.21,991.23
988.2,992.51,991.12
987.6,989.27,989.23
988.4,989.95,991.05
987.9,988.19,986.78
987.8,987.36,986.2
988.4,991.26,992.48
988.1,988.88,985.13
989.1,990.16,988.86
989.8,992.82,992.36
989.7,989.72,990.22
990.5,993.15,992.19
990.5,990.44,994.15
989.9,989.23,988.28
989.9,990.94,990.62
990.4,992.74,993.32
989.1,991.32,990.15
989.9,992.66,993.89
990.6,993.09,993.99
989.9,991.93,990.64
990.9,993.07,994.32
990.4,992.42,991.87
990.9,992.23,991.08
991.2,993.21,994.64
991.8,994.21,994.68
991.2,991.73,990.77
991.7,992.81,991.53
992.4,993.84,994.18
991.7,993.25,992.79
992.2,993.87,994.59
991.5,993.39,992.83
992.0,993.24,994.0
990.6,992.1,992.16
991.5,995.02,994.38
991.0,993.12,992.81
991.7,993.11,995.23
992.4,993.05,994.08
991.6,991.01,990.95
992.5,993.26,994.03
991.7,990.91,990.64
991.4,990.4,990.73
992.0,992.48,994.49
990.4,989.76,990.61
991.1,991.66,995.19
991.0,991.86,994.56
990.4,989.75,991.19
990.3,992.1,994.8
989.6,989.48,989.87
990.2,993.12,993.64
989.6,988.7,988.81
990.6,992.38,993.32
990.0,990.34,989.3
990.8,991.91,993.27
990.1,989.45,990.41
991.7,991.69,992.45
990.7,990.01,990.84
991.9,991.76,993.22
991.2,991.46,993.12
991.5,992.3,994.04
992.1,992.35,993.25
991.4,991.87,993.37
991.9,993.6,993.8
991.4,992.04,992.51
992.2,993.12,993.24
991.8,991.0,990.24
992.7,992.32,992.03
992.0,992.88,991.6
990.6,993.24,992.44
991.7,993.78,990.78
990.8,993.47,992.98
992.4,991.41,992.19
991.2,992.96,992.11
992.0,992.61,992.68
993.0,993.07,992.78
992.8,994.99,990.81
994.2,995.69,993.59
993.7,993.52,992.51
994.8,995.68,993.16
993.4,994.43,990.93
994.6,995.69,992.09
994.8,995.04,991.43
993.3,995.64,993.09
994.7,997.97,995.76
994.2,996.63,994.24
994.0,996.39,992.84
995.2,994.98,992.95
995.0,996.96,993.61
994.6,992.12,989.48
994.7,997.31,992.79
993.7,994.61,990.8
993.4,998.01,994.77
994.6,997.37,994.87
994.3,998.17,996.36
993.3,998.42,996.69
994.2,996.21,993.89
993.2,996.96,996.4
993.7,996.5,995.74
992.8,996.87,995.53
993.5,996.12,996.54
992.4,995.04,993.86
992.6,994.41,993.4
993.5,995.95,996.86
993.4,995.15,995.94
992.5,993.43,994.9
993.7,994.67,995.81
992.9,994.9,995.38
993.3,994.63,995.81
992.5,995.53,995.3
993.1,995.02,994.32
992.4,992.72,994.25
992.2,992.4,994.25
993.1,993.53,994.0
991.2,994.72,994.55
992.3,994.76,994.43
991.3,992.24,993.97
992.0,992.87,992.89
991.5,994.55,993.19
992.3,993.07,994.12
991.7,993.99,993.58
992.3,991.38,994.81
992.8,994.56,995.13
991.9,993.91,994.47
992.7,994.12,995.79
991.9,994.29,994.03
992.1,994.89,993.23
992.9,995.73,997.39
993.1,994.63,997.24
992.0,994.37,994.67
992.9,995.75,997.78
991.7,994.17,993.93
992.1,996.14,994.47
993.1,996.07,998.34
992.8,996.99,998.17
991.9,996.84,994.01
992.4,997.02,998.04
991.5,995.84,993.83
991.2,995.33,992.29
992.2,997.12,995.46
991.8,995.29,993.77
990.8,995.43,993.45
991.7,996.79,994.87
990.8,996.8,994.52
991.4,994.26,992.4
990.6,994.26,994.45
991.3,995.5,994.35
990.4,992.62,994.33
991.8,994.92,994.76
990.9,994.94,991.27
992.0,995.43,995.16
991.2,995.26,994.08
991.3,995.77,993.71
992.0,994.75,994.61
991.4,994.85,994.8
992.2,991.85,994.83
991.6,995.06,996.0
992.3,991.89,996.62
991.3,994.9,995.08
992.0,993.94,995.89
991.1,994.67,994.99
991.9,994.3,995.94
991.6,994.07,996.45
990.9,994.62,995.89
991.4,995.08,995.59
990.7,995.62,996.31
990.8,995.78,995.99
991.3,993.36,991.79
990.8,996.03,996.52
991.5,993.25,990.75
991.2,995.09,997.11
992.2,994.79,993.58
992.4,995.53,995.35
991.6,994.95,997.36
991.9,993.77,995.26
992.6,994.97,994.8
991.9,994.85,996.41
992.7,994.76,995.48
992.2,994.0,994.51
993.0,994.03,993.76
992.0,992.12,991.07
992.8,993.45,993.25
992.0,992.33,992.53
992.7,992.71,990.11
991.8,991.21,987.35
992.5,993.32,990.24
992.1,991.61,991.39
991.2,991.38,988.75
992.1,993.6,991.89
991.3,991.96,989.15
992.0,993.24,991.61
991.4,991.64,989.9
992.2,991.85,992.37
992.2,991.83,991.59
991.3,994.4,991.07
991.6,993.37,993.7
992.5,995.69,994.37
991.8,993.55,994.78
992.7,996.08,994.31
992.2,995.3,994.77
993.3,995.94,993.04
992.8,995.41,995.51
993.8,995.19,994.47
993.7,993.08,995.35
992.9,995.83,996.08
992.9,996.85,998.4
993.8,996.06,995.76
992.9,995.99,997.97
993.9,994.43,995.78
993.0,995.98,993.03
994.2,997.42,995.36
993.4,994.84,993.23
994.4,994.7,997.54
994.8,997.77,998.06
993.8,995.21,993.69
995.2,997.05,998.34
994.2,992.87,993.62
995.3,996.82,995.98
994.5,994.23,993.83
995.5,996.98,995.57
994.5,992.34,993.98
995.9,998.16,994.65
994.9,995.22,995.78
995.1,994.95,994.27
996.0,998.32,994.58
994.9,995.72,994.26
996.1,995.35,991.51
995.0,994.59,992.86
996.1,998.49,995.98
997.0,997.62,994.52
995.5,994.92,993.16
996.4,997.07,995.08
995.2,994.92,993.87
995.6,996.67,995.0
994.7,995.68,996.43
995.3,997.75,996.35
994.2,995.38,997.74
993.5,995.63,997.32
994.0,996.81,997.57
993.9,997.48,997.73
993.1,994.47,995.3
993.7,995.82,994.96
992.3,992.19,996.6
993.8,997.05,999.39
993.7,995.08,997.93
992.6,994.23,996.08
993.8,996.06,996.26
992.6,994.13,996.23
993.8,994.5,996.16
992.6,993.98,996.39
993.8,995.29,998.2
992.6,992.99,994.06
993.5,992.34,996.4
992.3,993.56,994.84
993.0,992.24,997.56
992.1,993.1,995.02
992.0,994.17,994.53
992.9,995.07,999.68
991.3,990.37,992.27
992.3,994.74,998.17
991.6,995.46,997.77
990.7,993.77,994.58
990.5,991.32,995.18
991.4,995.57,998.02
991.1,993.33,993.82
992.3,995.85,999.28
991.9,993.86,998.35
990.8,994.57,996.18
991.7,993.72,998.3
990.6,993.98,996.31
990.4,994.33,996.09
991.1,994.32,995.94
990.3,993.91,996.49
991.0,996.21,998.36
990.1,994.17,996.73
991.2,996.57,998.58
989.9,995.02,997.26
991.2,998.02,997.52
989.6,995.07,996.15
990.8,997.79,997.75
988.9,995.89,997.73
990.3,997.15,996.99
989.6,996.74,996.83
988.3,995.41,996.93
989.3,995.48,994.22
988.1,993.39,991.56
988.9,995.3,994.66
987.9,995.45,996.19
987.1,995.22,994.84
988.2,995.93,996.41
987.0,994.8,993.82
988.2,995.53,996.74
986.9,994.65,995.05
987.8,995.56,994.72
986.6,993.96,995.13
987.8,994.95,994.97
987.5,991.06,992.99
986.7,992.72,991.9
986.6,992.31,992.76
987.4,992.62,992.99
986.2,993.52,994.48
987.1,992.59,992.87
986.1,993.38,991.83
986.9,992.63,992.68
985.9,993.02,991.33
986.4,990.78,991.39
985.3,992.22,990.07
986.0,993.11,991.23
985.4,992.21,991.74
984.7,993.66,992.9
985.2,991.77,992.28
984.7,992.85,993.36
985.5,991.59,993.48
984.8,993.85,994.84
986.0,993.57,995.08
985.0,993.19,995.22
985.8,993.73,994.8
986.6,994.43,994.52
986.4,992.78,993.64
987.1,992.55,991.86
986.7,992.98,991.94
986.0,990.16,993.61
985.9,992.7,990.64
986.3,993.4,993.78
985.4,993.29,991.59
986.1,992.12,995.32
985.8,992.98,993.05
985.2,992.03,990.98
985.6,992.92,992.55
984.7,991.63,991.52
984.7,994.06,995.9
983.9,994.96,993.68
984.5,994.33,995.64
984.0,993.05,993.35
983.2,993.79,992.21
984.0,993.67,994.88
983.0,993.15,994.05
983.5,993.01,992.76
984.5,993.64,991.78
985.3,991.49,990.43
983.9,992.41,992.18
986.7,994.11,990.95
986.0,992.05,990.32
985.7,991.35,991.03
987.0,994.52,991.36
985.9,990.72,991.67
987.2,991.87,990.71
987.3,993.9,992.78
986.4,990.8,990.96
986.2,991.5,991.86
987.3,993.66,993.01
986.2,991.75,989.96
987.4,992.22,992.54
987.6,992.28,991.0
986.3,990.4,989.68
987.7,993.12,990.94
986.6,990.36,991.61
988.4,994.15,992.9
987.2,990.79,992.1
989.5,993.85,994.97
988.3,991.44,993.23
990.1,992.4,992.86
988.6,990.46,991.15
990.7,992.26,991.2
989.5,989.71,991.07
991.8,992.67,991.66
990.5,989.43,987.86
992.3,992.3,994.23
991.1,989.4,989.21
992.5,993.24,993.91
991.5,990.68,989.48
993.1,993.59,994.41
992.1,991.44,990.35
993.5,995.44,994.56
992.4,992.91,993.86
992.5,993.7,992.89
993.5,995.63,993.34
992.9,994.34,993.04
993.8,994.96,994.26
992.6,994.13,993.0
993.4,996.11,994.65
992.3,993.37,993.5
993.2,994.34,992.41
992.1,993.48,992.36
993.0,993.89,993.03
992.4,990.92,992.58
993.2,993.44,993.1
993.6,992.87,992.26
992.8,990.61,992.35
993.0,992.69,994.05
993.7,992.52,992.49
993.6,992.98,993.52
994.6,993.47,991.87
994.1,993.43,990.82
993.3,993.1,992.67
993.1,994.04,991.1
993.9,994.65,992.89
993.3,992.92,989.59
992.6,989.69,990.28
993.8,993.3,992.54
992.8,993.0,991.65
992.5,989.75,992.93
993.2,993.16,991.34
991.9,989.13,992.14
992.5,993.68,990.21
992.7,994.43,990.34
992.1,992.45,992.27
992.0,994.13,992.32
991.0,995.29,992.49
991.2,994.24,992.62
990.1,994.3,990.8
990.6,996.18,997.01
989.6,992.56,989.39
990.3,995.08,994.53
989.5,994.34,992.66
990.6,995.01,994.94
989.4,991.3,992.45
988.6,994.42,993.2
989.7,995.11,995.61
989.1,992.35,991.45
990.0,993.11,993.09
989.8,994.05,994.14
988.0,991.01,989.53
989.1,989.99,987.95
990.1,993.09,991.93
987.8,992.17,992.58
987.0,991.76,992.07
989.4,993.99,992.74
988.1,991.35,991.86
988.9,991.99,991.51
990.1,994.03,995.73
989.1,991.08,991.53
990.4,992.92,992.55
989.7,990.66,993.22
990.8,993.63,991.82
990.8,991.16,992.16
991.1,991.17,992.3
992.0,991.74,989.88
990.9,990.3,989.77
992.3,992.02,989.01
991.4,991.65,990.82
991.4,991.81,990.31
992.4,994.64,992.72
992.0,993.02,990.08
992.7,992.68,992.56
992.1,992.3,992.07
993.0,992.7,991.86
993.5,993.12,992.66
992.7,989.82,990.25
992.9,993.75,991.37
993.8,993.82,995.52
993.4,993.54,993.97
994.0,993.95,994.37
993.6,994.41,994.84
994.1,993.77,991.98
993.3,994.8,993.32
994.1,994.4,993.06
993.4,994.96,991.94
994.0,994.51,992.26
993.2,994.22,992.0
993.9,994.68,992.14
993.0,993.74,990.14
993.8,993.67,987.03
992.8,994.3,990.98
993.4,994.61,988.94
993.1,991.6,986.85
992.4,993.42,986.3
992.9,991.81,989.12
992.1,993.64,987.64
992.9,992.1,992.26
992.1,992.81,994.06
992.7,993.81,991.71
991.7,994.59,992.47
992.7,994.85,994.27
991.8,994.77,994.13
992.2,994.99,995.87
993.1,994.7,995.65
993.5,992.92,994.04
992.8,992.1,996.15
993.6,994.23,995.35
993.0,992.1,996.35
993.8,993.74,995.74
993.9,993.69,997.26
993.1,992.14,996.26
993.3,991.8,997.8
992.6,991.86,997.51
992.1,995.55,997.25
993.0,992.42,997.88
992.5,992.36,999.04
991.7,995.57,995.35
991.4,995.99,996.86
992.2,994.83,998.72
991.3,996.37,996.82
992.1,994.49,998.7
992.7,994.75,994.56
991.9,995.7,997.55
992.6,994.98,997.79
991.8,995.51,998.57
992.7,995.84,998.49
991.9,995.01,996.91
992.6,994.94,997.37
991.9,994.9,997.78
992.9,995.15,997.21
992.1,994.34,995.73
992.9,996.39,997.15
992.1,994.22,995.25
992.4,995.59,996.71
991.6,993.57,993.03
992.1,993.92,991.74
991.3,994.96,994.6
991.7,992.01,994.33
990.9,994.05,993.92
991.1,993.37,994.67
992.1,997.03,992.73
991.1,995.08,994.35
992.1,997.54,994.68
990.8,995.35,993.91
991.6,997.76,995.29
991.0,994.47,996.41
991.3,994.7,993.66
990.9,994.1,994.31
991.4,994.02,991.96
991.0,993.25,993.91
991.8,993.51,990.9
991.1,993.87,995.96
991.8,993.61,992.0
991.5,995.04,993.65
990.9,994.72,994.3
992.0,994.45,993.22
991.4,994.96,994.27
991.9,993.32,992.87
991.3,994.6,993.69
991.0,994.27,993.22
991.6,993.56,991.85
991.0,994.46,992.71
991.7,993.89,993.92
991.3,994.47,993.3
990.7,993.35,991.41
990.4,994.2,991.45
991.1,994.37,993.57
990.2,993.0,990.99
991.0,993.92,992.55
990.0,993.43,991.58
990.6,994.71,991.65
990.2,994.18,993.3
990.8,993.61,991.96
991.2,994.58,995.05
990.6,993.92,994.63
991.2,993.79,994.14
990.6,994.33,994.51
990.5,994.89,998.36
991.1,994.79,996.58
990.4,995.76,997.44
989.7,993.3,995.91
990.2,995.73,996.66
989.4,994.3,995.7
989.1,993.8,993.99
989.7,994.74,996.54
988.3,993.58,993.25
989.2,995.47,995.91
988.4,994.44,996.17
987.6,993.83,993.77
987.9,993.6,993.61
987.1,991.96,990.69
987.6,993.25,993.55
986.9,992.5,991.02
987.1,992.42,993.48
986.5,993.03,991.9
986.9,993.28,993.91
986.1,992.2,991.23
985.9,992.79,991.81
986.7,992.9,994.08
986.7,992.25,995.49
985.8,992.46,992.75
986.0,992.18,994.18
986.9,990.62,996.07
987.5,993.2,996.1
986.7,992.03,994.57
986.8,992.34,994.32
987.5,991.29,996.59
987.1,993.57,994.31
987.9,992.99,996.22
987.2,994.08,993.71
988.1,991.0,997.16
986.2,993.43,993.39
986.9,993.54,997.21
986.3,993.3,993.24
987.3,993.54,997.03
987.5,991.17,995.8
986.6,990.09,992.36
987.2,992.76,992.91
987.9,991.28,996.15
988.4,993.05,996.43
987.6,990.38,992.8
989.5,994.95,994.39
988.2,993.78,993.16
990.4,994.77,992.83
989.2,993.07,993.5
989.2,992.16,991.43
990.6,995.1,992.94
991.2,995.31,995.29
989.9,992.27,991.81
990.8,992.83,993.19
992.0,995.18,994.76
990.7,991.77,991.84
991.8,995.37,995.2
990.3,993.81,992.87
991.5,995.66,995.29
989.8,992.7,991.79
991.2,995.73,994.76
989.6,992.68,993.51
990.6,996.51,996.91
989.5,992.76,992.58
990.7,995.56,995.83
989.2,993.63,994.94
990.4,994.58,994.49
989.4,992.79,993.19
990.6,995.2,995.82
990.3,992.35,993.93
991.6,994.37,995.4
990.7,992.09,993.68
991.9,995.15,998.0
992.2,995.49,997.25
990.9,992.82,996.19
992.4,995.17,995.42
991.4,992.65,993.6
992.1,995.14,993.76
991.1,992.69,992.59
991.0,993.33,992.57
992.2,995.05,992.41
991.0,993.01,992.59
992.1,994.44,991.75
991.0,993.16,991.48
992.3,994.85,992.23
992.5,994.78,990.51
991.3,992.38,990.42
991.0,992.82,993.07
992.1,994.06,990.06
991.2,992.14,991.72
992.1,990.95,990.34
991.1,992.74,993.45
992.2,994.5,993.66
991.7,995.05,995.03
990.6,993.76,996.23
990.8,992.73,993.97
991.7,995.41,995.09
992.5,995.67,995.15
991.5,993.82,994.37
990.6,993.16,992.92
991.8,996.73,995.07
991.0,995.8,993.75
990.3,994.51,993.84
991.1,996.96,995.32
990.5,994.96,993.5
990.2,995.52,994.75
989.3,993.48,991.18
990.2,995.05,994.25
988.8,994.23,992.67
989.1,994.76,991.61
986.4,991.68,990.97
989.0,993.76,990.6
987.7,993.66,991.05
987.7,993.33,991.21
986.6,993.37,991.95
987.8,990.94,989.57
991.0,990.66,986.84
985.5,990.43,986.8
984.7,991.12,991.23
986.0,991.39,987.25
985.5,990.62,990.86
986.0,992.15,992.53
987.0,990.79,985.86
988.1,990.21,985.96
987.1,988.73,990.73
987.0,990.16,989.36
988.1,992.1,992.73
987.3,988.62,990.44
988.2,989.25,991.57
988.6,991.77,992.73
987.4,991.14,992.18
988.6,991.53,993.11
987.6,992.04,995.38
988.4,992.94,994.33
989.1,989.94,993.28
989.0,991.59,993.97
989.6,989.9,992.55
989.5,990.95,993.96
990.2,990.52,995.02
990.5,991.53,993.61
989.6,991.09,992.89
990.1,991.77,992.12
990.8,991.19,991.28
990.7,991.79,992.72
990.1,991.01,990.82
990.6,991.66,993.53
990.0,991.38,991.85
989.9,991.12,992.66
990.5,990.96,993.93
990.4,992.19,993.9
989.8,990.99,992.84
989.4,988.87,990.94
990.2,991.74,992.14
989.0,988.49,989.38
989.7,991.34,991.73
989.5,989.32,989.95
988.8,989.29,989.96
988.4,988.33,991.25
989.3,988.15,990.4
988.3,986.58,989.65
988.7,987.62,989.93
987.8,988.49,989.98
988.3,988.05,990.39
987.5,987.38,988.93
988.5,988.71,991.22
987.9,987.97,990.72
988.1,988.14,988.91
988.7,990.49,991.79
989.6,990.88,991.86
988.9,988.17,988.65
989.5,990.48,991.09
989.9,989.54,990.6
989.4,990.97,991.28
990.0,990.54,992.15
989.3,990.81,991.97
990.0,991.31,991.07
990.3,991.86,992.5
989.6,991.7,992.51
990.7,991.86,992.7
990.7,991.73,992.46
990.0,992.14,992.24
991.1,991.62,992.98
990.6,993.26,992.9
991.7,992.21,993.71
991.0,993.43,993.3
992.1,992.79,994.17
991.5,992.99,992.37
992.0,993.77,993.92
992.6,992.15,993.35
992.6,992.94,994.36
992.2,992.64,994.42
991.9,993.21,994.02
991.5,993.87,994.63
991.3,992.51,994.73
991.9,994.51,994.53
990.9,991.68,994.6
991.6,993.72,993.44
990.9,992.14,994.98
991.6,991.69,990.77
990.5,990.05,994.36
991.3,991.04,992.12
990.1,988.82,992.84
990.8,990.67,991.68
989.5,988.25,994.03
990.1,989.97,991.24
988.3,987.02,993.4
989.0,987.97,990.94
987.8,987.5,988.71
987.3,986.49,993.26
987.1,988.26,992.48
987.6,990.19,990.86
987.7,989.97,991.32
987.0,987.8,992.34
988.2,987.28,991.02
989.0,991.28,992.51
988.6,988.31,992.51
989.4,990.12,992.19
988.5,988.49,991.2
989.1,989.63,991.25
989.0,989.18,992.69
989.6,990.68,992.23
990.4,990.7,991.18
989.4,990.66,992.42
991.8,994.66,992.96
990.6,992.8,993.01
991.0,994.55,992.22
991.4,993.45,992.31
992.1,992.95,992.98
991.2,993.57,991.44
992.2,994.6,992.87
991.2,992.24,990.94
992.1,993.94,991.72
992.9,993.72,992.61
992.6,993.7,991.71
993.4,993.32,993.64
993.6,994.47,994.26
992.9,994.72,993.06
993.3,994.64,995.24
994.1,993.45,995.63
993.0,994.43,993.56
993.7,994.0,995.42
993.7,992.77,994.74
992.9,993.04,992.78
993.0,991.13,990.79
993.6,991.1,993.85
992.4,989.33,989.77
993.0,992.56,993.55
992.3,987.28,989.96
991.7,986.38,989.32
991.2,986.43,990.2
991.6,987.45,990.33
990.6,986.19,990.84
991.2,987.25,987.52
990.9,985.71,988.78
990.3,985.49,989.64
990.0,984.93,989.81
990.7,985.52,988.29
990.5,984.34,990.39
991.0,986.43,987.94
990.4,986.22,990.04
991.0,987.91,990.13
991.6,988.49,991.4
991.0,988.51,992.18
992.5,989.03,992.05
991.8,988.26,990.76
992.0,989.03,992.81
992.7,990.8,991.96
993.3,992.42,992.35
992.6,990.6,993.4
992.6,991.86,992.35
993.5,992.12,992.6
993.4,992.26,993.71
992.2,993.02,992.96
993.7,992.95,994.55
992.6,995.12,991.64
994.3,994.78,994.94
993.4,993.85,992.23
993.7,995.15,993.52
994.6,993.94,994.0
994.2,995.07,994.73
995.1,992.49,994.91
996.3,995.78,995.43
995.1,994.79,993.55
995.6,995.07,992.96
996.3,994.22,994.74
996.6,994.68,994.54
995.8,994.41,993.77
995.8,993.99,992.76
996.6,995.55,995.46
996.5,997.5,993.14
995.4,997.38,992.79
995.3,997.38,991.19
996.4,997.28,990.52
996.1,997.49,990.52
995.2,998.83,992.19
995.9,997.27,990.5
994.9,998.27,992.26
996.0,998.03,992.85
995.0,998.14,991.88
994.6,997.48,989.59
995.6,996.29,990.72
995.2,994.96,991.76
994.2,998.36,991.49
995.6,995.65,993.44
994.5,995.64,991.45
994.9,995.99,992.84
995.9,992.73,995.81
995.2,995.83,993.17
996.3,993.58,995.52
996.1,992.75,993.46
997.5,995.84,994.12
998.3,994.97,994.08
996.9,993.96,993.22
998.7,996.15,994.54
997.4,994.07,993.83
999.2,995.88,995.45
997.9,992.63,993.98
999.8,995.65,993.47
998.3,992.49,994.68
1000.1,995.06,993.0
998.8,993.43,993.56
999.2,992.84,993.59
1000.5,996.24,997.63
1000.7,995.08,994.7
999.5,992.95,992.41
1000.0,993.09,995.05
1001.3,994.93,992.23
1002.0,995.98,995.31
1000.8,993.14,995.45
1002.6,996.09,994.95
1001.4,993.46,993.25
1001.9,995.2,998.09
1003.2,996.93,997.41
1002.7,994.38,996.24
1004.0,996.91,999.38
1004.6,998.0,999.68
1003.4,995.08,996.94
1003.7,995.13,996.84
1004.8,997.66,999.02
1004.9,998.24,998.14
1003.8,996.09,997.05
1003.8,995.97,996.36
1005.0,998.5,999.94
1004.8,998.05,999.14
1003.6,995.95,996.92
1003.3,995.78,999.29
1004.7,997.78,998.7
1003.0,994.92,999.99
1004.5,998.15,1001.16
1004.5,996.04,998.73
1003.2,995.13,999.81
1002.5,994.55,999.7
1003.8,996.87,1002.15
1003.2,996.52,1000.76
1002.2,994.28,997.95
1002.1,993.81,1001.04
1003.2,995.94,1002.15
1003.6,996.29,1001.2
1002.5,993.95,998.52
1003.7,996.0,999.22
1002.6,994.35,998.64
1003.5,995.75,1001.23
1002.3,994.59,1000.37
1003.0,994.8,999.59
1002.0,993.86,997.83
1003.1,995.26,999.42
1002.1,992.98,997.51
1002.2,993.6,997.12
1003.1,994.73,998.97
1003.0,991.99,998.19
1002.1,993.39,995.61
1002.4,994.09,994.76
1003.3,994.02,996.68
1003.8,994.22,996.7
1003.0,995.15,997.84
1003.7,994.59,997.13
1004.5,995.31,998.37
1003.8,995.76,997.55
1004.5,995.8,997.9
1003.9,994.7,995.85
1003.2,993.88,996.7
1003.0,994.45,995.77
1004.1,995.09,996.68
1004.0,996.73,997.05
1003.1,996.24,996.1
1002.6,995.64,997.51
1003.6,996.54,997.43
1001.9,996.32,996.61
1003.1,996.7,996.79
1002.5,997.31,997.92
1001.5,995.72,996.22
1000.6,995.98,996.65
1001.7,996.17,995.88
999.8,996.06,995.93
1000.9,995.22,993.6
999.3,994.05,993.35
1000.3,993.13,992.58
999.1,993.3,994.0
1000.0,993.64,992.93
999.4,991.68,990.97
998.5,992.12,991.31
999.0,989.77,992.73
998.2,990.56,990.28
998.1,991.05,989.59
998.9,992.27,994.21
998.7,991.3,992.09
998.0,991.46,990.73
998.2,992.15,994.24
997.5,992.6,993.42
998.1,992.51,995.81
997.6,992.07,992.09
998.7,991.38,996.45
998.1,992.67,992.88
998.6,991.95,993.4
998.1,993.63,993.38
998.6,992.82,992.68
998.1,993.91,995.69
997.9,994.41,994.38
998.2,992.95,992.53
998.5,993.73,992.46
998.7,992.86,991.63
999.6,993.38,992.22
999.1,994.74,994.67
1000.1,993.72,993.66
999.7,994.49,994.99
999.8,994.0,994.03
999.3,993.8,994.47
999.6,993.47,992.85
999.0,993.18,994.92
999.7,993.62,993.91
999.1,993.98,996.67
999.7,992.5,993.42
999.1,992.91,994.59
998.7,992.18,993.2
999.4,992.23,993.63
998.4,991.66,991.99
999.1,992.59,994.42
997.8,991.07,991.92
998.6,989.84,993.45
997.5,990.99,992.29
998.3,991.7,994.14
997.0,988.94,992.17
997.7,990.09,993.34
996.7,988.8,992.73
997.3,988.82,992.79
996.9,987.59,992.26
996.1,987.41,990.67
996.2,987.0,992.21
995.7,987.37,991.58
995.9,988.86,992.68
995.4,988.37,991.79
995.5,990.56,991.84
996.1,988.99,991.94
996.3,989.87,992.46
995.6,991.51,991.52
995.8,992.17,992.98
996.3,990.28,992.57
995.3,990.74,991.09
995.9,990.83,991.72
996.1,992.05,992.25
995.5,992.15,992.21
995.6,991.8,991.05
996.3,991.5,990.41
996.2,992.86,991.13
996.9,992.23,991.13
997.2,992.95,992.03
996.7,993.04,991.35
996.6,994.34,991.16
997.0,993.18,992.18
997.0,993.9,991.75
997.5,993.33,992.97
997.2,994.39,992.55
997.9,992.78,992.77
997.9,992.69,991.94
997.3,992.55,991.43
996.7,993.67,990.68
997.6,991.63,992.22
996.7,991.31,991.88
997.4,992.45,993.26
996.4,991.77,992.04
997.0,991.77,992.01
996.6,991.74,990.87
995.9,991.06,992.18
996.2,991.34,991.62
995.6,992.04,992.42
995.2,990.0,991.03
994.9,988.98,992.52
994.2,989.35,993.81
994.7,989.93,991.22
993.8,987.0,991.57
994.4,989.34,991.06
994.1,988.34,991.71
993.4,988.12,992.62
993.5,988.17,991.42
993.0,987.26,992.72
993.5,988.25,990.9
992.8,987.27,992.3
993.4,989.17,992.3
992.9,988.53,992.56
994.2,991.09,992.74
993.5,988.56,992.8
994.8,989.82,994.03
994.2,989.6,993.6
994.4,990.67,993.04
993.7,989.78,991.44
993.6,990.41,991.87
994.2,990.52,993.89
993.8,991.61,992.44
994.8,991.82,993.9
995.2,992.76,994.33
994.5,990.81,991.89
995.7,992.04,993.48
994.9,991.71,992.23
995.8,993.13,994.13
996.2,993.3,993.18
995.1,992.43,991.07
995.9,992.41,994.24
996.9,994.36,993.23
996.2,994.05,994.69
997.0,992.98,993.14
997.4,994.59,993.83
996.2,994.88,994.29
997.5,994.5,992.75
996.3,995.05,993.52
997.9,995.89,993.75
996.7,995.46,993.31
997.9,994.63,992.82
996.9,995.89,993.55
997.7,994.62,993.76
996.8,995.91,994.49
997.2,996.4,993.88
996.4,997.41,993.24
996.0,995.72,992.69
996.9,996.62,994.21
996.7,996.15,994.47
995.7,996.35,993.72
996.3,995.05,994.23
995.3,995.62,992.45
994.9,995.51,994.14
995.8,994.34,992.63
994.4,995.68,994.41
995.4,991.66,992.37
994.7,995.25,994.1
995.8,993.25,993.23
994.9,994.95,993.88
996.0,991.83,994.38
996.2,992.72,994.92
995.2,995.78,994.39
995.7,995.57,993.35
996.6,991.39,994.51
996.7,991.8,995.27
995.8,995.28,993.4
995.7,994.0,993.76
996.5,991.59,994.71
996.6,991.62,994.86
995.5,994.28,993.5
995.7,994.33,993.86
996.6,993.61,994.56
995.7,994.29,992.75
996.7,994.9,995.18
995.8,992.99,992.2
997.0,994.75,995.22
995.7,993.06,992.06
997.0,995.35,994.5
997.6,995.64,995.26
997.8,994.42,994.51
996.7,995.49,995.64
997.0,993.24,991.22
998.0,996.37,994.84
997.3,994.08,992.9
998.4,997.46,995.11
997.2,995.07,993.57
998.3,996.85,994.68
997.0,995.55,994.1
998.0,997.97,994.5
998.0,997.4,993.81
996.9,995.9,994.83
996.7,996.49,996.08
997.8,998.64,993.3
996.3,997.13,996.82
997.3,998.63,995.51
995.8,997.4,997.45
997.0,998.04,994.95
996.6,997.18,995.8
995.6,995.79,997.31
996.3,996.25,997.18
995.5,995.89,997.78
996.3,994.5,995.9
995.4,995.0,994.72
995.9,993.93,992.15
995.2,993.08,994.87
995.7,992.73,991.34
994.8,991.46,996.37
994.5,993.55,996.35
995.4,994.21,992.88
994.5,992.94,995.66
995.5,993.4,992.17
994.6,994.28,995.11
995.3,993.23,992.48
995.5,992.42,993.56
994.6,991.04,996.0
994.5,993.21,994.79
995.2,992.7,993.88
994.2,995.38,995.49
995.0,990.87,995.16
994.9,991.68,996.15
994.2,994.89,995.13
994.3,995.8,995.38
995.2,994.45,996.57
995.1,994.13,995.2
995.9,991.91,997.89
995.6,995.43,996.16
996.5,991.84,997.9
996.3,994.84,997.88
995.5,994.19,995.16
996.6,994.33,998.17
995.8,994.03,994.22
995.9,993.34,996.46
996.8,993.98,997.03
996.7,993.17,997.9
995.9,994.86,997.01
996.8,994.47,996.72
995.9,995.17,996.14
996.0,996.28,997.68
996.9,995.32,995.03
996.8,994.6,994.47
996.0,994.69,995.73
996.6,994.93,993.19
995.7,996.07,997.02
996.5,996.45,993.26
995.4,994.34,994.61
996.2,993.56,992.08
995.1,995.0,995.88
995.9,991.75,990.96
994.8,994.5,995.18
994.5,993.62,993.61
995.2,992.25,991.06
994.2,990.99,994.22
995.2,993.3,992.45
994.1,990.98,993.65
995.2,993.22,992.16
994.4,991.07,993.73
995.4,993.56,991.83
994.7,992.54,993.12
995.5,992.84,992.12
995.7,992.61,992.57
994.8,991.77,994.59
994.7,992.13,993.87
995.6,992.05,992.77
994.3,992.1,993.23
995.5,992.22,993.05
993.9,993.74,994.1
994.8,993.15,993.69
995.0,992.57,995.81
994.2,993.95,992.65
994.4,994.11,992.7
995.2,993.02,995.55
994.4,993.82,992.59
995.2,993.81,995.32
994.7,993.93,993.1
995.5,994.22,994.88
994.4,993.26,992.95
995.2,994.08,994.06
994.8,993.63,994.27
995.5,993.17,993.63
996.7,992.8,991.64
995.8,993.99,993.26
996.3,992.63,992.3
996.9,994.33,993.08
996.3,993.2,992.66
996.6,993.85,990.64
994.9,993.35,990.73
995.0,991.95,991.64
995.6,993.69,990.62
994.9,993.63,991.15
992.7,994.54,991.77
992.0,990.24,989.51
992.8,993.49,991.8
992.4,991.98,991.17
993.3,994.12,992.1
992.5,991.18,991.33
993.0,993.1,992.54
992.4,992.1,991.77
992.8,992.25,992.11
991.9,991.07,990.42
991.7,991.17,991.33
992.7,993.19,992.76
992.1,992.19,993.31
992.9,994.19,992.49
993.2,992.99,992.44
992.5,992.87,993.61
993.1,992.09,993.84
992.6,991.67,991.5
993.1,991.6,993.57
992.2,992.84,992.74
993.0,991.39,994.13
992.4,992.24,992.19
993.4,992.69,993.54
992.8,991.93,991.32
992.4,992.22,991.87
993.3,993.26,994.34
993.6,993.81,993.39
992.7,992.63,992.39
993.3,992.69,992.51
994.5,993.9,994.11
994.3,993.87,993.7
993.3,992.02,991.07
994.1,991.92,991.42
995.0,994.02,993.43
994.6,993.03,992.57
995.5,992.74,991.39
995.0,992.99,993.61
996.1,993.61,992.55
996.5,995.99,995.06
995.5,994.58,993.81
995.7,993.95,992.99
996.6,995.96,994.71
996.1,994.12,994.77
996.9,994.68,993.15
996.8,993.93,990.66
996.1,993.62,990.71
996.8,994.43,990.95
996.0,992.66,987.04
996.7,994.01,991.69
996.0,992.45,988.45
996.6,993.47,990.52
996.0,992.63,991.17
996.4,994.93,992.74
995.4,991.87,992.43
995.3,991.86,991.06
996.2,992.96,990.05
995.3,992.06,990.23
996.1,992.68,990.11
996.6,992.35,990.35
995.9,992.04,990.72
996.5,992.51,991.45
997.2,993.85,991.47
997.4,992.44,990.29
998.4,993.05,990.49
998.9,993.24,991.98
999.8,992.82,989.65
1000.2,993.88,990.96
999.1,992.95,991.08
999.5,994.94,992.64
1000.5,995.36,992.17
1000.6,995.16,992.06
999.9,995.26,992.82
999.7,995.13,991.72
1000.6,994.27,992.81
1000.3,994.62,994.46
999.5,995.77,993.12
999.5,996.12,992.86
1000.4,995.89,994.12
999.8,995.52,992.21
1000.8,996.26,994.05
1000.6,995.12,993.41
1001.5,995.55,995.12
1001.1,995.73,994.38
1001.9,996.8,997.63
1001.6,995.85,996.2
1002.3,995.2,996.06
1001.8,995.94,996.46
1002.7,996.95,996.95
1003.0,996.48,995.83
1002.1,995.59,996.25
1003.4,998.99,993.38
1002.2,994.42,993.15
1002.5,997.02,995.83
1003.5,997.9,996.71
1003.1,999.01,994.43
1002.1,996.74,995.07
1001.8,998.81,995.3
1002.9,1000.23,994.41
1001.7,996.65,995.58
1002.7,999.65,996.13
1002.5,999.07,995.82
1001.6,997.63,995.82
1002.4,996.12,994.53
1001.4,996.0,994.39
1001.2,996.89,995.6
1002.2,996.08,994.76
1001.5,995.76,993.99
1002.4,995.78,994.03
1001.4,995.61,994.38
1002.4,996.14,994.66
1001.5,995.77,994.4
1002.4,994.87,994.16
1002.8,994.49,994.59
1001.9,995.19,995.39
1002.6,994.86,996.55
1002.0,992.62,994.74
1002.7,994.96,996.55
1001.7,995.06,996.52
1002.5,994.68,996.5
1001.7,995.96,997.19
1002.4,994.46,995.98
1001.7,996.16,996.98
1002.4,994.65,994.61
1001.7,995.95,996.67
1002.5,995.87,996.26
1001.8,996.01,997.51
1002.2,996.03,996.99
1002.7,993.14,996.69
1002.8,994.53,997.23
1002.1,996.31,995.54
1002.3,995.79,995.47
1003.0,994.95,997.91
1003.1,994.99,997.63
1002.5,994.23,995.22
1003.1,993.41,997.53
1002.2,994.72,996.27
1002.7,995.45,998.19
1002.1,993.27,993.74
1002.6,993.6,995.74
1001.9,993.54,994.37
1001.5,994.19,995.42
1002.2,993.06,994.49
1001.1,994.18,993.85
1001.8,995.37,994.89
1000.3,993.18,994.01
1000.9,993.75,993.95
999.6,993.39,993.2
1000.1,995.36,993.88
999.6,990.7,992.39
999.0,994.07,994.25
998.4,990.61,991.72
999.1,990.2,991.96
998.8,992.38,992.87
998.2,990.34,992.41
997.8,990.43,990.96
998.5,992.08,992.75
998.4,992.2,992.52
997.7,991.17,994.84
997.6,991.93,993.74
998.2,990.01,992.8
998.2,992.1,993.08
998.8,992.39,993.89
998.5,993.17,992.26
999.2,992.51,993.13
998.9,993.62,991.98
999.3,993.32,993.15
998.8,993.46,991.33
999.3,992.5,991.68
998.7,993.64,990.59
999.4,992.82,992.76
999.3,994.01,993.76
998.8,993.0,990.1
999.1,992.91,990.44
999.9,994.37,992.68
999.1,994.64,991.37
999.8,994.59,993.36
1000.1,993.96,993.87
999.4,995.5,993.82
999.4,995.32,992.79
1000.1,994.73,993.39
999.6,994.03,990.77
1000.4,993.2,992.66
999.7,994.57,992.77
1000.4,994.03,994.82
999.8,994.25,992.99
1000.6,994.98,994.48
1000.2,994.1,993.08
1001.0,996.48,994.29
1000.1,996.13,993.81
1001.1,995.83,993.8
1001.2,995.3,992.92
999.9,997.11,992.6
999.8,996.88,992.87
1001.0,996.18,993.8
999.7,996.27,993.03
1000.8,996.5,994.36
1000.5,996.36,992.81
999.4,996.5,993.64
999.3,996.67,993.87
1000.2,994.79,992.08
999.5,994.63,991.75
998.8,995.42,992.56
998.3,993.28,991.25
999.2,994.48,993.06
999.1,994.3,992.72
998.1,991.43,992.37
999.4,994.3,993.89
998.4,993.61,993.1
999.6,992.88,992.68
998.8,991.39,993.36
999.3,992.53,992.89
998.7,993.9,994.16
999.0,992.58,993.14
998.5,993.14,994.55
999.0,991.23,991.62
998.4,992.42,993.65
999.1,992.66,993.07
998.5,992.56,991.72
998.2,992.12,991.71
998.8,992.56,992.13
998.7,992.73,992.75
998.1,993.03,992.79
997.8,992.25,992.43
998.4,992.79,991.64
997.8,992.35,992.81
998.3,992.7,992.8
996.6,992.7,992.18
997.5,992.33,992.38
997.6,992.33,992.51
998.2,992.3,993.66
998.0,992.69,994.21
997.4,992.48,991.61
997.3,992.07,993.48
996.9,990.84,991.98
996.9,992.21,994.06
996.4,990.3,991.9
996.1,991.29,994.7
995.7,989.48,990.44
994.6,990.67,991.44
995.3,992.56,992.82
994.8,991.17,993.57
994.2,990.66,991.42
994.3,992.45,993.8
993.5,990.82,991.8
993.4,988.3,989.07
993.9,989.87,992.01
993.5,990.5,991.26
992.8,987.6,989.04
993.1,989.84,991.53
992.6,987.57,990.23
992.9,988.93,990.99
992.5,988.47,991.71
992.4,989.53,991.85
993.1,992.2,991.79
993.1,989.39,992.75
992.4,991.27,991.27
993.6,993.01,993.09
992.9,991.6,991.53
992.9,991.51,990.73
993.4,991.78,993.72
993.5,992.38,994.42
992.9,992.18,992.13
993.2,991.46,992.3
992.8,992.67,992.49
992.8,992.33,992.81
992.1,992.3,991.29
992.5,991.89,991.72
991.7,992.26,991.58
992.1,992.02,993.36
991.5,992.88,992.04
992.1,993.29,993.69
991.3,994.1,992.7
992.0,992.42,992.29
991.5,994.13,992.9
992.5,994.0,994.45
991.7,992.77,992.83
992.9,993.57,993.64
992.0,994.0,993.48
992.9,993.97,993.79
992.1,993.96,993.06
993.6,994.49,991.9
992.3,994.23,993.02
994.6,995.53,990.73
992.9,993.69,991.78
994.9,996.83,991.96
993.3,993.39,992.62
995.0,996.07,989.95
993.9,993.89,991.33
994.4,995.03,990.37
995.4,996.31,990.29
994.8,996.74,991.05
993.3,995.74,993.15
994.7,996.28,991.94
993.5,994.61,992.34
994.3,997.5,992.41
993.3,994.73,992.14
994.0,996.95,991.9
993.3,994.98,993.32
993.5,994.4,992.62
994.6,992.26,991.98
993.3,991.64,992.38
994.0,995.73,992.99
994.2,995.04,993.49
993.3,991.41,992.4
994.7,994.27,994.23
993.8,991.46,993.66
995.0,994.43,992.9
994.0,991.18,992.53
994.2,993.34,992.25
994.9,994.2,992.79
995.1,993.51,993.81
994.2,993.9,994.25
994.4,994.18,994.72
995.2,992.2,994.15
994.3,994.16,993.33
995.2,992.46,994.02
995.4,993.83,995.17
995.6,993.82,995.66
994.8,994.07,991.1
995.9,993.62,995.62
995.0,993.96,991.88
995.4,994.13,994.91
996.6,995.75,997.11
995.7,994.19,995.21
995.9,995.49,996.66
996.9,996.52,996.94
996.6,995.26,996.17
997.6,996.43,997.78
997.0,994.9,995.77
997.9,995.45,996.22
998.2,996.01,997.26
997.1,996.17,996.91
997.9,997.65,997.58
997.1,995.71,996.28
997.6,996.64,997.22
996.7,995.94,995.92
997.2,996.74,998.53
996.2,996.43,997.0
996.9,996.93,998.07
996.1,995.69,995.39
996.9,993.96,993.59
996.0,994.04,992.72
996.8,994.59,994.45
995.9,993.93,993.56
996.0,991.3,994.67
996.7,992.61,991.48
996.1,991.16,995.8
996.8,991.7,991.2
996.2,993.98,993.19
997.0,992.34,991.31
996.7,993.41,993.97
997.4,992.53,992.16
996.6,993.8,993.74
997.2,992.79,992.84
997.5,991.82,993.49
996.7,993.75,993.49
996.8,993.8,992.34
997.6,991.96,994.63
996.7,994.04,992.83
997.5,992.15,995.2
997.7,992.81,995.38
996.8,994.53,992.7
997.3,994.33,993.56
998.0,994.48,994.94
997.7,994.72,993.58
998.4,994.06,994.95
998.5,995.62,995.82
999.4,994.25,995.84
1000.1,993.45,995.8
999.1,991.29,995.56
999.2,993.22,994.43
1000.1,995.33,995.32
999.2,994.85,995.2
1000.2,996.84,996.48
999.3,995.71,995.88
1000.5,997.59,995.53
999.4,996.9,996.17
1000.5,996.14,994.04
999.5,995.65,994.01
1000.5,996.24,993.66
999.1,997.08,995.8
1000.3,996.22,993.84
999.0,995.78,995.68
1000.0,996.75,994.45
998.8,996.37,995.24
999.9,997.06,993.92
999.6,996.66,993.83
998.5,995.44,994.51
999.3,995.0,992.79
998.3,995.51,994.03
998.9,994.42,991.82
997.9,994.12,991.07
998.7,994.31,993.42
997.8,992.65,991.47
998.3,994.05,993.18
997.6,990.95,992.23
998.7,993.56,992.92
998.0,990.96,992.75
998.4,991.11,993.88
999.3,992.2,991.86
998.8,992.04,991.53
998.0,990.91,994.65
999.0,992.62,992.76
998.0,990.62,993.48
998.5,992.02,993.12
997.6,992.84,994.65
997.7,993.23,994.98
998.4,991.73,994.04
998.4,993.6,994.21
997.6,993.71,995.13
998.3,992.76,993.32
998.9,993.82,993.57
998.0,990.93,995.07
998.4,993.53,994.1
997.6,994.24,995.0
998.1,993.4,993.98
997.5,993.12,992.88
997.4,993.76,994.44
998.2,992.4,993.52
998.1,993.53,994.35
997.5,993.76,994.03
996.7,992.25,993.07
997.3,994.48,994.43
997.1,992.31,993.59
996.5,991.14,993.41
997.1,992.15,994.68
996.4,990.31,992.76
995.7,991.56,991.87
996.6,990.95,992.73
995.1,990.79,992.27
995.8,990.87,991.26
993.9,992.18,992.71
994.4,992.05,991.61
993.9,992.0,991.0
993.0,992.21,991.19
993.2,991.95,991.24
994.3,993.62,992.4
993.7,993.73,991.55
993.7,992.71,990.06
992.9,992.27,991.85
992.5,992.15,990.84
991.4,991.97,991.18
991.7,992.42,992.56
990.6,991.89,991.74
991.2,992.51,993.31
991.4,991.87,992.28
990.8,991.51,991.61
991.6,991.73,992.17
990.9,991.92,991.65
991.6,990.61,993.06
990.8,991.15,990.92
993.2,993.36,989.83
991.9,990.83,990.6
990.5,992.66,989.56
990.4,991.35,992.05
990.1,991.97,992.04
989.8,991.84,989.47
990.3,992.03,991.42
989.8,992.47,990.42
989.9,991.69,991.41
990.5,992.01,992.42
990.3,992.1,990.61
990.9,990.71,991.33
991.1,993.05,993.61
990.5,991.58,988.65
991.1,992.05,992.29
990.2,991.89,991.01
990.4,991.09,990.33
991.2,992.5,993.31
991.1,993.33,994.08
990.5,992.48,992.67
991.5,993.59,991.79
990.5,994.98,992.08
991.7,994.54,991.38
990.4,994.81,990.51
991.7,994.86,993.85
991.5,995.47,995.26
990.2,995.28,992.06
991.0,995.02,994.55
989.7,995.16,992.9
990.8,996.43,995.0
989.4,994.32,993.47
990.4,993.75,992.41
989.2,995.22,994.09
988.8,993.95,992.6
989.7,993.1,992.34
988.6,991.79,992.87
989.9,995.38,992.29
989.5,994.39,992.31
988.5,992.99,993.36
990.6,990.98,991.39
992.0,994.18,992.04
991.2,990.33,989.72
992.9,993.43,991.65
991.3,990.89,990.44
992.5,991.45,988.7
990.9,992.23,991.13
991.5,992.61,992.3
990.3,991.92,990.61
993.6,992.04,991.85
993.4,992.26,992.12
992.1,989.88,988.55
990.3,990.92,990.96
990.7,991.78,991.06
990.0,992.07,991.7
989.4,992.22,990.7
990.4,990.57,989.29
991.8,993.2,993.1
991.4,991.29,991.24
992.9,992.75,991.21
991.6,992.49,993.25
993.2,992.93,992.62
993.1,993.54,992.97
991.9,991.37,991.6
993.9,993.97,993.7
992.9,991.79,990.47
994.5,992.73,993.07
994.6,993.92,994.39
993.5,991.21,991.21
993.6,992.15,992.53
994.7,994.14,994.88
995.1,992.76,993.64
993.9,991.4,993.79
994.0,991.41,992.04
995.2,992.8,994.34
995.3,992.98,994.74
994.0,991.61,991.14
995.6,993.27,994.26
994.3,991.09,993.04
995.4,992.69,994.29
994.0,990.81,991.63
995.6,991.81,993.05
994.1,989.65,992.32
994.3,990.07,992.8
995.8,992.28,993.9
995.6,992.4,993.46
994.3,989.9,992.5
994.7,990.42,993.24
996.0,992.16,994.28
996.2,992.58,993.2
995.0,990.24,992.9
995.1,989.46,991.73
996.4,992.41,992.54
996.0,992.47,993.59
994.8,989.69,991.97
995.8,992.58,993.94
994.5,990.78,992.76
995.8,992.45,994.29
994.7,990.66,992.76
996.1,992.57,993.94
994.9,991.02,992.07
994.9,990.89,993.56
996.1,992.47,994.03
996.3,993.45,993.1
995.3,991.01,994.81
996.5,992.19,993.37
995.6,991.86,997.45
996.4,992.23,992.12
995.3,991.97,996.1
995.2,992.94,996.23
996.2,994.32,992.43
995.2,994.11,996.03
996.4,994.17,993.84
995.9,994.63,996.1
996.8,995.22,994.95
995.6,993.05,996.52
996.6,995.56,995.26
995.3,994.28,997.29
996.3,994.5,994.78
995.9,994.21,995.64
994.9,993.87,996.28
994.2,994.25,995.91
995.3,994.58,995.96
993.3,992.51,995.09
994.6,994.34,995.43
992.7,993.17,993.3
994.1,993.75,993.82
994.7,993.1,993.39
993.7,991.65,991.33
993.6,991.95,992.8
994.6,990.29,993.39
994.5,990.14,993.54
993.3,991.55,995.21
994.9,991.98,993.47
993.9,991.85,995.79
994.5,992.38,995.06
995.5,991.59,993.2
995.4,992.7,994.28
994.3,992.18,995.53
994.5,989.22,994.31
995.6,992.04,993.87
994.8,991.72,993.73
993.9,991.4,994.34
994.6,993.26,994.34
993.4,989.29,994.25
994.3,992.97,994.15
993.3,989.32,994.84
993.0,992.69,995.14
993.9,993.43,993.61
993.2,991.64,996.06
994.4,993.32,993.15
995.0,993.42,992.59
994.0,989.49,996.78
995.1,993.54,993.55
994.0,989.45,996.07
995.6,991.3,991.17
994.7,992.37,996.81
994.2,992.73,994.4
995.3,992.76,993.27
994.7,992.33,993.2
995.9,993.08,992.7
996.4,993.87,993.02
995.1,992.75,993.34
995.2,992.32,992.57
996.4,993.71,992.63
995.3,992.76,993.57
996.6,993.76,992.94
996.3,994.49,993.4
994.9,993.44,994.91
996.0,994.38,993.89
994.8,991.85,992.9
995.0,992.9,993.87
995.9,993.67,993.06
997.0,992.92,992.6
995.7,990.3,989.1
997.2,992.31,991.91
995.8,989.58,988.92
997.6,992.68,992.58
996.2,990.92,989.98
996.1,989.93,991.03
997.6,992.31,993.86
996.5,989.07,990.51
997.8,991.73,993.85
998.4,991.67,994.17
997.0,989.13,991.24
997.3,989.28,992.05
998.7,992.22,993.24
997.1,988.88,993.66
998.8,992.19,994.39
997.1,989.61,993.08
998.3,991.73,994.36
998.8,991.88,994.34
997.3,989.46,991.53
997.4,989.36,993.57
998.9,992.01,995.51
997.2,988.96,993.81
998.7,991.75,993.62
997.5,989.77,992.83
999.3,991.64,994.35
999.8,993.07,994.05
998.3,989.71,991.31
1000.5,993.36,994.11
999.1,991.16,990.2
999.6,992.29,993.64
1001.1,993.86,996.16
1001.5,994.85,997.76
1000.1,992.38,994.86
1000.7,993.14,997.06
1001.9,995.76,997.89
1000.8,993.85,996.55
1002.0,995.93,998.78
1002.1,995.38,997.85
1000.7,994.56,996.28
1001.6,996.44,998.76
1000.4,995.0,995.45
1001.2,996.05,997.14
1000.0,995.32,995.04
1000.1,994.76,995.87
1001.5,995.7,998.89
1000.0,993.96,996.99
1001.5,995.95,999.49
1000.2,992.85,997.06
1001.8,993.15,998.97
999.5,992.87,995.27
1000.8,993.96,997.1
1000.8,993.79,998.38
999.3,991.44,996.97
1000.3,994.16,998.72
999.1,991.55,996.03
999.4,990.93,996.56
1000.8,993.47,997.48
999.6,991.85,998.33
1000.9,993.56,997.17
1000.9,994.12,998.0
999.8,991.78,995.74
1000.7,994.47,999.0
999.6,992.36,996.2
1000.4,993.06,998.03
999.7,991.88,995.75
1000.1,994.17,997.52
998.9,991.88,994.97
1000.1,994.5,997.09
998.9,993.02,994.9
999.1,993.82,995.72
998.3,991.39,991.49
999.2,994.05,995.61
998.1,993.22,995.22
999.7,994.91,996.32
998.5,994.38,996.82
999.1,994.22,997.41
999.9,993.87,996.66
1000.4,994.27,997.35
999.7,993.1,994.77
1000.4,995.28,998.56
999.5,993.99,996.66
999.6,996.52,998.47
998.8,994.94,997.39
998.3,995.21,997.92
999.2,995.56,997.32
998.7,996.74,997.76
997.8,996.0,997.57
996.9,996.54,997.4
997.9,997.18,996.44
997.3,997.02,997.71
996.2,995.96,996.99
996.4,995.8,996.22
995.2,995.39,997.03
995.3,994.37,994.64
994.5,996.16,997.14
995.0,994.39,996.03
993.7,993.42,993.85
995.4,993.6,994.76
994.2,993.15,994.31
994.0,992.51,992.36
993.4,993.39,993.51
994.7,993.34,994.38
995.6,990.08,994.05
991.4,993.28,994.4
992.1,992.53,994.38
992.5,991.68,993.67
991.7,992.52,992.67
992.4,990.66,993.51
992.1,992.0,992.41
990.9,992.22,992.54
991.6,991.98,995.13
991.0,992.45,992.98
992.0,991.91,993.39
991.2,992.33,995.06
990.8,993.73,993.12
990.7,993.22,995.25
990.1,992.84,993.07
990.2,994.22,994.15
990.7,993.45,995.29
990.2,995.23,995.38
990.5,993.53,994.27
989.6,993.61,994.53
990.0,993.21,993.38
988.8,994.29,995.02
989.5,992.4,992.6
989.6,992.18,990.92
990.1,993.22,994.76
989.2,991.93,991.61
989.8,991.94,993.83
989.4,991.13,991.86
990.0,993.19,992.45
988.9,991.27,990.57
989.2,993.41,992.27
985.5,993.38,992.25
984.6,991.67,990.34
988.7,992.05,989.9
989.4,993.75,993.17
988.4,991.5,989.83
988.6,992.83,993.98
986.6,991.53,990.58
987.3,993.35,992.74
987.1,992.58,993.22
986.3,991.88,991.75
986.7,991.19,990.81
986.3,990.24,990.87
985.6,990.7,991.21
986.0,990.8,992.17
986.2,990.33,989.55
985.7,989.64,989.19
985.5,990.01,988.65
986.2,991.67,991.33
985.8,990.66,989.92
986.4,992.09,991.94
987.5,991.57,991.14
986.7,989.84,988.84
987.0,991.14,990.16
987.8,992.46,992.08
988.1,992.44,992.17
987.2,991.4,990.56
987.2,991.96,991.39
988.1,992.57,992.87
987.3,992.2,991.39
988.1,992.82,992.13
988.0,992.47,992.51
987.3,992.04,991.25
987.3,993.17,993.12
988.0,993.42,993.2
987.4,992.01,990.67
988.3,993.7,993.96
988.1,992.15,991.38
989.0,994.7,994.41
989.6,994.55,993.81
988.7,993.86,992.72
989.2,994.2,994.18
990.1,995.73,995.24
990.7,995.22,994.28
989.6,994.82,994.59
990.7,995.77,993.97
990.0,993.71,992.03
990.4,992.95,990.87
991.1,995.4,993.92
991.3,994.76,992.89
990.5,993.28,990.99
990.4,993.76,992.74
991.3,993.81,992.71
991.1,992.28,990.18
990.4,993.75,990.97
990.5,994.58,991.3
991.3,995.85,992.68
991.4,995.26,993.4
990.4,995.06,992.36
990.5,994.54,992.51
991.4,994.17,992.47
990.2,993.96,991.9
991.2,993.87,992.85
990.3,993.23,991.43
991.3,994.38,992.65
991.3,993.8,992.92
990.3,993.06,994.09
991.5,993.85,992.96
990.6,993.96,994.32
992.0,993.53,993.63
991.4,993.88,994.51
991.6,993.75,994.67
992.4,991.69,994.59
992.7,992.43,994.07
991.9,993.88,994.75
992.9,992.89,993.23
992.0,994.78,993.96
992.1,994.76,994.58
993.0,993.18,994.72
992.6,993.22,992.89
992.0,994.41,993.98
992.3,993.58,993.16
991.9,994.32,994.24
992.8,993.58,993.54
992.0,993.98,993.61
993.0,993.92,993.43
992.2,993.42,993.1
992.7,993.8,994.15
993.4,994.05,993.64
992.9,993.44,994.24
993.9,992.98,992.59
993.4,993.38,993.41
994.2,993.58,993.18
994.4,994.31,993.98
993.7,991.91,990.31
993.9,991.96,991.55
995.0,995.03,992.53
994.2,994.33,991.45
995.6,994.37,992.55
994.4,993.99,994.03
996.0,994.94,994.97
994.6,994.54,995.62
995.9,996.22,995.53
994.7,994.01,996.26
995.9,996.38,995.86
994.9,994.15,994.47
996.2,995.82,995.43
995.2,993.69,995.36
996.3,994.71,994.49
996.3,993.88,994.62
995.1,993.19,994.88
995.3,992.61,994.87
996.5,993.83,994.66
995.7,992.65,994.92
996.8,994.39,996.82
996.0,991.53,994.18
997.3,994.52,997.38
996.5,991.75,994.6
997.6,994.28,997.53
997.6,994.12,997.55
996.5,992.26,995.55
996.7,992.89,996.48
997.9,995.04,998.64
997.8,994.69,996.75
996.7,992.5,996.05
998.0,993.09,996.59
996.9,991.91,994.31
998.2,993.23,995.72
997.2,993.19,995.21
998.3,993.23,993.69
997.4,992.92,994.11
998.8,993.94,994.48
997.7,993.09,993.81
999.0,992.41,992.74
997.9,994.08,994.44
998.4,993.67,995.02
999.3,994.53,995.65
999.0,993.43,995.11
1000.0,994.55,995.47
999.6,993.7,996.8
1000.7,994.59,997.53
1000.0,993.36,996.12
1001.1,996.14,997.76
1001.3,994.45,996.79
1000.0,994.57,996.03
1001.4,996.35,996.46
1000.1,994.73,996.7
1001.6,996.27,997.73
1000.3,994.28,995.97
999.9,993.83,996.88
1001.3,996.37,997.11
999.4,993.92,996.25
1000.7,996.08,998.53
1000.6,995.73,997.96
999.4,993.83,996.3
1000.2,994.7,996.52
999.0,993.84,995.88
999.8,994.61,997.66
998.7,992.47,994.85
999.9,994.91,997.46
998.8,992.83,994.43
1000.1,994.33,997.09
999.0,992.22,994.78
1000.1,994.9,997.82
998.9,992.0,994.12
999.7,993.54,995.72
999.6,993.72,994.98
1000.6,993.49,996.21
999.6,992.78,993.83
1000.5,992.38,995.25
1000.4,990.75,997.03
999.3,992.92,993.58
1000.3,993.39,996.7
999.3,993.17,994.57
999.0,992.42,993.96
1000.2,992.04,995.32
999.5,993.31,996.62
998.6,992.27,993.8
997.9,990.7,991.87
998.6,993.29,996.39
998.4,992.86,994.28
999.3,993.26,994.5
999.3,992.89,994.99
998.3,992.82,994.09
998.8,994.1,995.15
999.7,992.16,995.18
999.1,992.71,992.52
1000.0,990.48,993.22
1000.2,992.62,992.68
999.4,992.01,991.77
1000.3,993.19,993.72
999.7,992.28,991.74
999.9,992.44,992.72
999.5,992.37,992.81
996.9,992.58,991.38
997.1,992.06,992.69
996.4,993.15,992.57
995.6,991.46,992.77
996.3,991.92,990.08
997.2,993.64,994.03
997.3,991.43,990.97
996.5,992.82,991.34
997.1,993.15,990.86
996.9,992.36,990.79
996.1,990.97,989.47
996.3,991.95,991.55
995.7,993.07,990.43
995.6,991.56,991.28
996.5,990.28,992.94
995.8,991.68,990.92
996.6,992.99,992.08
996.1,989.14,989.62
997.0,992.48,993.36
996.8,992.26,992.22
995.9,992.32,989.71
997.0,994.31,992.16
996.0,993.3,990.34
996.8,993.71,991.37
995.7,993.38,990.26
995.3,992.45,989.62
996.4,993.13,992.0
994.8,991.43,989.91
995.8,993.1,991.69
994.6,991.02,989.04
995.6,993.2,991.63
996.0,992.65,990.63
994.6,991.27,991.07
994.5,990.16,988.96
995.9,992.95,993.54
994.5,989.86,989.38
995.9,992.48,992.76
994.2,990.04,992.48
995.5,992.25,995.37
995.0,991.84,994.08
993.5,990.69,994.49
993.8,992.39,993.81
995.0,992.83,994.59
993.7,991.64,994.75
995.0,992.88,995.14
993.8,991.72,994.39
994.8,992.85,994.71
993.4,992.4,992.68
994.9,992.61,994.74
994.8,992.83,994.8
993.1,991.24,992.73
994.3,992.78,994.62
993.1,990.62,993.99
994.1,992.58,995.62
992.7,990.65,992.63
994.2,992.6,996.56
992.7,989.78,991.38
993.9,992.29,994.25
992.7,990.11,990.6
992.4,990.42,990.41
993.7,992.66,995.21
992.2,990.13,991.85
993.4,992.9,996.23
993.4,991.9,994.78
992.1,990.61,991.51
992.1,990.8,991.38
993.3,992.7,993.98
991.6,990.18,991.39
992.8,992.72,994.34
991.3,990.78,992.81
992.6,993.34,994.0
990.8,989.89,991.84
992.0,992.58,993.01
990.6,989.97,990.89
991.9,991.79,992.62
991.2,992.04,992.64
990.0,989.86,991.14
989.2,988.93,990.19
990.6,992.46,991.31
990.7,991.25,991.43
989.4,990.38,991.51
990.8,992.54,991.07
989.8,990.59,991.4
990.5,992.2,991.83
989.5,989.86,994.97
991.0,993.31,992.66
989.9,988.55,992.74
990.1,991.77,993.97
991.2,993.33,991.57
989.9,992.27,994.16
991.1,993.44,992.55
991.2,992.59,991.2
990.1,992.29,993.73
990.0,991.85,994.12
991.2,993.37,991.43
991.1,991.76,990.69
989.8,991.33,994.93
989.8,991.94,996.47
990.8,992.78,991.4
990.0,990.91,995.22
991.1,991.72,992.34
989.7,990.43,992.59
991.0,992.98,993.52
989.8,990.53,992.74
991.1,992.37,992.45
990.9,992.12,991.56
989.6,990.46,992.12
991.0,992.5,993.17
989.9,990.77,993.22
990.8,991.76,992.77
989.5,990.94,993.31
989.7,990.54,992.57
990.9,993.04,993.9
990.1,989.97,993.03
991.3,991.93,993.73
990.2,991.38,993.14
991.2,992.17,993.34
991.2,991.31,992.77
990.2,991.43,993.26
991.2,989.9,993.17
990.1,988.64,993.85
989.7,991.43,995.38
990.8,992.41,993.23
990.1,992.14,996.69
991.1,993.27,994.51
991.4,993.02,994.8
990.3,991.69,993.4
991.9,992.48,994.16
990.8,991.87,993.17
990.8,992.91,993.86
991.9,993.72,995.03
991.2,993.4,992.71
992.2,992.89,993.65
992.8,993.1,994.26
991.9,991.82,992.37
992.0,994.14,992.93
992.8,993.62,994.62
991.5,993.93,993.92
992.7,993.26,994.14
991.4,993.68,993.29
992.5,993.81,993.87
992.7,994.09,993.67
991.6,995.71,995.26
992.0,995.01,993.09
991.3,995.57,995.27
991.2,994.29,993.5
992.0,995.22,994.22
990.5,993.52,993.6
991.4,994.98,994.11
990.6,994.73,994.8
991.3,994.57,993.74
991.1,992.62,991.07
990.1,993.04,992.89
991.0,992.69,991.34
990.0,992.35,994.49
990.7,992.38,991.27
990.1,992.36,992.78
990.2,990.46,993.59
991.0,990.91,991.44
990.4,992.69,991.68
991.3,991.61,991.74
990.6,993.51,992.73
991.2,991.33,992.74
991.2,991.2,993.76
990.2,993.09,993.7
990.5,993.24,994.19
991.4,991.24,993.55
990.5,993.25,992.7
991.2,992.61,993.45
990.2,993.57,992.73
991.0,992.42,992.48
990.6,992.29,991.7
989.9,993.59,992.53
990.6,992.67,991.46
990.0,993.77,992.84
991.3,992.14,991.64
990.5,993.88,993.25
991.9,992.89,992.02
991.1,993.24,992.53
991.3,993.35,992.95
992.1,992.09,991.49
991.1,993.74,993.66
991.8,993.55,993.69
991.1,992.6,992.99
991.8,993.99,994.36
991.6,992.84,993.18
991.0,993.01,992.91
990.8,992.1,992.47
991.4,993.19,994.13
990.2,992.12,991.83
991.0,992.65,993.14
990.5,992.84,993.54
989.9,992.41,992.21
989.5,991.09,990.82
990.0,992.72,993.06
989.1,992.03,992.6
988.7,992.29,992.61
987.9,992.54,993.13
987.7,991.89,993.19
987.8,990.74,991.31
987.6,991.43,992.43
987.1,992.0,993.24
987.3,991.99,992.72
986.6,990.74,992.1
986.8,990.99,992.34
986.1,990.53,992.27
986.2,990.7,992.66
986.8,991.83,993.13
986.2,989.92,991.02
986.8,991.63,992.49
986.2,990.99,991.93
986.6,992.36,991.95
985.9,990.94,991.99
986.4,992.58,993.16
986.0,992.7,993.15
985.5,991.69,992.05
984.5,992.16,992.57
985.2,992.0,993.19
984.0,991.23,991.4
984.4,991.72,992.39
983.2,992.34,992.1
983.9,992.93,993.16
982.9,991.53,990.71
983.9,992.11,993.18
983.0,992.1,990.61
983.4,992.64,993.35
982.0,990.93,989.17
982.6,994.32,994.01
982.4,992.56,992.73
981.9,991.04,989.64
982.2,992.95,994.06
981.6,991.48,991.01
981.7,992.78,993.72
981.2,991.35,992.3
981.7,992.68,992.9
981.0,991.72,992.26
981.0,990.69,992.14
981.7,992.38,992.3
981.8,992.99,992.83
981.3,990.26,991.48
981.4,991.21,991.86
982.2,992.96,993.45
981.6,988.55,989.85
982.2,993.72,992.66
981.7,991.79,992.74
982.4,991.59,991.76
982.1,990.97,992.25
982.7,991.04,991.01
982.2,990.59,992.54
982.7,992.43,992.45
982.7,989.9,991.62
983.4,990.91,991.49
983.9,992.49,993.1
983.3,991.29,991.93
983.8,991.24,992.18
984.5,991.92,992.91
984.1,992.48,993.45
984.8,992.5,993.45
984.9,992.62,993.61
984.2,992.08,993.38
984.1,992.1,993.52
985.0,992.2,993.47
984.9,992.58,993.73
984.2,991.99,992.71
984.3,992.65,993.41
985.1,992.22,994.13
984.5,993.41,993.71
985.3,993.3,994.01
985.1,993.07,993.5
985.9,993.54,994.36
985.4,993.45,994.23
986.2,994.09,994.19
987.1,993.77,993.45
986.2,993.86,994.2
987.7,993.88,992.62
986.9,994.39,994.87
988.6,993.47,991.39
987.8,993.41,993.69
988.8,992.88,993.41
988.0,994.6,994.63
988.0,993.6,994.38
988.9,992.15,993.41
988.0,992.73,994.18
988.6,992.24,993.98
987.8,993.04,991.92
988.6,992.08,993.19
987.8,991.83,993.15
988.3,993.45,993.78
987.5,991.47,993.19
987.9,991.06,991.52
987.2,991.12,993.14
986.9,990.34,992.41
987.4,990.27,991.85
987.4,989.22,990.86
986.7,988.92,991.02
986.7,990.0,991.0
986.4,988.56,989.76
986.1,987.96,988.79
986.7,990.19,991.84
986.2,988.29,986.28
987.2,991.4,991.96
987.7,991.0,992.49
986.8,990.22,990.74
987.5,991.06,992.29
988.3,991.44,992.14
988.8,991.09,993.5
988.0,991.99,992.57
989.6,991.82,992.98
988.7,990.97,992.0
990.2,993.33,993.91
989.2,992.1,992.86
990.7,993.37,993.66
989.6,992.88,993.36
991.0,993.28,995.16
990.1,992.85,992.98
990.8,993.33,992.52
991.7,994.04,994.19
991.9,994.12,994.73
991.0,993.52,992.85
992.9,995.03,994.81
992.1,994.26,993.5
994.0,994.33,995.19
993.0,995.03,993.54
993.4,995.47,994.29
994.3,993.0,996.71
993.1,994.62,993.59
993.9,995.74,995.38
993.8,996.8,995.08
993.0,994.63,993.95
994.3,995.29,995.27
993.3,994.31,993.96
993.7,992.58,993.84
994.4,995.45,993.71
994.3,994.82,993.83
993.6,996.69,994.62
993.8,995.13,993.13
992.8,996.96,994.87
993.3,994.38,993.45
992.4,994.39,993.93
993.1,994.29,993.19
992.4,992.46,994.46
993.1,990.48,990.45
992.5,991.37,994.01
993.5,991.55,991.75
992.7,991.69,992.87
992.4,991.27,992.86
993.1,988.89,990.15
992.6,990.57,990.86
993.0,990.84,991.94
993.2,992.51,992.21
992.6,992.44,993.36
993.1,991.95,992.37
992.5,992.55,994.17
992.6,991.36,994.4
992.1,992.86,993.71
992.6,992.28,993.52
992.1,992.43,993.67
992.1,993.41,994.6
990.7,991.27,992.35
992.1,992.52,993.46
993.4,990.59,994.73
991.0,991.8,992.19
991.7,993.05,994.84
992.7,993.75,994.21
991.1,989.72,986.22
991.6,991.02,989.15
992.3,992.25,990.86
997.4,993.16,991.32
994.0,989.7,990.11
994.0,992.48,989.5
992.8,991.8,990.96
994.1,990.06,990.25
994.0,992.89,991.87
993.6,991.79,991.64
994.3,993.15,992.05
993.5,992.25,991.15
994.1,992.73,992.62
994.1,991.83,990.02
994.4,993.22,992.38
994.8,992.62,993.14
994.3,991.75,988.35
992.1,994.27,989.65
993.1,994.07,991.35
993.0,994.07,993.06
992.4,994.76,992.16
992.0,992.98,991.51
992.7,993.07,992.78
992.9,991.64,992.66
992.3,991.08,990.12
992.1,989.24,986.85
992.8,991.5,992.57
991.2,991.37,990.74
991.8,990.8,992.47
990.4,990.57,990.51
991.0,991.81,991.68
990.8,990.78,991.28
990.2,991.04,990.48
991.8,991.82,992.21
991.2,991.95,991.97
991.2,991.05,990.9
993.0,992.29,992.32
991.8,992.34,991.78
990.6,990.39,989.66
989.5,992.51,991.68
990.1,992.5,992.06
989.3,990.75,989.73
989.9,993.28,992.2
989.6,990.75,990.8
990.2,992.42,991.52
989.1,991.08,989.39
988.5,990.99,990.88
990.4,992.36,991.66
988.7,990.19,990.16
988.3,991.83,991.95
992.2,990.12,991.49
991.2,991.4,990.39
990.1,992.24,991.39
990.1,990.3,987.95
990.2,991.98,990.16
990.5,990.61,988.86
989.5,993.2,992.64
989.4,990.39,987.79
989.4,993.13,992.91
989.1,990.11,988.73
989.2,992.3,990.91
989.5,992.55,991.4
989.2,992.51,990.46
989.7,993.28,990.53
988.9,992.22,988.79
989.6,993.28,992.2
989.1,991.26,990.0
989.7,992.3,991.18
989.1,989.89,987.85
989.7,994.45,993.39
988.8,991.31,991.28
989.5,992.02,991.35
989.1,992.18,991.06
989.9,992.07,991.6
989.1,991.6,991.23
990.0,992.12,992.18
989.5,989.84,988.32
990.5,991.49,992.05
991.2,992.41,993.04
990.4,991.44,991.13
991.2,991.34,990.72
992.0,991.92,992.48
991.9,991.88,990.62
992.7,993.27,993.2
992.5,992.48,991.55
993.6,993.0,992.94
992.6,992.92,991.59
993.6,992.39,992.08
993.2,993.32,991.71
994.0,993.74,994.09
993.3,992.84,990.27
994.3,992.26,994.08
992.9,993.09,992.43
994.1,993.6,994.8
993.6,992.92,990.72
994.7,993.65,992.88
994.8,995.58,995.9
993.6,993.4,993.11
995.4,995.64,995.64
994.3,993.57,992.46
995.8,995.51,994.7
994.8,992.97,991.83
996.8,996.23,995.83
995.7,993.67,992.18
996.3,994.43,993.4
997.3,996.36,995.44
996.6,994.35,992.66
997.6,996.9,995.48
996.8,994.85,993.74
998.0,997.18,996.21
997.1,994.66,993.72
998.1,997.28,996.99
996.9,995.58,995.27
998.0,996.58,997.45
996.4,996.51,997.5
997.5,997.9,997.01
997.2,996.74,996.53
996.2,996.06,997.03
995.9,995.39,996.48
996.9,996.55,996.22
996.6,994.74,994.39
995.6,995.28,996.06
996.5,994.79,994.76
996.7,994.27,995.09
995.8,994.27,994.72
995.7,993.99,995.6
996.6,994.21,995.68
997.0,994.25,995.24
995.9,993.95,995.95
997.3,993.91,995.44
996.4,993.58,995.95
997.1,992.87,994.95
996.3,993.93,995.68
996.2,994.55,995.44
996.9,992.58,994.23
996.7,992.76,994.96
995.9,994.48,994.84
995.3,994.73,994.7
996.2,993.39,995.82
995.3,995.11,995.41
996.2,993.92,996.16
994.9,993.74,995.77
995.7,993.79,995.82
995.7,992.9,995.81
994.8,994.3,996.0
995.1,994.99,996.02
995.8,991.7,995.8
996.0,993.19,996.22
995.0,994.62,996.84
995.4,994.04,997.66
996.2,994.56,996.5
996.1,995.37,997.22
995.2,993.39,996.98
995.1,995.76,997.81
996.1,995.57,997.33
995.1,996.79,998.19
996.0,996.15,996.69
994.5,995.47,996.54
995.4,995.93,997.6
994.2,995.07,996.86
995.3,994.98,995.96
993.6,995.26,997.04
994.6,994.43,995.72
993.3,995.14,997.07
994.4,994.26,995.56
994.0,994.44,995.17
992.9,994.13,996.36
993.5,994.21,994.34
992.4,993.71,994.72
992.9,993.38,992.62
991.9,992.7,993.2
991.7,992.95,993.25
992.8,992.57,992.32
992.2,992.29,993.01
993.1,993.14,993.58
993.1,993.52,993.25
992.3,991.13,993.2
993.4,993.39,992.81
992.4,992.97,993.35
993.2,993.09,992.87
993.3,990.56,993.43
992.7,992.5,993.44
991.7,992.01,992.81
992.8,992.3,993.99
992.0,994.37,994.38
991.1,992.75,992.29
991.0,992.9,993.16
990.4,993.02,990.87
991.4,993.02,993.15
990.5,993.7,992.64
990.1,992.16,991.91
991.1,993.54,993.67
990.6,993.05,991.67
990.9,993.54,994.07
990.2,993.03,992.29
991.0,993.03,992.31
990.3,993.26,992.89
990.1,991.54,990.84
990.7,992.51,991.69
990.3,992.04,992.72
991.2,992.71,991.13
990.6,991.84,992.55
991.2,992.62,993.06
990.8,992.59,991.64
990.3,992.86,993.48
990.0,993.66,992.32
990.6,993.57,992.03
989.3,993.72,990.89
989.7,992.2,993.26
990.4,993.88,992.2
988.8,992.41,991.74
990.4,996.25,994.2
989.5,993.53,991.53
990.0,993.71,991.23
989.8,993.51,991.66
989.2,991.11,991.45
989.9,992.81,991.72
989.3,991.74,993.12
990.2,992.58,991.94
990.5,992.98,991.82
989.6,992.46,994.36
990.6,990.06,992.46
989.8,992.32,991.92
991.0,992.78,992.72
990.2,994.19,993.0
991.1,992.04,993.29
990.3,993.85,992.83
991.0,993.36,993.79
990.4,994.27,993.26
989.9,993.56,993.24
990.6,993.11,993.6
989.5,993.87,993.11
990.2,992.66,992.18
989.4,993.46,992.96
990.1,992.76,992.56
989.3,993.52,993.21
990.3,993.09,993.65
990.9,994.35,993.25
990.4,992.62,992.51
990.8,993.5,993.93
989.9,993.37,994.07
991.1,992.34,992.91
991.8,993.57,993.13
991.9,994.52,994.14
991.3,993.51,994.01
991.1,994.58,994.21
991.7,994.31,992.7
992.2,994.1,991.87
991.8,992.59,991.25
992.6,993.3,992.71
992.6,992.61,989.79
991.9,992.91,993.0
992.4,994.41,991.63
991.8,992.13,992.14
992.0,992.84,991.87
991.3,991.62,991.77
990.9,992.68,990.83
991.7,994.69,993.26
991.8,994.06,992.9
991.1,992.44,990.92
991.9,993.47,992.14
991.2,992.8,991.62
992.2,993.59,991.82
991.4,993.3,992.63
992.7,993.13,991.06
991.9,992.08,990.29
992.2,992.8,992.15
993.0,992.3,990.41
993.8,992.04,991.73
993.0,994.07,993.1
993.0,993.8,993.85
993.9,992.53,992.37
993.4,992.94,993.12
994.3,993.92,992.59
993.3,993.95,993.56
994.4,994.73,994.04
993.2,993.71,993.12
994.2,994.05,995.47
993.5,993.78,992.72
994.3,993.13,995.92
994.5,995.25,996.12
993.7,995.48,993.12
994.8,994.74,993.63
993.8,992.1,992.88
993.8,995.08,994.38
994.6,995.13,995.12
995.4,993.94,994.67
994.3,995.61,995.43
995.8,995.97,995.98
994.8,995.27,996.28
996.3,995.57,996.51
995.5,995.62,996.47
996.2,997.72,995.55
995.2,995.05,995.54
995.7,994.09,993.36
996.7,996.58,993.16
995.7,995.83,995.28
996.7,998.13,994.64
995.9,995.33,995.18
996.8,996.12,993.42
997.0,995.95,993.7
995.9,995.69,996.48
996.8,994.54,993.84
995.7,994.34,993.9
995.4,995.11,997.27
996.8,994.35,994.02
995.8,993.84,994.69
996.8,994.52,993.82
995.9,993.38,994.37
997.0,994.37,994.19
996.1,991.22,994.21
996.3,992.65,994.83
997.1,993.36,994.64
996.8,993.74,995.5
997.8,994.16,994.92
997.9,995.01,995.62
998.5,994.38,994.32
998.0,994.42,995.95
998.8,992.83,994.79
998.4,994.95,995.7
999.1,990.98,995.88
999.4,992.22,996.4
998.7,995.38,995.57
999.8,993.26,996.23
999.0,995.07,995.37
999.3,995.49,994.95
1000.3,994.46,996.37
1000.4,994.47,995.78
999.5,995.02,994.1
1000.3,994.37,996.32
999.5,995.24,993.87
1000.1,994.79,993.67
1001.0,994.0,996.29
1000.4,994.65,995.25
1001.3,993.95,995.98
1000.8,994.09,996.15
1001.8,995.85,996.53
1002.0,995.77,996.39
1001.0,996.33,997.5
1001.2,995.39,996.08
1002.1,994.94,996.1
1002.0,996.61,996.22
1001.0,996.03,996.58
1000.7,994.96,995.83
1001.8,996.27,996.23
1001.4,996.65,994.89
1000.6,995.04,995.4
1001.2,996.09,995.74
1000.2,994.4,995.25
1001.0,994.82,994.37
999.9,994.83,995.13
1000.5,995.87,995.42
999.4,994.56,994.81
1000.0,994.22,993.48
999.1,993.86,993.63
998.7,993.86,993.24
999.6,993.17,992.64
998.5,990.6,993.2
999.4,993.75,993.19
998.2,992.04,991.94
999.1,993.31,993.54
998.2,993.7,993.66
999.1,992.36,992.37
998.7,993.25,993.91
999.5,992.99,992.55
1000.0,991.49,993.6
999.3,993.07,993.77
1000.4,990.46,995.19
999.5,993.04,993.56
999.3,993.15,994.7
1000.3,992.9,994.49
999.7,990.85,995.16
998.9,994.13,995.27
999.4,990.85,995.05
998.5,994.9,994.15
998.9,991.12,995.68
998.2,994.71,994.6
998.7,994.26,995.56
997.8,994.68,993.99
997.8,994.75,993.12
998.8,992.75,995.37
998.0,994.62,994.85
998.8,994.05,995.71
998.8,994.52,995.45
997.9,993.27,992.66
998.7,995.68,995.51
997.8,994.12,993.96
998.4,995.11,995.42
997.5,995.35,994.28
998.0,995.84,995.7
997.1,994.45,993.56
997.7,995.54,993.33
996.8,995.48,993.89
997.1,996.22,993.73
996.3,993.75,990.54
995.8,994.4,992.34
996.5,993.33,990.38
995.1,992.18,990.67
995.8,991.44,991.14
995.4,992.44,992.5
994.6,991.72,991.95
994.4,992.06,993.33
993.9,992.38,993.32
994.1,991.74,992.3
993.6,992.13,993.53
993.8,992.39,992.99
993.1,991.06,991.57
993.7,992.97,992.98
993.0,992.37,993.19
993.6,992.17,993.47
993.0,991.36,992.12
993.5,992.62,994.59
992.9,992.94,993.38
992.5,992.38,992.7
993.1,993.07,994.61
992.6,992.97,993.76
992.4,991.61,993.39
991.6,992.18,992.05
991.7,993.6,993.98
991.0,991.58,991.32
990.8,992.97,993.73
990.4,991.6,990.51
990.4,992.93,992.47
989.7,992.55,991.19
988.8,992.99,992.09
988.4,991.41,989.78
987.9,992.42,991.3
988.0,990.93,988.94
988.7,992.65,991.27
988.1,990.92,988.87
988.9,993.01,991.25
988.2,992.43,992.21
988.7,993.0,992.27
988.1,991.48,988.98
989.1,993.89,993.72
988.5,991.74,990.71
989.5,994.22,992.66
988.7,991.59,989.4
989.8,991.91,991.01
989.1,993.09,990.07
989.9,992.09,992.87
989.2,990.29,990.08
989.8,994.1,993.24
989.1,992.12,990.73
989.2,991.63,991.52
989.8,992.81,992.58
989.3,989.87,989.16
989.9,992.54,992.57
989.4,990.33,990.91
990.1,992.26,992.8
990.3,992.68,993.34
989.4,991.33,992.09
989.5,991.23,991.2
990.3,991.86,992.25
990.7,993.02,993.35
989.8,991.48,991.1
991.3,992.87,993.82
990.5,993.28,992.52
992.1,993.02,993.66
991.3,992.03,992.16
991.5,991.84,991.98
992.4,992.56,993.14
992.4,993.71,993.66
991.5,993.2,992.72
992.7,993.92,993.38
991.9,993.04,991.96
992.8,990.95,993.67
991.8,993.54,992.87
993.0,993.64,994.37
992.1,993.82,993.53
993.3,993.14,995.05
992.5,994.8,993.19
992.8,993.58,993.57
993.7,994.19,995.71
993.3,994.39,994.31
994.2,994.44,995.89
994.5,991.86,995.42
993.5,993.6,993.33
993.5,994.22,994.2
994.5,994.19,995.82
994.8,996.95,994.91
994.0,994.15,993.33
994.5,995.07,994.24
995.3,996.88,994.69
995.2,995.71,994.45
994.2,994.73,994.27
994.8,995.33,993.43
994.1,995.49,994.66
993.0,994.41,993.24
994.2,996.81,993.88
993.8,996.77,994.02
992.7,994.87,994.67
991.8,995.93,994.62
992.9,994.98,993.82
991.4,993.2,992.03
992.3,994.45,994.59
990.8,992.16,993.67
991.5,992.96,992.88
990.2,990.8,991.59
990.8,990.92,992.18
989.7,991.45,992.65
990.3,991.07,992.43
990.3,990.87,992.2
990.8,991.39,991.99
990.8,992.14,992.8
991.1,992.12,992.05
991.0,992.76,992.25
990.5,992.3,992.7
990.6,991.63,992.18
989.7,990.99,990.55
990.1,992.15,992.55
989.9,991.27,990.9
990.2,993.09,992.91
990.2,992.07,991.45
990.5,993.02,991.32
989.5,991.32,990.41
989.9,992.9,990.39
989.0,992.09,988.95
988.6,991.84,990.98
988.1,992.47,989.74
987.6,991.06,990.48
988.5,991.26,988.81
988.3,990.7,988.72
989.0,992.69,990.87
988.6,990.47,989.35
988.7,992.17,990.24
988.4,992.59,992.99
988.3,992.16,991.13
987.9,990.64,989.16
988.3,991.64,991.98
987.8,990.99,991.15
987.5,990.76,990.9
988.1,991.01,991.75
988.0,992.49,993.16
987.6,990.43,989.77
988.3,990.33,991.96
989.0,993.79,992.88
987.1,990.48,991.38
987.3,990.85,991.3
988.0,991.1,991.72
987.7,990.83,991.37
987.8,991.26,992.64
988.0,991.23,991.4
988.4,992.08,992.73
988.0,991.76,992.28
988.7,991.49,992.8
989.0,991.2,992.92
988.7,990.99,990.46
989.4,989.9,994.17
988.7,990.87,989.58
990.2,992.22,993.87
991.0,992.62,992.82
991.4,992.59,993.62
991.3,991.14,990.96
991.7,993.47,994.33
991.3,991.43,990.8
991.7,992.6,991.95
991.7,992.12,991.46
991.4,990.22,989.91
991.7,992.69,992.95
991.1,991.34,990.29
991.9,992.49,992.64
991.6,991.85,990.91
991.6,991.58,990.31
992.2,994.19,994.19
992.4,992.16,993.05
991.9,992.08,992.07
993.4,992.22,992.68
992.7,992.32,991.81
993.5,992.94,991.83
992.7,991.36,989.94
993.2,992.75,991.78
993.8,992.89,992.85
994.2,994.03,992.29
993.4,993.21,992.68
993.6,993.29,992.59
994.3,993.45,993.02
995.2,995.24,992.36
994.0,994.17,992.87
995.9,993.99,991.95
994.5,993.19,992.17
994.8,993.0,992.79
994.4,994.1,993.15
995.6,995.16,992.54
995.5,995.0,993.43
994.2,994.86,992.85
994.1,994.33,992.75
995.5,994.71,992.46
996.0,993.79,991.65
994.6,993.41,992.42
995.8,993.6,992.39
994.7,992.87,992.49
994.7,992.73,991.74
996.1,992.57,991.75
994.8,992.05,992.03
996.0,992.98,992.8
996.8,992.65,992.2
995.6,993.01,991.66
996.2,991.16,993.35
997.2,993.29,992.73
997.5,992.76,993.41
996.2,991.31,992.49
996.4,992.94,992.45
997.6,992.3,993.49
996.4,993.51,992.56
997.4,990.39,993.47
996.3,991.34,991.53
997.3,990.31,993.12
996.2,992.5,991.77
997.1,994.64,993.57
996.4,992.81,991.28
997.5,990.19,992.95
997.5,992.5,993.09
996.3,992.3,991.61
996.8,992.51,992.31
997.9,992.96,993.35
998.3,993.08,994.11
997.2,992.74,993.71
997.4,993.54,994.57
998.3,993.28,995.08
998.6,993.25,994.85
997.6,994.59,994.17
998.7,995.07,996.52
997.5,993.9,994.52
999.0,995.64,996.29
998.0,993.82,993.64
998.9,993.63,994.92
998.0,994.2,995.38
997.7,995.08,995.41
998.9,994.93,996.31
998.6,995.36,996.22
997.4,993.99,997.89
997.1,994.09,995.87
998.1,995.58,995.45
996.3,993.38,994.2
997.3,995.27,994.93
996.2,993.0,994.2
997.3,995.18,994.26
995.8,994.66,994.83
996.8,994.89,993.95
995.6,992.14,994.42
996.5,992.42,992.9
995.7,989.48,995.67
996.6,992.49,993.99
997.1,991.89,993.39
996.3,989.39,995.44
997.5,991.31,992.08
996.6,989.31,995.35
996.1,991.59,994.37
996.9,991.52,992.94
997.2,991.46,992.92
996.4,989.15,995.48
996.6,992.11,994.66
997.5,991.75,993.76
997.1,991.83,994.21
996.2,992.52,994.75
996.7,992.52,993.96
997.5,991.55,994.29
996.8,991.37,994.1
997.6,989.7,994.52
997.0,992.21,994.68
997.7,991.59,994.14
997.9,991.23,992.51
997.1,991.61,993.04
997.1,993.0,992.81
997.9,993.69,995.15
997.2,993.15,992.62
998.0,992.72,994.9
997.0,992.73,993.59
997.8,994.22,995.0
998.0,993.61,994.03
997.2,992.46,993.12
998.2,992.6,992.41
997.5,992.25,992.99
997.9,991.91,992.05
997.2,991.49,992.32
996.3,991.52,992.47
997.2,991.62,991.18
995.7,990.17,992.82
996.6,991.55,991.55
995.5,990.21,991.83
996.1,991.94,994.28
995.8,989.46,990.82
995.1,991.4,991.96
995.4,989.92,992.39
994.6,990.28,991.34
994.7,989.19,989.26
995.4,989.58,992.11
995.3,990.24,992.43
994.7,989.73,989.82
995.6,991.73,992.81
994.9,990.82,991.8
995.9,991.38,991.78
995.2,991.65,991.94
996.8,992.42,991.86
996.2,991.4,991.89
996.0,991.82,992.11
996.9,990.78,991.38
996.1,991.3,991.81
996.8,991.67,991.22
995.9,991.67,991.64
996.6,991.08,991.64
995.7,991.79,992.38
996.4,992.25,991.79
995.5,992.44,992.25
996.5,992.3,991.43
996.1,992.16,991.27
995.5,992.01,991.36
997.0,994.45,990.93
996.1,992.56,991.59
996.9,993.12,992.19
995.9,993.39,993.72
996.7,990.96,992.23
996.0,991.91,991.98
997.1,993.34,992.19
996.4,992.89,992.67
995.8,992.93,991.74
996.7,993.13,991.19
996.9,993.61,991.64
998.3,994.73,992.43
997.3,993.18,993.13
997.9,992.19,991.38
997.4,992.94,992.2
997.5,992.39,992.85
997.3,992.91,993.8
996.3,993.73,994.1
994.6,993.31,992.82
995.2,993.59,993.51
994.8,993.57,993.1
993.6,993.33,992.07
994.1,993.51,992.04
995.1,993.92,993.52
994.9,991.83,991.43
995.6,991.95,993.37
995.7,991.14,993.27
994.9,991.94,991.61
995.8,992.54,993.72
994.8,991.96,993.3
995.2,992.86,993.43
995.9,990.18,993.26
995.5,992.24,992.56
995.9,992.81,993.24
994.8,992.14,992.38
995.9,990.07,992.76
994.3,991.71,990.34
994.9,990.18,992.75
993.7,991.51,990.11
994.3,992.74,991.33
992.8,991.35,989.39
993.3,991.89,993.02
992.6,991.42,992.8
992.0,992.47,990.54
992.1,992.37,992.99
991.4,991.67,989.78
991.1,991.41,990.59
991.6,991.93,990.11
992.1,990.95,991.25
991.6,990.41,989.62
992.3,991.28,989.63
993.0,991.77,991.8
992.4,990.62,988.49
992.9,992.69,992.12
990.7,991.79,989.63
991.2,991.41,989.2
991.3,990.0,986.35
991.6,991.32,988.79
991.5,990.47,987.77
992.0,992.29,991.18
991.3,992.11,990.65
990.5,991.5,988.71
991.5,990.58,988.2
992.6,992.42,991.71
991.7,991.3,987.68
992.5,991.31,990.04
993.5,992.73,991.0
991.8,990.02,991.04
993.8,993.38,991.38
992.1,991.11,992.81
992.7,991.32,991.01
994.1,993.74,991.28
994.7,993.0,991.23
993.5,991.6,991.83
995.3,994.33,993.16
994.0,992.1,990.87
994.5,991.44,991.31
995.7,993.34,992.42
995.2,992.13,990.6
996.4,993.24,993.02
995.5,993.12,991.39
996.7,992.22,992.42
997.1,993.93,992.43
995.8,992.38,991.97
995.9,992.44,992.44
996.9,992.49,991.71
996.0,992.97,993.29
997.1,993.31,993.84
996.0,993.21,992.36
997.2,993.39,993.79
995.8,992.96,993.92
997.0,992.82,993.45
997.2,992.65,993.85
996.1,992.2,992.37
996.4,992.7,992.27
997.5,991.01,994.01
996.7,992.2,992.25
997.8,993.51,994.77
997.1,992.61,995.49
998.2,993.41,996.9
998.8,993.51,996.25
997.5,991.8,994.26
999.5,994.87,997.74
998.3,992.79,994.68
1000.0,995.44,996.98
998.7,992.86,993.71
1000.1,997.16,997.51
998.9,993.57,996.1
999.9,996.86,997.22
998.8,994.18,994.78
998.6,994.79,996.53
999.5,996.25,997.04
999.4,996.85,997.87
998.3,994.67,995.97
998.1,994.77,997.75
999.3,996.12,998.61
998.9,996.73,998.31
997.8,994.2,996.85
998.8,994.57,997.65
997.7,994.66,997.94
998.7,995.67,998.41
997.7,993.96,996.03
998.5,995.17,997.07
997.6,993.19,995.6
998.6,993.51,995.72
997.7,992.92,996.77
998.8,992.97,996.19
997.8,992.98,996.16
999.0,992.42,996.32
998.2,992.66,996.1
999.1,990.96,996.65
998.2,992.95,996.08
998.6,993.53,995.17
999.4,993.58,996.96
999.7,991.02,997.33
998.8,993.76,996.02
999.9,992.49,998.01
998.9,993.27,995.4
999.9,993.91,998.29
999.0,992.85,995.2
999.7,993.4,997.57
998.7,993.02,995.0
999.7,994.85,997.6
998.9,993.23,994.79
1000.3,993.2,997.22
999.4,994.5,995.73
1000.0,994.63,997.2
1000.7,994.46,997.66
1001.4,994.23,997.88
1000.4,994.71,998.56
1001.4,995.05,998.31
1000.7,994.85,997.07
1000.7,995.13,997.18
1001.6,996.11,998.46
1001.7,994.82,996.96
1000.9,995.29,996.66
1001.2,995.56,997.08
1000.3,996.11,997.5
999.8,995.92,997.08
1000.8,995.87,997.1
999.2,995.55,996.06
1000.2,996.02,997.21
999.5,995.23,995.66
998.8,996.35,996.19
999.2,995.35,996.36
998.5,995.5,995.64
998.8,994.16,994.86
997.9,993.99,994.57
998.4,993.48,994.14
997.6,993.68,993.48
998.2,993.18,993.74
997.2,992.0,995.12
997.3,990.83,995.48
998.2,992.96,993.39
998.1,992.61,995.24
998.8,992.01,993.43
998.7,992.91,993.12
997.9,990.73,995.77
998.0,994.01,995.56
999.0,990.64,994.76
998.2,994.23,994.5
999.0,993.43,994.72
997.9,993.09,994.5
998.8,992.77,993.38
997.8,994.0,994.27
998.6,992.84,993.09
997.5,992.35,992.87
998.2,992.61,991.11
998.6,994.2,992.44
997.5,992.5,993.87
998.8,992.79,989.86
997.5,991.46,990.79
998.7,992.35,992.24
1000.2,994.33,993.6
1000.6,994.97,994.64
999.2,992.86,993.27
1001.1,995.95,996.21
999.9,992.88,993.24
1001.6,996.32,996.24
1000.2,994.67,994.82
1002.1,996.48,996.58
1000.6,993.76,994.77
1000.7,993.61,995.44
1001.8,995.3,995.47
1001.8,996.18,996.28
1000.4,994.65,995.19
1001.9,997.02,996.77
1000.6,995.37,997.41
1001.7,995.38,995.5
1000.4,995.2,996.78
1000.0,994.1,997.01
1001.4,995.49,996.43
1001.4,994.72,996.04
1000.0,993.85,997.12
999.9,993.86,995.79
1000.9,994.6,996.62
1000.9,993.82,996.72
999.8,992.79,995.44
999.8,991.53,995.25
1001.1,993.6,995.48
1000.4,991.46,995.31
1001.7,993.05,994.37
1000.8,991.69,997.57
1002.2,994.06,996.4
1000.8,991.92,995.23
1002.1,994.32,996.76
1000.8,991.77,995.34
1002.2,993.6,997.28
1000.7,991.53,994.62
1001.8,993.41,996.16
1001.9,993.66,996.98
1000.7,991.61,995.13
1002.1,993.34,996.32
1000.6,991.83,998.13
1001.9,993.74,996.46
1000.8,991.88,995.98
1002.0,993.46,995.57
1000.8,992.87,995.37
1002.7,993.03,995.8
1001.6,991.32,994.74
1003.1,993.65,995.01
1002.1,993.66,995.93
1002.5,991.5,997.03
1003.2,994.68,996.9
1002.3,991.45,996.7
1003.0,995.07,997.7
1002.8,995.2,996.61
1003.9,995.48,996.74
1003.6,996.23,998.95
1004.5,996.37,998.6
1004.2,995.71,996.86
1003.2,996.93,998.7
1003.5,995.88,997.22
1002.5,995.52,997.02
1002.7,996.0,997.19
1001.6,995.59,997.93
1002.4,997.04,999.04
1001.4,995.42,997.26
1001.8,996.15,997.4
1000.8,995.8,996.42
1001.1,995.21,996.75
1000.0,994.02,995.43
999.8,994.44,994.84
1000.9,994.3,995.21
1000.8,993.69,994.96
999.5,993.97,994.73
1000.5,993.77,994.35
999.5,994.32,995.71
999.9,993.42,995.05
1000.7,994.07,995.29
1000.9,992.7,994.04
1000.1,994.39,995.24
1000.0,994.17,995.02
1000.8,993.52,993.72
1000.4,993.39,993.92
999.7,994.67,995.06
999.5,994.46,995.27
1000.3,994.6,994.94
999.4,993.91,994.92
1000.0,993.71,993.8
999.4,994.63,995.4
1000.1,994.65,994.69
1000.2,993.52,994.85
999.4,994.36,995.31
999.2,993.95,994.96
999.9,994.02,994.23
999.8,994.85,994.91
999.0,994.06,994.48
999.9,993.58,993.67
999.2,994.48,995.35
998.9,993.92,995.12
999.6,994.47,995.65
999.0,995.61,996.16
998.5,993.1,995.46
997.5,994.33,996.51
998.2,995.53,996.8
997.2,992.8,994.1
998.1,994.46,996.48
997.2,994.16,995.22
997.0,992.32,993.13
996.3,994.21,995.65
995.9,992.04,993.17
995.3,993.86,994.77
994.8,992.35,993.08
994.4,993.25,994.58
993.6,992.19,992.49
993.6,993.07,994.09
994.4,993.92,994.51
993.0,991.89,992.9
993.9,992.97,993.05
993.3,993.27,995.17
994.1,994.61,993.59
993.4,992.38,994.49
994.0,993.81,993.07
993.7,993.17,992.07
992.9,992.04,994.04
992.7,992.83,995.19
993.4,993.87,992.8
993.1,993.22,991.69
992.5,992.36,994.06
992.2,992.41,993.99
992.8,992.7,991.12
991.6,991.01,991.24
992.4,993.25,992.34
990.9,991.86,992.27
991.5,992.41,992.65
991.1,993.3,992.43
990.5,992.76,993.19
990.7,993.82,992.79
989.9,993.39,993.27
989.8,992.94,993.05
990.7,993.33,992.44
990.6,993.58,992.48
989.7,994.0,992.12
990.9,993.89,992.05
990.3,991.37,991.4
991.1,994.25,992.78
990.1,991.86,992.05
990.5,990.76,991.59
991.3,993.98,992.79
991.8,994.14,992.77
990.6,994.38,991.95
990.4,994.06,994.16
991.5,996.17,994.84
991.9,996.01,993.96
990.8,994.27,994.68
991.1,994.43,993.71
992.5,995.76,993.57
991.7,993.33,992.93
993.0,994.08,993.74
993.5,993.39,993.87
992.2,991.95,991.62
992.1,991.77,994.91
993.6,993.44,993.87
992.4,991.32,992.13
993.8,993.54,994.84
992.9,991.7,993.41
994.2,993.29,995.39
994.2,993.18,995.21
992.9,991.66,993.44
993.1,990.83,992.7
994.2,992.28,994.03
994.7,992.61,995.56
993.4,990.33,991.88
995.2,992.0,992.96
994.0,991.02,992.56
995.2,992.6,996.05
994.0,990.85,992.23
995.4,992.8,995.67
994.1,991.37,992.18
995.4,992.79,995.2
994.0,991.51,997.47
995.2,993.48,994.73
993.9,991.67,997.34
994.2,992.14,996.47
995.4,992.88,994.63
993.9,991.99,998.06
995.3,992.79,995.18
995.2,993.49,994.65
993.9,991.1,995.49
995.4,993.64,994.41
994.3,991.7,996.38
996.0,993.86,994.13
994.8,991.28,993.78
996.4,993.88,995.95
995.3,991.4,994.88
996.8,994.11,995.47
995.7,991.51,995.27
995.8,992.4,995.23
996.9,994.66,996.45
997.1,994.91,996.65
996.0,993.01,996.49
996.1,993.57,995.41
997.2,995.53,996.69
997.5,996.19,997.16
996.4,994.22,996.6
996.4,995.02,995.92
997.5,996.76,997.2
996.5,993.94,995.77
997.6,996.69,997.94
997.7,995.28,997.66
996.6,994.0,996.07
996.0,993.16,996.19
997.2,995.9,997.5
997.4,994.56,996.99
996.2,992.38,994.12
996.3,991.78,993.81
997.3,994.22,996.19
996.2,991.93,994.37
997.4,992.62,994.14
997.7,993.24,994.71
996.6,990.51,990.53
998.0,993.32,995.89
997.0,991.38,993.48
997.1,990.97,997.25
998.3,993.0,994.51
997.9,992.93,995.05
996.9,990.96,993.28
998.0,992.87,994.26
996.8,991.32,993.74
997.6,993.29,994.54
996.3,990.57,992.21
997.1,991.69,993.64
996.0,990.77,992.31
997.3,990.98,991.94
995.9,991.3,990.75
996.3,992.14,992.9
997.3,989.94,993.4
997.6,992.73,993.63
996.4,992.24,992.89
997.9,992.57,994.38
996.8,992.81,994.32
997.2,992.64,994.47
998.3,993.67,994.69
998.9,995.5,996.16
997.9,993.4,994.75
997.9,994.6,996.33
999.0,996.15,996.67
998.3,994.24,995.71
999.4,996.95,996.98
998.4,994.12,995.84
999.6,996.29,997.63
998.3,995.35,996.58
999.6,996.55,997.02
999.4,996.31,997.92
999.5,996.51,998.11
998.9,996.32,998.43
999.0,993.68,996.38
998.8,994.05,997.48
998.7,993.16,996.57
998.7,993.33,995.78
999.0,993.62,995.4
999.0,992.29,994.12
998.8,992.14,994.42
998.9,992.42,993.33
998.7,992.32,993.46
998.5,993.11,993.24
998.4,992.88,992.28
998.3,992.17,992.12
998.4,994.02,992.91
999.0,992.41,992.47
999.3,993.57,993.03
999.8,994.52,993.71
999.9,995.65,996.12
1000.1,995.56,996.7
1000.2,995.54,996.76
1000.1,996.02,997.2
1000.0,996.52,997.76
999.6,997.2,997.76
999.2,996.54,998.0
998.9,996.28,997.74
998.6,994.97,996.38
998.3,995.18,996.04
998.1,993.91,995.01
997.6,993.98,995.14
998.0,993.31,994.54
997.9,993.86,993.8
998.1,992.52,993.95
997.8,993.31,994.72
997.5,992.73,993.05
997.3,990.31,993.72
997.0,990.78,995.47
997.0,991.08,995.51
997.2,992.89,995.26
997.1,993.08,995.36
997.3,993.6,995.58
997.2,993.94,995.41
996.7,995.65,995.8
996.7,995.32,996.49
996.5,995.36,995.53
996.4,993.87,993.26
996.1,995.8,996.55
995.7,995.04,996.03
995.3,994.69,994.55
994.9,993.5,993.57
994.3,994.0,994.23
993.9,993.06,993.34
993.3,993.33,994.05
993.3,992.23,993.24
993.3,991.45,992.43
993.3,991.76,993.64
993.2,990.3,995.15
993.5,991.45,995.65
993.6,993.06,994.83
993.8,993.4,995.21
993.6,993.17,995.05
993.6,993.53,994.55
993.9,992.33,994.48
994.0,993.18,994.87
994.2,994.24,994.82
994.3,993.67,994.39
994.4,992.84,994.44
994.7,992.14,993.67
994.5,993.24,995.22
994.0,993.16,993.8
993.4,994.9,994.95
993.1,994.33,995.59
993.0,993.37,994.51
992.7,992.51,993.83
992.4,991.55,992.5
992.5,992.77,992.51
992.4,992.11,991.68
992.5,992.74,991.71
993.0,992.84,992.16
993.3,992.42,992.83
993.0,993.0,993.95
993.0,992.43,994.05
993.6,992.76,995.32
994.0,992.89,994.73
994.5,994.05,994.22
994.6,993.97,991.03
995.0,993.0,990.37
994.4,994.3,991.18
994.5,993.78,991.17
994.3,993.67,991.39
994.2,994.05,992.76
994.9,993.0,991.0
994.5,993.66,991.81
994.8,994.15,992.19
994.3,992.54,989.9
994.4,993.89,992.29
993.5,993.94,992.85
992.4,990.96,994.0
992.5,993.06,993.79
993.0,994.08,993.84
992.8,990.85,991.48
992.7,992.77,992.03
993.0,994.16,993.76
992.9,993.03,993.84
992.6,993.11,991.52
992.7,993.29,991.75
992.5,990.16,992.34
992.2,993.19,993.0
992.0,992.69,992.6
992.2,993.19,992.81
992.5,992.44,991.59
993.3,993.54,991.85
994.0,992.89,990.89
994.4,992.73,993.03
994.9,993.86,992.74
995.3,992.43,992.28
995.3,992.45,992.76
995.5,993.33,994.63
995.4,993.49,993.97
995.1,992.99,994.43
995.2,991.45,991.64
995.0,992.41,993.7
995.5,993.37,995.99
995.4,992.36,994.48
995.7,992.55,994.18
996.1,993.05,994.62
996.3,992.95,994.03
996.0,992.39,994.09
995.8,992.06,993.57
995.9,992.22,993.76
995.9,991.61,993.59
996.0,992.84,993.6
996.1,992.16,992.99
996.2,993.37,994.07
996.2,992.94,993.93
996.7,993.45,994.41
997.0,994.15,995.37
996.9,994.92,996.18
997.3,995.79,996.83
997.4,995.84,996.46
997.4,995.44,996.14
997.0,995.66,996.84
996.6,996.06,997.36
996.2,996.09,997.7
995.9,995.14,995.93
995.9,995.41,996.42
995.9,995.19,995.98
996.1,994.82,996.15
996.1,994.79,995.11
996.3,992.94,995.12
996.2,990.48,994.84
996.0,990.47,994.76
996.0,993.57,993.77
995.7,993.67,994.29
995.7,992.83,993.95
995.4,994.06,995.12
995.3,993.99,994.41
995.3,993.42,993.95
995.2,994.0,994.91
995.2,993.31,994.3
995.7,993.47,994.43
995.8,993.12,994.05
996.0,993.85,994.9
996.1,995.96,996.43
995.9,995.04,996.05
995.8,996.02,996.73
995.6,996.89,997.35
995.3,995.77,996.11
995.1,996.74,996.89
995.1,995.03,994.92
994.9,993.57,994.49
994.7,993.39,993.95
994.9,992.59,993.22
995.5,990.34,993.86
995.6,993.94,994.18
995.7,993.63,995.32
996.2,991.16,996.24
996.4,993.57,996.58
996.4,993.91,996.22
996.6,994.07,996.22
996.7,993.93,996.39
996.8,994.08,995.99
997.4,993.19,995.93
997.6,994.79,996.53
997.9,996.29,996.28
998.1,994.42,995.36
998.3,995.54,995.78
998.2,996.31,996.03
998.0,996.3,995.48
997.7,995.76,995.24
997.2,997.06,994.01
996.9,995.27,994.43
996.5,993.73,992.27
996.2,993.48,992.65
996.0,993.81,992.96
995.9,993.91,993.02
996.3,993.02,993.09
996.6,990.5,992.99
996.9,990.49,994.02
996.8,990.55,994.47
996.5,992.68,994.61
996.0,991.02,995.61
995.7,992.53,995.86
995.7,991.41,996.38
995.4,993.6,995.74
995.6,993.13,994.6
995.6,994.37,994.79
995.3,993.41,992.28
995.4,993.1,991.04
995.3,993.69,991.28
994.9,995.04,994.46
994.6,993.7,992.42
994.4,991.82,990.4
994.2,993.39,990.84
993.9,992.49,990.6
993.5,994.3,994.1
993.1,993.63,993.16
993.0,992.15,992.45
993.0,993.46,993.0
993.5,993.67,991.63
994.4,993.0,990.95
995.0,993.66,991.31
995.5,994.21,992.55
995.7,993.41,991.5
996.1,993.77,992.93
995.9,992.7,991.34
996.0,992.63,991.59
995.8,992.81,991.82
996.1,993.15,992.62
996.2,992.9,993.12
996.9,993.29,993.55
997.2,993.1,994.19
997.9,993.87,995.93
998.3,994.55,996.46
998.2,995.17,996.89
998.7,994.77,996.96
998.6,995.42,996.75
998.4,994.68,996.59
998.0,995.54,996.71
997.8,995.91,997.61
997.3,996.15,997.69
997.5,994.62,996.56
997.2,994.58,996.31
997.6,994.96,996.91
997.8,994.48,996.36
998.2,993.94,995.21
998.1,994.25,994.76
998.0,994.16,995.14
997.8,993.06,994.61
997.4,993.17,995.0
997.7,992.82,994.34
997.5,994.18,995.92
997.6,993.3,995.15
997.8,993.55,996.0
997.9,990.86,996.87
997.7,994.6,997.95
997.8,994.57,997.92
997.9,995.19,997.81
997.8,995.41,997.26
997.1,995.72,997.61
996.9,996.8,998.64
996.5,995.02,995.98
996.0,994.76,996.69
995.7,994.55,996.39
995.8,994.65,995.58
995.3,993.53,994.05
994.7,992.88,993.35
994.5,992.09,992.57
994.5,992.07,992.14
994.3,993.5,993.02
993.7,993.01,992.58
993.3,992.53,993.62
993.2,992.05,994.31
993.2,992.52,992.94
993.0,992.95,993.71
992.7,993.15,994.1
992.2,993.14,994.49
992.5,993.8,994.65
992.9,992.3,992.71
992.8,992.06,991.12
992.4,991.01,992.42
992.0,992.16,991.85
991.7,991.05,991.71
991.3,992.27,993.64
990.7,991.68,993.46
990.0,992.03,993.56
988.6,990.73,991.98
988.1,991.96,992.83
988.0,991.57,992.2
987.9,992.6,992.03
988.1,992.57,993.05
988.3,990.4,993.53
988.9,992.48,993.41
988.7,992.53,993.98
989.0,992.65,994.41
989.5,992.48,994.09
989.2,992.38,993.68
988.8,992.79,994.26
989.1,993.15,993.0
989.3,992.59,993.47
989.4,993.03,993.56
989.6,992.85,992.9
989.7,992.19,991.73
989.4,993.43,993.46
989.6,993.6,993.7
989.8,992.25,992.65
989.3,992.99,993.41
989.9,991.69,992.27
990.4,993.4,991.44
991.0,993.5,992.72
987.3,994.6,992.34
989.5,993.5,992.73
988.8,993.53,992.98
990.1,991.72,990.73
989.7,991.99,991.52
989.8,991.42,989.59
990.3,991.34,991.91
991.1,992.72,991.98
991.9,992.58,992.12
992.6,992.64,991.69
993.2,992.84,993.85
992.5,992.11,991.77
991.8,994.45,993.92
991.5,993.42,992.78
991.7,993.53,992.2
991.8,994.09,993.37
992.3,993.79,992.99
992.7,993.41,993.18
993.0,995.64,995.21
993.4,994.26,994.44
993.3,993.24,993.03
993.4,993.63,992.45
993.4,993.36,991.33
993.0,994.17,992.94
992.9,994.05,993.34
992.8,994.02,993.67
993.2,993.91,992.42
993.4,993.15,990.1
994.0,993.83,991.3
994.6,994.41,991.68
994.9,994.39,991.65
995.4,993.96,991.26
995.5,993.87,992.56
996.0,995.23,994.6
995.8,994.69,993.8
995.8,994.13,992.12
995.7,994.29,992.48
995.8,995.14,993.98
996.0,994.44,992.63
996.4,994.17,992.65
996.4,995.33,994.36
996.4,995.25,993.44
996.6,994.28,995.15
996.4,994.93,994.33
996.1,993.52,994.06
995.6,991.77,990.2
995.3,992.22,991.94
995.1,992.39,992.54
994.7,991.15,990.18
994.5,992.16,992.89
994.3,991.95,993.26
994.1,991.14,993.36
994.3,991.78,993.39
995.0,992.82,992.89
995.4,992.28,992.13
995.5,992.77,993.19
995.6,991.71,991.56
995.5,992.25,990.99
995.4,992.85,991.71
995.4,993.4,992.74
995.7,992.38,990.02
995.7,992.91,991.37
996.0,994.4,993.43
996.5,993.38,991.68
996.9,993.53,992.28
997.2,993.17,993.81
997.4,994.78,994.1
997.2,995.83,993.53
996.7,994.66,993.56
996.5,993.64,991.76
996.2,992.71,993.06
995.8,991.17,992.4
995.4,992.35,993.09
995.4,991.55,992.45
995.1,991.71,992.58
994.9,991.72,992.88
995.1,992.34,993.86
995.4,992.25,993.92
995.6,992.02,994.49
995.7,992.05,994.71
996.0,992.73,995.3
996.0,992.45,995.49
995.9,992.46,994.99
995.9,994.06,995.43
996.4,994.16,995.64
996.4,993.38,995.67
996.7,994.68,995.05
997.1,993.5,995.08
997.2,994.38,996.24
997.2,994.47,995.42
997.4,994.72,995.97
997.3,994.39,995.77
997.0,994.52,995.06
996.8,994.03,994.55
996.4,994.86,994.46
996.0,993.25,993.42
995.9,992.28,992.29
995.6,992.84,993.11
995.8,992.21,992.79
995.8,992.87,992.85
996.0,992.83,993.27
996.3,993.02,993.12
996.6,992.89,995.02
997.2,993.44,994.99
997.6,992.73,994.74
997.3,993.79,995.15
997.1,993.65,994.88
997.3,992.2,992.99
997.3,992.69,992.43
997.0,993.56,992.3
997.4,993.39,992.47
997.9,993.29,991.47
998.2,993.18,990.77
998.1,993.05,993.2
998.5,992.04,993.7
998.6,993.61,994.16
998.4,995.28,994.56
998.6,996.15,993.62
998.1,994.76,992.22
997.9,994.98,992.92
998.1,993.37,991.22
998.4,993.1,990.97
998.9,993.23,990.7
999.4,993.09,991.58
999.9,992.32,990.45
1000.0,992.04,990.17
1000.0,992.12,990.74
999.5,992.45,991.9
999.2,991.42,988.54
998.7,991.63,990.6
998.4,991.26,992.03
998.3,991.7,991.48
998.2,992.13,990.78
998.5,992.32,991.6
998.9,991.73,990.23
998.9,992.41,992.66
999.0,992.07,991.05
999.4,990.66,991.21
999.2,993.27,994.82
999.2,993.03,995.22
998.9,992.53,993.58
998.5,993.15,994.54
998.3,990.26,991.7
997.5,991.03,993.21
997.6,990.91,990.18
997.8,991.82,992.26
997.8,993.02,993.56
997.8,991.97,992.36
998.1,992.41,992.9
998.0,992.03,992.78
997.9,992.65,994.15
997.7,992.62,993.12
997.7,992.26,992.49
997.1,992.5,993.61
997.2,992.23,993.01
997.3,992.28,992.92
997.3,991.96,992.27
997.5,992.01,992.22
997.8,992.34,993.42
998.1,992.96,994.53
998.1,993.22,995.46
998.3,992.82,995.28
998.7,992.85,995.49
998.8,992.86,995.23
998.8,992.96,995.74
998.7,992.49,995.62
998.2,992.74,996.13
998.0,993.04,995.98
997.9,992.48,994.97
997.8,993.02,996.84
997.7,992.09,995.54
997.9,992.36,995.5
998.4,992.08,994.82
998.3,992.92,996.96
998.3,991.87,993.75
998.5,991.6,993.69
998.3,992.23,993.76
998.0,992.34,992.66
997.9,993.45,994.73
998.0,993.12,993.5
998.0,991.8,993.04
998.4,992.53,993.0
999.2,993.4,992.96
999.4,992.62,993.73
999.8,993.5,994.75
1000.3,994.21,995.08
1000.3,995.79,993.84
1000.0,995.63,995.38
999.6,994.95,994.71
999.2,994.94,995.56
999.0,995.63,996.59
999.0,994.83,995.95
998.9,994.25,995.87
999.2,993.81,995.21
999.5,994.04,995.29
1000.0,993.62,995.69
1000.2,994.08,996.09
1000.2,994.08,996.46
1000.1,993.79,995.26
1000.0,993.6,994.81
999.7,993.67,994.44
999.5,993.32,994.26
999.6,993.7,994.31
999.6,991.58,992.05
1000.0,992.09,992.92
1000.4,992.32,993.3
1000.9,993.28,994.05
1001.2,993.21,994.17
1001.4,995.01,995.81
1001.2,996.2,997.04
1000.8,995.72,997.06
1000.3,995.74,996.96
1000.2,996.59,997.01
999.6,995.51,996.77
998.9,996.45,997.26
998.8,994.48,995.44
998.3,994.71,995.74
998.1,993.73,995.4
998.0,993.7,994.93
997.9,991.32,994.69
997.9,991.15,994.3
997.5,991.21,994.55
997.2,994.02,995.34
997.1,991.22,997.26
996.8,991.12,997.03
996.9,991.09,996.77
996.9,991.36,997.14
997.0,991.25,996.58
997.0,994.18,996.69
997.0,994.29,996.72
997.1,993.97,997.55
997.0,995.21,997.49
996.6,994.95,997.12
996.2,995.9,997.43
995.4,995.54,997.21
994.9,995.85,997.02
994.2,995.24,996.34
993.4,995.3,996.81
992.8,995.23,996.66
992.2,993.14,994.12
991.8,993.94,994.87
991.6,993.84,995.3
991.5,993.19,994.45
991.7,993.18,994.11
991.9,992.53,993.0
992.1,992.37,993.91
992.3,990.65,995.26
992.5,990.99,995.29
992.3,991.47,995.73
992.5,993.46,995.82
992.7,993.39,994.84
992.8,993.33,995.25
993.1,992.23,995.23
993.7,995.28,997.95
994.2,994.23,996.74
994.1,994.28,996.85
994.2,994.34,995.85
993.8,994.46,995.78
993.2,994.38,995.63
993.0,995.13,994.9
992.7,996.36,994.7
992.3,995.86,994.74
992.3,996.01,994.57
992.2,995.67,993.87
992.3,993.88,993.37
992.7,993.05,993.67
993.1,992.36,992.26
994.0,992.59,993.32
994.0,992.39,993.6
994.7,993.1,994.38
995.0,993.43,995.21
995.1,990.88,995.31
995.0,991.12,995.8
995.0,991.26,997.07
994.7,991.46,996.7
994.7,991.66,996.9
995.1,991.45,996.52
996.2,994.87,996.99
996.6,993.56,997.37
996.9,994.8,996.44
997.2,992.57,994.79
996.9,995.86,995.5
996.7,995.69,995.58
996.3,996.32,995.09
996.1,994.18,993.11
995.6,994.79,992.83
995.1,995.09,994.72
995.1,993.55,992.93
995.0,994.16,993.67
995.1,994.13,992.68
995.4,994.14,992.79
995.8,994.95,992.79
996.1,993.84,992.0
995.8,994.67,992.39
995.7,994.03,992.49
995.5,993.47,992.06
995.1,993.53,992.76
994.8,993.54,993.06
994.2,993.17,992.56
993.8,993.13,991.95
993.6,994.15,993.43
993.5,992.25,992.28
992.9,992.06,991.67
992.1,991.69,990.94
993.2,992.64,989.45
992.1,992.86,993.01
990.8,993.79,995.84
990.5,992.29,993.82
989.6,992.87,996.4
989.4,992.44,992.35
989.0,991.76,991.55
988.1,991.58,990.94
989.1,991.7,991.3
989.6,991.97,991.48
990.0,992.43,991.06
990.4,994.39,994.17
990.1,993.01,992.66
990.0,992.99,992.41
990.0,993.34,993.74
990.0,992.45,992.67
989.3,993.54,994.01
988.8,993.62,992.73
988.4,993.36,992.05
987.8,993.15,991.08
987.6,993.07,990.76
987.5,993.26,992.62
987.4,993.35,992.7
986.9,993.04,992.9
987.1,993.99,994.2
986.9,993.46,992.64
986.9,994.21,993.61
986.7,993.96,993.59
986.6,995.37,994.11
986.8,995.49,993.95
987.3,995.7,994.78
987.7,992.95,991.31
987.7,995.08,996.18
988.3,993.39,993.93
988.5,993.13,994.53
988.5,993.11,994.66
988.5,993.58,994.35
988.4,993.18,994.21
988.3,993.5,994.17
988.5,993.54,993.81
988.4,992.44,993.01
988.4,992.54,992.68
988.7,992.76,992.94
988.7,992.33,991.95
989.5,992.63,992.38
990.1,994.28,995.25
990.7,993.48,994.66
991.1,992.78,994.01
991.5,994.61,996.95
992.0,994.95,996.26
992.2,995.26,997.23
992.3,995.07,996.57
992.3,994.2,993.68
992.6,995.49,996.01
992.8,992.88,993.36
993.5,994.24,994.72
993.6,993.55,994.91
994.1,993.5,995.11
994.8,990.5,994.56
995.0,993.08,994.97
995.1,990.45,995.22
995.5,992.79,996.1
995.7,993.95,997.33
995.8,993.99,997.2
996.2,993.13,996.24
996.6,993.61,996.16
997.0,994.16,995.21
997.9,993.84,994.56
998.7,993.41,996.2
999.1,993.76,996.46
999.5,994.95,997.78
1000.1,996.43,998.8
1000.3,995.82,998.04
1000.6,996.32,996.58
1000.6,995.3,996.23
1000.3,995.47,996.51
1000.2,995.6,997.25
999.9,995.56,997.4
1000.0,995.4,996.68
1000.1,994.19,995.89
1000.4,994.53,997.14
1000.7,993.94,996.39
1001.4,994.36,997.32
1001.4,994.38,997.78
1001.8,993.91,997.17
1001.8,994.44,997.4
1001.7,992.66,994.46
1001.9,994.49,996.61
1002.2,990.24,994.16
1002.3,991.46,994.26
1002.6,992.41,994.53
1002.8,992.87,994.38
1002.9,993.48,994.92
1003.0,992.34,996.31
1002.9,993.35,995.18
1002.9,993.95,995.99
1002.8,994.38,996.06
1002.2,993.61,992.85
1001.4,993.22,993.21
1001.1,991.86,992.07
1000.3,991.64,991.72
999.8,994.27,995.08
999.4,993.67,993.9
999.3,992.73,993.04
999.2,991.52,991.11
999.4,992.88,992.94
999.5,993.2,992.94
999.5,992.3,991.94
999.5,992.61,993.0
999.3,992.41,994.5
999.4,992.52,992.96
999.7,993.39,993.68
999.7,992.78,992.05
999.9,992.41,992.29
999.8,993.55,993.23
999.9,993.82,993.91
999.9,992.38,991.94
1000.1,993.8,992.81
1000.2,993.27,992.29
1000.4,993.35,993.3
1000.1,994.68,994.77
999.5,994.27,993.81
999.1,994.37,994.36
998.3,993.73,994.02
997.6,992.91,992.72
997.1,993.62,993.59
997.1,992.55,992.83
997.4,992.68,992.55
997.4,993.18,992.79
997.4,992.52,991.94
997.5,992.99,991.73
997.6,990.74,993.15
997.5,992.98,992.75
997.4,993.02,993.22
997.3,993.11,994.31
997.4,992.67,994.37
997.4,992.64,994.55
997.2,993.04,994.39
997.2,992.58,994.53
996.8,994.38,994.71
996.7,993.51,993.44
997.1,994.34,994.5
997.0,994.14,994.15
997.4,993.72,992.64
997.1,993.92,994.48
996.5,992.28,993.66
995.7,993.2,994.53
995.2,990.13,990.2
994.5,991.36,993.57
994.5,991.35,993.95
994.3,992.71,993.18
993.8,991.87,993.14
993.5,992.85,993.36
993.8,991.19,993.99
993.7,992.53,992.57
993.7,992.42,992.63
993.2,992.56,992.35
993.2,992.98,992.91
993.3,991.96,993.51
993.0,993.63,993.19
993.1,993.31,992.91
992.9,993.26,991.25
993.4,993.31,991.61
993.8,993.66,992.79
993.7,992.48,990.7
994.0,993.26,990.57
994.1,993.86,992.49
993.9,994.01,992.78
993.4,995.16,994.37
993.2,992.4,992.77
992.7,993.63,994.42
992.4,993.02,992.83
991.9,991.34,994.07
992.1,992.0,992.94
991.7,990.09,993.34
990.9,993.53,993.54
992.0,993.66,993.73
991.9,993.79,993.07
991.1,990.85,993.47
991.3,993.62,993.17
991.2,990.98,992.18
991.7,991.26,991.77
991.7,993.76,992.8
992.5,994.15,993.28
993.4,993.77,992.61
994.1,994.38,993.94
994.6,994.12,994.07
995.3,994.21,993.58
995.6,994.68,994.95
995.7,996.05,994.94
995.6,996.39,995.61
995.5,995.7,995.83
995.2,994.85,995.03
994.9,994.75,993.94
995.2,995.04,995.93
995.4,994.81,995.27
995.8,993.55,993.53
995.5,994.24,993.97
995.3,992.94,993.28
995.8,993.9,993.75
996.1,993.54,994.48
996.4,993.3,994.83
996.2,993.88,996.78
995.4,993.41,996.07
995.5,993.13,996.47
995.7,990.79,996.51
995.3,993.18,996.21
994.3,994.13,996.77
994.9,993.41,995.12
995.0,993.5,995.33
994.8,994.32,995.85
994.3,993.39,996.59
994.2,992.68,993.34
993.4,993.73,995.21
993.1,992.88,994.22
993.7,992.64,994.43
992.8,994.07,995.34
991.6,992.66,992.87
990.6,992.36,992.82
990.6,992.28,993.27
992.2,993.62,993.75
991.4,990.6,990.68
990.5,990.59,991.65
990.3,988.62,990.11
989.7,989.16,988.98
989.6,989.45,990.83
989.1,989.77,991.24
989.2,990.31,991.06
988.7,990.94,990.7
988.2,990.96,989.91
988.0,990.4,988.35
987.9,990.27,987.95
988.4,991.31,990.3
988.6,992.48,993.51
989.1,991.8,992.44
989.5,991.48,993.0
989.6,992.84,994.05
990.1,992.67,994.26
991.2,995.05,993.67
991.3,996.29,994.02
990.8,994.7,992.37
990.6,995.25,992.25
990.3,995.01,993.45
990.6,995.47,992.59
991.9,995.15,993.91
992.3,994.47,992.73
993.1,995.27,992.62
993.5,994.42,990.73
994.1,996.31,994.53
994.8,994.97,992.5
995.1,995.7,994.31
995.2,996.37,994.96
995.6,995.48,994.2
996.0,996.41,994.35
996.1,996.52,994.33
996.9,996.43,993.82
998.7,996.04,993.54
999.4,996.44,994.13
1000.3,996.58,995.94
1001.4,996.68,997.16
1002.2,997.03,996.68
1002.1,997.74,998.08
1001.9,998.21,1000.7
1001.9,997.78,999.7
1001.9,995.7,998.54
1002.2,996.19,998.85
1002.0,996.45,997.58
1002.1,996.22,997.47
1002.0,995.8,997.91
1002.3,996.18,996.9
1002.4,996.8,998.7
1002.6,994.42,994.36
1002.8,994.68,997.35
1002.5,994.6,997.44
1002.6,995.08,999.87
1002.9,995.19,996.07
1002.7,994.77,996.57
1002.6,995.06,996.48
1002.9,994.04,996.59
1003.3,993.86,995.51
1004.1,993.77,996.28
1004.2,994.91,996.9
1003.9,995.3,997.81
1004.0,996.25,999.73
1003.2,997.49,1000.26
1003.2,997.12,999.16
1002.1,995.44,996.94
1001.9,996.74,997.84
1000.7,995.69,996.7
1000.4,995.86,996.89
999.1,996.39,996.43
998.5,995.18,995.04
997.7,995.77,996.21
998.1,993.28,997.35
998.0,995.07,996.97
997.4,996.02,996.44
997.2,995.67,998.11
997.1,995.57,998.49
996.3,995.47,997.69
995.7,993.69,994.61
994.5,993.4,993.62
994.0,994.64,994.72
993.8,995.57,997.61
993.5,994.76,996.95
993.3,994.37,997.74
992.8,994.81,996.93
992.8,994.46,996.65
992.3,994.35,994.58
991.7,994.91,996.97
990.8,994.7,997.28
989.8,993.68,995.71
989.2,993.7,995.07
988.7,992.41,993.78
988.3,994.74,995.07
988.1,992.22,993.79
988.5,994.21,995.17
988.8,994.56,996.13
988.4,994.59,996.3
987.9,991.5,995.47
986.9,993.34,994.76
986.5,994.36,996.1
986.2,993.3,994.36
985.3,993.13,993.85
984.9,992.26,993.35
984.8,992.8,994.64
984.9,993.76,994.71
985.3,993.85,994.52
986.0,993.95,994.3
986.5,994.0,994.87
986.8,994.62,996.43
986.9,995.79,997.77
987.2,994.54,996.09
987.3,995.43,997.81
987.3,993.84,992.45
986.9,993.36,993.13
987.0,993.91,993.17
987.3,993.32,992.25
987.4,994.17,993.92
987.3,994.15,994.87
987.4,992.51,994.76
987.5,993.88,994.7
988.8,994.81,996.29
989.0,994.51,995.43
988.6,993.71,994.19
988.2,995.05,995.77
988.2,996.0,997.13
988.1,993.97,995.45
987.7,994.8,995.3
987.9,995.69,997.09
988.0,994.56,993.76
988.4,995.37,995.49
989.1,996.27,998.18
989.4,995.7,997.63
989.6,996.47,999.05
990.2,996.33,998.67
990.5,997.1,999.26
990.9,998.07,999.03
991.1,996.2,994.04
991.0,995.99,996.04
991.4,996.15,995.93
991.7,996.45,996.93
992.2,997.03,997.55
992.6,996.22,997.52
992.9,996.61,998.97
993.3,996.0,997.93
993.6,996.51,998.19
993.5,995.95,997.12
993.5,996.6,997.98
993.7,995.77,998.21
993.7,996.28,997.18
993.6,996.67,998.49
993.8,997.0,998.28
993.7,995.05,997.01
994.2,995.48,994.48
994.7,996.89,997.02
995.3,995.94,995.79
996.0,997.54,998.25
996.7,997.1,998.32
997.1,997.49,999.2
997.7,995.76,998.52
998.3,998.62,996.9
998.7,999.51,1002.13
999.0,997.78,998.83
999.4,996.54,996.07
1000.1,997.48,997.79
1000.6,996.16,996.1
1001.3,996.67,998.11
1002.0,996.78,997.32
1002.4,995.96,996.29
1002.8,994.84,991.5
1003.5,995.9,994.16
1004.1,996.1,996.1
1004.5,996.41,995.76
1004.5,996.13,996.66
1004.8,996.3,995.68
1005.4,993.86,990.92
1005.6,994.13,992.68
1006.2,994.34,993.16
1006.9,994.76,994.86
1007.8,995.15,995.49
1008.4,995.14,995.96
1009.0,995.7,997.16
1010.1,995.98,997.33
1010.6,996.62,994.89
1010.5,996.48,998.5
1010.9,996.64,997.76
1010.6,995.71,997.5
1010.5,995.81,994.85
1010.7,995.27,996.86
1010.7,995.67,995.45
1011.0,995.27,994.61
1011.1,994.39,997.16
1011.0,994.77,995.27
1011.5,995.1,997.53
1011.6,995.75,998.21
1011.5,996.0,997.68
1011.4,995.96,997.22
1011.3,994.81,993.32
1011.3,994.66,996.63
1011.2,994.84,994.22
1011.2,995.28,995.3
1011.2,995.62,996.17
1011.6,995.77,996.38
1011.9,995.8,997.21
1012.3,993.44,998.19
1012.4,996.38,999.17
1012.3,996.7,999.4
1012.1,995.78,999.05
1011.8,998.23,1000.98
1011.2,996.48,1000.4
1010.2,997.84,1001.42
1009.4,997.72,999.77
1008.8,997.03,998.69
1008.1,996.49,998.07
1007.5,996.21,997.7
1007.1,995.64,997.83
1007.0,994.9,996.76
1006.9,994.79,995.75
1006.8,993.5,994.88
1006.6,993.41,996.49
1006.1,994.44,996.5
1005.9,994.08,997.43
1005.7,994.03,997.35
1005.6,992.84,997.32
1005.8,992.9,997.46
1005.8,992.77,997.12
1006.2,994.07,996.83
1006.5,995.17,998.93
1006.6,996.75,999.32
1006.5,996.82,1000.07
1006.6,997.47,1001.19
1006.2,997.57,1000.32
1005.8,998.26,1000.94
1005.2,997.08,999.51
1004.0,998.16,999.67
1003.3,996.58,999.58
1002.6,996.95,1000.12
1002.0,995.38,997.67
1001.2,995.56,998.21
1001.2,995.9,999.53
1001.3,995.01,997.62
1001.5,994.55,998.05
1001.7,993.63,994.37
1001.2,993.8,995.22
1001.0,993.64,994.54
1000.7,992.56,991.02
1000.8,993.2,995.95
1000.9,992.75,995.27
1000.7,994.25,999.91
1001.0,993.92,997.79
1001.7,994.72,997.32
1001.9,994.95,999.08
1002.5,994.18,997.12
1002.9,994.51,997.38
1003.2,995.41,999.39
1003.1,996.55,1000.15
1003.1,996.58,1001.34
1002.5,996.52,1001.21
1002.2,994.6,998.07
1002.2,993.99,997.3
1002.1,993.98,998.54
1001.9,993.9,998.41
1002.1,993.63,998.2
1002.5,993.4,1000.56
1002.7,992.63,997.84
1003.2,993.03,999.14
1003.3,992.92,998.43
1003.3,993.21,998.06
1003.3,993.21,997.89
1003.5,993.9,1000.55
1003.7,992.95,998.96
1004.0,992.94,999.01
1004.3,992.63,997.05
1004.9,992.66,997.3
1005.2,992.7,997.71
1006.1,993.93,999.33
1006.4,993.83,998.04
1007.2,994.04,998.77
1007.6,993.88,997.36
1007.8,994.16,997.47
1007.8,994.19,996.77
1007.1,995.45,998.33
1006.8,994.54,998.36
1006.9,993.72,999.02
1006.8,993.2,997.03
1006.7,993.39,996.51
1006.6,993.24,996.56
1006.4,992.77,995.44
1006.6,993.2,998.0
1006.8,993.4,998.61
1006.9,992.99,998.68
1006.7,993.71,995.54
1006.6,993.62,996.11
1006.7,993.3,995.17
1006.6,992.35,993.34
1006.7,994.03,995.91
1007.1,995.26,996.13
1007.3,995.31,996.23
1007.7,992.79,995.4
1007.9,995.63,997.18
1008.1,997.37,999.09
1008.4,997.98,1000.49
1008.4,998.49,1000.4
1008.1,998.17,1000.41
1007.5,997.02,998.98
1007.1,997.41,1000.19
1006.5,996.93,998.82
1005.9,997.16,999.25
1005.7,996.6,998.94
1005.2,996.73,998.69
1004.8,995.19,997.26
1004.8,995.44,997.69
1004.7,994.07,997.64
1004.6,995.21,997.62
1004.5,993.88,995.89
1004.3,994.68,995.47
1004.1,993.95,994.8
1003.8,993.78,994.0
1003.6,994.1,993.53
1003.5,993.83,994.4
1003.7,994.59,995.77
1003.9,994.41,996.41
1003.7,994.74,996.12
1003.8,993.51,998.18
1003.9,996.55,998.18
1004.2,996.57,998.05
1003.6,996.99,997.98
1003.0,995.12,997.04
1002.5,996.53,996.69
1001.9,997.11,999.83
1001.4,995.9,998.29
1000.8,995.51,998.4
1000.6,995.09,998.19
1000.5,994.9,997.37
1000.6,995.3,997.89
1000.5,992.48,997.46
1000.3,992.38,998.63
1000.3,992.46,998.83
1000.3,994.94,999.22
999.9,992.94,999.65
999.6,993.14,1001.44
999.4,993.19,1001.78
999.2,993.3,1001.62
999.1,996.68,1003.19
999.0,996.89,1002.78
999.4,996.92,1001.1
999.4,996.4,999.55
999.4,996.54,998.75
999.7,996.5,996.82
999.8,997.32,999.54
999.5,995.8,996.76
999.2,994.92,994.16
998.6,992.65,989.61
997.7,994.95,994.3
997.1,995.7,995.56
996.8,996.13,996.4
996.4,995.18,995.48
996.6,994.23,994.73
996.5,994.7,994.45
996.4,994.6,995.17
996.2,994.64,994.98
996.2,993.9,993.51
996.0,994.17,993.6
995.8,994.24,995.12
995.2,996.03,994.83
995.6,996.1,995.66
995.7,995.88,994.39
995.3,995.44,994.12
995.2,995.76,993.87
995.2,995.44,994.47
995.4,994.61,995.17
995.5,995.99,995.16
995.6,995.82,995.95
995.4,995.45,997.5
995.2,994.8,997.06
994.7,994.6,995.18
994.3,993.22,995.43
994.2,994.52,994.87
995.8,993.98,993.11
997.3,992.88,988.71
998.6,993.0,992.5
998.6,994.3,995.65
999.2,994.51,994.27
1000.5,991.89,992.62
1001.0,992.77,999.17
1001.9,993.27,997.17
1002.7,992.73,1000.42
1002.8,992.46,1002.15
1003.3,992.93,1003.31
1003.5,994.35,1005.86
1003.7,992.6,1000.53
1004.1,993.18,999.9
1004.7,993.02,996.69
1005.1,993.76,996.05
1006.1,992.95,991.72
1006.5,993.95,993.17
1007.2,993.65,991.58
1007.8,995.88,995.79
1008.1,993.33,989.2
1007.7,995.19,993.35
1007.5,997.3,995.67
1007.2,995.3,996.65
1007.2,995.66,996.18
1007.4,996.21,996.75
1007.4,995.71,996.56
1007.6,995.08,995.37
1008.1,995.84,995.8
1008.5,996.39,995.37
1008.8,996.0,995.84
1008.8,996.6,995.01
1008.6,997.02,996.63
1008.3,996.78,997.2
1008.4,997.59,996.61
1008.2,997.22,997.27
1008.1,997.65,997.93
1008.0,997.38,998.55
1008.2,998.17,999.51
1008.2,996.88,995.7
1008.3,996.92,998.9
1008.5,996.7,998.67
1008.3,997.66,997.51
1007.6,998.67,999.32
1006.7,999.49,1000.34
1005.3,996.63,993.24
1004.1,997.77,994.85
1002.9,996.17,990.61
1002.1,997.26,994.82
1001.6,997.13,994.82
1001.4,996.76,993.31
1001.4,996.79,996.24
1001.1,996.77,995.71
1000.9,996.27,993.53
1001.1,997.39,995.9
1000.8,997.34,995.42
1000.5,996.71,994.06
1000.1,998.36,994.9
1000.0,996.64,993.94
999.8,998.05,995.26
999.4,997.7,994.06
999.2,996.94,993.29
999.1,997.42,993.46
999.1,996.76,993.82
999.6,997.17,993.79
999.8,996.91,992.64
999.7,998.0,997.38
999.8,996.59,994.94
999.5,996.09,993.76
999.0,996.06,993.18
998.0,995.67,996.87
997.7,996.01,996.46
997.2,993.7,996.45
997.4,994.5,996.87
997.4,994.42,997.31
997.9,993.84,998.5
998.0,994.16,998.34
998.1,994.96,997.93
998.6,995.21,998.03
998.7,994.65,998.36
998.5,996.03,999.09
998.5,996.67,999.69
998.8,996.2,999.98
998.8,996.34,999.35
998.8,995.6,997.83
999.4,997.62,998.34
999.6,994.09,997.99
1000.3,995.22,998.53
1000.4,994.23,999.01
1000.5,997.3,1000.41
1000.6,997.31,1002.19
1000.9,998.04,1001.56
1000.9,998.78,1001.39
1000.4,997.15,997.08
999.8,996.82,998.84
999.3,996.41,996.89
999.2,996.59,996.52
999.0,996.36,996.05
998.9,995.74,994.8
999.3,995.45,995.28
999.5,995.38,994.57
999.6,994.61,995.02
999.7,994.07,995.36
999.5,994.57,997.21
999.2,994.67,997.55
999.0,993.34,995.44
999.0,994.36,997.19
998.6,995.31,998.66
998.3,994.92,997.29
998.2,995.95,998.35
998.1,995.19,997.55
998.1,995.46,997.44
997.9,994.13,996.1
997.6,995.58,998.81
997.8,994.08,994.62
997.5,994.75,994.97
997.3,994.37,994.28
996.9,993.79,995.89
996.0,993.06,992.9
995.9,993.77,995.08
995.6,993.48,993.47
994.5,993.03,993.08
993.8,992.56,990.41
993.6,993.76,992.45
992.8,993.3,991.37
992.5,993.73,994.18
992.0,993.23,996.7
991.9,994.83,997.91
991.4,992.63,993.38
990.7,993.22,995.14
990.5,993.94,994.94
989.3,993.12,995.22
988.5,992.98,993.58
987.7,994.14,997.29
987.1,993.38,994.52
985.9,993.72,993.96
985.7,993.73,992.05
985.2,993.28,993.82
984.6,993.61,995.76
983.4,992.68,992.7
983.5,993.53,994.13
982.7,993.13,992.41
983.4,992.25,993.21
984.2,994.42,992.82
985.1,993.35,992.09
985.2,994.85,995.72
985.8,994.4,995.07
985.6,994.91,995.0
985.1,994.71,993.9
985.1,996.24,996.58
986.7,995.59,994.29
985.9,996.05,996.47
985.5,996.66,995.16
985.1,996.8,996.27
985.0,995.71,993.06
984.7,995.55,996.08
984.4,995.63,992.5
984.2,997.08,995.95
984.0,996.49,995.92
984.3,996.87,994.08
984.5,997.65,995.64
983.8,997.98,997.42
983.5,999.84,999.96
982.9,998.48,997.15
982.1,997.73,993.66
982.4,998.62,996.43
983.5,998.17,995.31
984.6,999.36,994.94
985.4,999.64,996.76
986.2,998.46,996.9
986.8,999.3,996.36
987.3,999.02,997.06
987.2,998.78,997.04
986.7,998.69,997.45
985.6,998.84,1001.12
985.4,998.62,1000.49
985.5,998.89,999.62
984.9,999.87,1000.48
985.0,998.59,1000.94
984.9,998.82,1001.07
984.5,998.83,1002.88
984.6,999.67,1003.92
984.7,999.21,1002.5
984.4,999.71,1002.65
984.0,1000.15,1005.67
983.6,1000.14,1003.93
982.7,998.18,1001.92
981.4,999.06,999.64
980.7,997.13,997.37
980.7,995.72,997.12
981.1,996.0,992.62
981.8,997.14,995.37
983.6,995.63,993.29
984.1,996.48,994.17
984.3,994.02,993.21
984.6,996.13,994.46
985.1,995.25,991.73
985.5,997.15,995.69
986.1,996.48,998.91
986.9,996.48,999.25
987.4,995.82,998.88
988.1,996.46,1000.1
989.1,996.61,1001.3
989.9,995.66,1000.91
990.5,996.62,999.25
991.0,997.23,998.01
991.8,997.48,998.53
992.2,998.04,999.23
992.8,997.49,998.89
992.8,998.46,997.6
992.7,998.27,996.78
992.2,998.44,998.17
992.1,996.69,995.96
992.0,996.26,992.94
992.1,996.89,996.74
991.9,996.26,994.89
992.1,996.45,994.46
992.7,996.35,994.94
992.5,996.33,994.51
992.2,995.46,992.37
991.8,994.95,991.49
991.4,995.63,993.18
991.2,995.71,993.29
991.6,996.1,994.07
992.1,996.82,995.9
992.4,996.53,994.17
992.7,996.9,994.49
992.7,997.28,995.67
993.3,996.85,995.71
993.6,998.45,998.63
993.2,998.23,996.11
993.2,998.02,997.36
992.6,997.24,995.25
992.3,997.66,997.88
992.1,996.64,993.23
992.3,997.25,995.06
992.3,997.75,996.44
992.1,998.01,996.28
992.2,998.32,995.15
992.1,998.79,995.67
991.7,998.4,995.2
991.8,997.1,994.09
991.4,997.62,994.69
990.8,997.43,994.62
990.3,996.84,994.67
989.6,997.13,995.41
989.5,998.05,996.09
989.1,997.71,996.13
989.3,998.12,996.04
989.2,997.91,994.79
988.9,998.39,995.08
989.1,999.8,998.2
989.1,999.29,995.94
989.1,997.54,991.32
989.6,997.65,992.27
990.3,997.69,993.87
990.3,997.47,992.95
990.7,997.36,994.25
990.9,997.75,996.45
991.4,997.44,994.87
991.9,998.2,996.75
992.4,997.81,999.45
992.8,997.95,998.17
992.9,997.15,997.47
992.9,997.01,996.08
993.2,996.62,996.16
993.4,997.34,997.54
993.3,997.46,997.34
993.4,997.46,997.37
993.5,996.51,993.06
993.5,997.76,995.71
993.8,997.73,995.36
994.2,998.16,996.61
994.3,998.44,997.78
994.7,998.3,997.94
994.7,997.83,998.11
995.3,997.44,996.17
995.5,998.19,996.64
995.3,999.33,999.46
995.1,998.57,997.45
994.6,998.56,997.19
994.1,998.04,996.13
993.5,997.77,995.61
993.9,997.44,994.92
994.0,997.4,995.28
994.3,998.72,997.99
994.5,998.41,997.73
994.6,997.12,994.48
994.6,996.74,992.99
994.9,997.62,995.25
995.1,997.48,994.62
994.9,997.22,994.95
994.7,999.01,997.58
994.8,998.78,998.11
994.9,998.24,997.1
994.2,998.5,998.22
994.7,998.33,997.87
994.9,998.15,998.11
994.8,998.51,998.18
995.0,999.01,999.91
995.3,998.43,997.9
995.1,998.88,999.61
995.0,999.99,1001.41
994.7,1000.47,1002.06
993.7,999.54,998.24
992.8,1000.82,1001.36
992.2,999.0,998.25
992.0,998.98,996.36
991.8,999.32,998.1
991.7,999.46,1000.93
992.1,1000.91,1002.48
992.4,1000.22,1002.71
992.3,1000.58,1003.34
992.2,999.16,1000.36
992.2,999.84,1003.48
991.5,1000.98,1002.15
990.7,1000.25,1001.5
990.1,1000.43,1000.47
989.6,1000.28,1003.54
989.1,1000.14,1001.84
988.3,1000.7,999.17
988.2,1000.82,998.36
988.1,999.68,1003.05
987.9,1000.33,1000.18
987.3,1000.74,1000.16
987.7,1000.92,998.86
987.9,999.86,996.0
987.7,1000.06,998.32
986.9,999.7,1000.98
986.5,998.71,998.32
986.2,996.23,996.51
986.3,996.09,994.14
986.5,995.68,995.16
986.5,997.34,994.24
987.1,994.34,995.64
987.3,996.96,995.69
987.2,994.4,994.45
987.4,994.44,994.38
987.4,995.8,996.56
987.1,997.08,994.08
986.4,996.04,992.5
986.5,996.26,993.17
986.6,997.21,993.88
986.7,998.36,994.83
986.8,997.81,994.78
986.8,997.31,992.4
986.9,998.19,992.4
987.1,998.38,997.47
987.8,997.61,995.87
987.2,997.45,996.47
987.1,997.12,996.59
986.6,996.68,996.2
985.9,995.19,995.47
985.0,995.12,994.66
984.4,992.54,989.0
984.1,992.19,989.76
984.0,991.64,991.03
984.3,993.36,989.97
985.1,992.66,989.61
985.6,993.54,992.09
986.2,993.05,987.13
986.7,993.07,988.05
987.2,994.95,991.46
987.0,994.58,990.19
987.3,995.57,992.22
986.9,994.9,991.71
986.7,995.19,990.97
986.8,995.32,991.58
987.1,994.33,990.08
987.4,994.92,989.71
987.7,995.03,989.12
988.4,995.84,992.6
988.9,995.81,991.78
989.1,997.55,995.34
989.3,995.21,995.13
989.3,995.59,996.06
988.9,993.44,992.98
988.2,994.1,995.74
988.1,992.87,992.42
988.1,992.94,993.08
988.1,992.48,992.07
989.0,992.77,993.2
989.7,992.61,994.25
990.3,992.89,994.55
990.8,993.0,992.97
991.5,993.37,994.12
992.4,994.78,995.04
992.7,993.21,994.87
992.6,993.69,994.64
992.3,994.97,995.47
992.1,995.88,995.1
992.4,994.37,994.56
992.6,995.43,994.58
992.6,994.2,992.99
992.9,995.18,995.8
993.3,995.43,995.51
993.2,994.88,995.98
992.8,996.43,997.69
992.1,996.64,996.37
991.1,994.01,992.36
990.7,993.79,994.26
990.0,993.61,993.45
989.7,992.55,993.13
989.9,991.98,991.62
990.3,992.81,992.51
990.5,993.42,992.79
991.4,993.09,992.63
991.2,992.81,992.06
990.9,993.48,992.69
991.8,991.92,990.68
992.0,994.07,994.25
991.9,993.39,994.21
991.8,994.34,993.99
991.9,994.17,994.89
992.6,995.33,994.28
992.3,994.2,992.11
992.6,995.55,994.73
992.3,994.96,992.23
992.3,995.39,994.1
992.2,994.57,994.44
992.2,994.25,993.11
992.1,994.42,993.25
991.8,995.11,995.57
990.7,995.06,994.01
989.6,995.17,994.13
988.8,994.41,993.04
988.9,993.48,991.93
988.4,992.91,990.7
988.0,994.19,992.36
988.4,993.86,992.7
987.9,993.71,993.76
987.9,994.92,994.24
988.0,994.89,994.43
987.5,994.64,994.56
987.2,994.07,992.14
986.8,995.21,994.28
986.4,995.34,994.22
985.9,995.22,994.4
986.2,994.76,994.42
985.9,996.13,994.09
985.9,996.01,994.4
986.2,995.03,993.27
986.3,994.78,991.12
986.0,994.63,991.68
985.8,994.12,992.05
985.0,994.67,992.95
983.4,996.2,994.57
983.7,993.74,991.82
982.3,993.62,991.24
982.1,994.83,991.44
982.3,992.43,989.01
982.8,993.81,990.6
983.4,992.01,989.8
983.2,992.52,993.15
984.1,993.51,996.25
984.9,992.76,990.72
984.4,992.67,998.09
984.5,991.4,992.85
984.5,992.72,994.77
984.8,992.06,993.56
985.2,993.7,991.9
985.5,992.34,987.03
986.5,993.28,987.89
987.8,993.64,987.57
989.0,995.45,990.01
990.2,994.77,990.41
991.7,996.51,992.98
992.5,997.15,995.3
993.4,996.88,992.86
994.0,996.26,990.13
994.2,995.63,994.31
994.8,996.51,994.72
994.8,995.44,991.78
995.9,995.26,996.38
996.5,996.43,997.87
997.4,994.5,995.37
998.3,996.26,996.56
999.0,996.1,997.12
999.2,995.98,996.28
1000.0,995.35,996.38
1000.6,993.07,995.29
1001.5,996.0,997.16
1001.9,995.84,997.0
1002.3,995.73,995.96
1002.8,995.8,996.66
1003.5,995.58,997.92
1004.3,995.72,997.23
1005.1,996.26,997.26
1005.8,995.8,996.17
1006.8,997.1,996.55
1007.0,997.06,996.83
1007.4,998.24,999.53
1007.3,997.93,999.45
1007.0,997.24,997.38
1006.6,997.22,999.18
1006.5,996.78,997.64
1006.2,996.72,998.95
1006.4,996.51,999.12
1006.3,996.23,1000.35
1006.5,994.9,998.89
1006.5,994.17,999.0
1006.7,993.88,993.93
1007.0,993.66,992.76
1007.2,994.69,996.4
1007.2,995.37,996.99
1007.2,995.15,993.5
1007.4,995.18,993.79
1007.6,995.8,994.54
1007.3,995.64,993.7
1007.7,994.58,992.27
1008.6,996.14,995.44
1008.6,995.55,994.86
1008.6,995.5,995.54
1009.4,995.74,996.56
1009.2,997.58,998.66
1009.1,998.29,999.9
1008.5,997.59,999.04
1007.8,996.3,996.15
1007.7,997.43,998.35
1007.2,996.62,996.48
1006.8,996.4,997.04
1006.9,997.14,998.02
1007.2,996.76,997.76
1007.6,996.61,997.07
1007.9,996.18,996.86
1007.8,996.25,997.87
1007.8,995.61,994.99
1007.5,995.65,994.21
1007.1,994.97,992.96
1007.0,994.31,992.51
1006.0,993.97,991.55
1006.4,994.47,995.86
1006.5,996.55,996.04
1006.6,992.98,997.09
1006.9,996.37,997.02
1006.9,996.3,997.62
1007.2,996.55,998.83
1007.3,996.32,997.45
1007.2,996.31,998.61
1006.6,997.59,999.57
1006.1,998.28,999.32
1005.3,996.63,997.98
1004.7,997.78,998.63
1004.2,996.6,996.97
1003.8,994.69,994.42
1003.2,994.92,994.57
1002.9,995.25,994.27
1002.7,995.18,995.0
1002.3,995.07,994.86
1001.7,993.99,994.54
1001.5,995.31,995.74
1001.0,996.06,996.54
1000.6,994.87,995.25
1000.0,995.56,995.63
999.5,996.56,995.23
999.0,996.29,996.4
998.3,996.01,995.34
997.8,995.38,995.71
997.4,995.66,995.15
997.3,995.17,994.75
997.2,995.85,997.12
996.8,995.15,996.91
996.6,996.63,998.82
996.4,997.08,999.93
996.0,996.88,998.05
994.9,996.9,997.71
993.3,996.27,996.26
993.0,995.23,994.64
998.2,996.26,997.7
998.8,995.82,996.1
999.5,996.09,996.8
999.9,996.43,998.56
999.8,994.81,997.22
999.4,994.84,995.82
999.4,995.17,997.45
999.5,995.27,995.53
999.8,994.72,995.91
1000.1,995.72,996.71
1000.7,996.22,996.91
1001.0,992.61,997.38
1001.4,993.24,998.11
1001.5,993.26,999.33
1002.0,993.47,1000.16
1002.5,993.68,1003.83
1002.6,994.97,1003.63
1002.8,993.83,1002.49
1003.0,993.82,1002.06
1003.1,993.72,997.8
1003.1,996.29,998.29
1003.3,995.58,998.77
1003.7,993.45,1000.53
1003.9,995.95,1000.89
1004.1,995.87,1003.11
1004.5,994.44,1000.93
1004.4,995.5,1000.41
1004.2,996.98,1002.31
1003.6,997.18,1000.75
1002.9,995.93,996.05
1002.3,996.58,998.2
1001.7,995.27,997.02
1001.2,995.06,996.66
1000.9,995.13,997.47
1001.1,994.86,997.63
1001.3,993.08,996.29
1000.8,994.02,995.96
1001.1,993.06,996.29
1001.3,993.82,997.95
1001.0,993.59,997.11
1001.0,993.99,996.15
1000.7,994.28,996.87
1000.7,994.26,998.16
1000.6,994.33,998.82
1000.4,995.03,998.98
1000.5,995.63,999.62
1000.4,994.52,996.66
1000.7,995.41,998.89
1000.8,995.3,998.94
1001.0,995.15,998.58
1000.1,994.97,997.37
999.5,995.34,998.03
998.3,992.6,995.23
997.6,994.28,995.89
996.4,994.38,995.61
996.1,994.3,995.57
996.0,994.04,995.58
995.6,994.03,994.84
995.8,993.29,996.35
995.8,994.72,996.35
995.1,994.39,997.61
994.6,995.18,997.74
994.3,995.16,997.02
994.1,995.36,997.2
994.2,995.68,996.97
993.6,994.26,993.24
992.9,995.4,996.24
992.2,994.36,994.24
992.1,994.15,994.56
991.7,994.15,992.49
992.0,994.32,992.79
992.6,994.99,995.22
992.4,995.04,995.13
992.0,994.33,994.38
990.6,993.99,992.62
989.4,994.82,994.84
988.4,994.47,995.08
987.8,992.91,992.78
987.6,992.41,993.38
986.6,992.94,993.17
986.7,992.55,992.75
986.8,992.59,993.77
986.7,993.88,994.77
986.8,994.32,995.45
986.0,993.72,995.67
985.6,994.86,995.78
984.6,993.75,996.62
984.6,992.94,993.37
983.7,994.91,994.86
982.1,992.59,991.73
981.8,993.58,993.19
980.1,993.4,992.75
980.0,994.91,994.56
978.7,994.47,994.2
977.5,994.19,994.6
977.0,993.51,993.42
976.4,993.17,993.21
975.2,993.81,995.5
976.0,993.19,990.74
976.6,994.93,991.71
977.6,995.89,991.5
978.5,996.51,992.24
979.9,995.94,990.65
981.1,995.58,991.59
982.5,995.38,992.04
984.2,994.32,986.34
985.3,995.1,989.99
986.8,995.18,993.67
987.3,995.63,994.27
987.9,996.12,994.98
988.8,995.69,992.98
989.2,996.26,994.67
989.3,996.78,995.65
989.7,995.28,992.36
989.7,996.23,995.12
989.4,996.08,994.47
990.0,995.4,993.06
990.6,996.37,996.43
990.7,996.09,995.63
991.1,996.55,996.69
990.8,995.44,994.09
991.0,994.91,991.44
992.1,995.07,990.91
992.1,995.26,992.4
992.6,993.23,988.26
994.4,994.64,990.43
995.5,994.66,992.53
996.8,994.7,993.74
998.1,995.54,995.7
999.3,994.35,993.46
1000.3,994.91,998.13
1001.2,997.28,998.6
1001.9,998.05,998.1
1003.0,998.52,997.39
1003.9,998.62,995.57
1005.0,999.13,995.84
1005.4,1000.18,998.0
1006.5,1000.37,999.55
1007.7,1000.13,997.2
1008.7,1001.09,999.14
1009.8,1001.15,1001.64
1010.9,1001.09,1001.31
1011.9,1001.7,999.19
1012.4,1002.63,1002.52
1012.4,1001.74,1001.95
1012.0,1000.96,998.53
1011.9,1001.15,1000.57
1011.9,1000.71,1001.28
1012.1,1000.3,1000.18
1013.4,1000.01,997.5
1014.2,997.9,995.34
1014.7,996.79,995.36
1014.8,996.57,997.15
1014.9,995.78,995.96
1015.0,995.47,994.27
1014.9,995.13,996.12
1014.9,994.34,994.21
1015.2,995.11,997.19
1015.4,994.84,997.48
1015.3,993.67,993.19
1015.3,993.42,991.77
1015.8,993.58,992.77
1015.7,993.63,994.1
1016.2,995.46,992.49
1016.8,994.43,991.39
1016.8,995.35,991.52
1016.3,995.58,995.99
1015.7,995.73,995.47
1014.4,995.71,995.31
1013.7,996.25,996.53
1013.0,996.33,997.16
1012.3,996.3,998.37
1011.5,995.12,995.39
1011.1,994.69,995.88
1010.7,994.25,993.81
1010.3,995.73,996.41
1009.5,995.04,993.94
1009.2,994.59,991.76
1008.5,995.24,994.47
1007.3,995.96,994.58
1007.2,996.12,995.09
1006.7,996.0,994.25
1005.6,995.86,993.72
1004.9,995.78,993.09
1004.9,996.71,995.63
1004.7,997.18,995.53
1004.8,997.51,995.27
1004.5,996.1,991.12
1003.7,996.67,995.31
1003.2,996.67,995.83
1002.0,995.38,993.31
1001.4,994.16,992.95
1000.6,994.15,995.32
1000.3,993.62,994.99
999.9,994.99,994.89
999.4,993.04,993.4
999.3,994.56,992.74
998.9,994.43,993.93
998.4,994.59,995.52
998.1,993.48,992.64
998.0,992.81,994.47
997.5,993.32,992.56
997.3,993.91,993.58
997.2,994.14,994.14
996.8,994.28,994.08
996.3,994.49,994.72
996.3,994.54,995.72
995.7,993.57,994.39
995.3,994.63,995.05
995.3,993.95,993.42
995.6,993.99,993.58
995.2,993.42,992.57
995.0,994.65,995.69
994.3,993.36,993.41
993.2,994.1,993.3
992.6,993.63,995.1
992.0,992.56,993.52
991.6,993.93,993.83
991.1,995.05,993.99
991.1,993.3,995.2
990.3,994.15,995.95
990.1,995.32,995.54
989.8,994.7,997.17
989.7,995.0,995.55
989.3,995.59,995.84
990.0,994.52,993.72
989.7,995.55,994.48
989.0,995.36,992.95
989.2,995.44,995.25
989.4,994.73,989.75
989.2,996.1,990.46
988.8,996.87,988.63
988.9,998.32,992.3
989.3,997.64,992.09
989.5,997.78,993.8
989.8,998.31,993.44
989.9,999.03,994.15
989.6,999.42,994.43
989.1,1000.29,996.39
989.0,1000.35,996.91
989.5,1000.99,996.96
990.5,1000.32,994.46
991.2,998.97,990.88
991.6,1000.84,994.72
992.2,1000.66,995.22
992.5,999.86,995.92
993.0,999.84,999.2
993.3,1000.1,997.81
993.2,998.36,995.81
993.5,999.25,998.04
993.5,1001.17,999.59
993.2,1000.39,999.23
992.6,1000.03,1000.22
993.2,999.22,1000.02
993.2,998.49,997.71
993.7,997.54,999.28
994.5,997.38,996.46
994.5,998.37,999.6
994.6,998.69,999.76
994.3,999.0,998.01
994.3,998.81,997.99
994.5,998.5,997.87
995.1,998.97,998.51
995.4,998.61,997.31
996.4,998.86,999.43
996.9,998.79,998.82
997.5,999.05,999.24
997.9,997.36,997.15
998.1,997.83,998.65
998.6,997.28,998.07
998.9,997.81,997.9
999.0,997.69,998.76
999.5,998.03,998.0
999.9,998.18,998.72
1000.6,999.07,999.21
1001.0,998.03,997.39
1001.5,999.42,999.62
1002.0,998.74,998.61
1002.8,999.61,999.12
1003.7,1000.84,999.79
1004.4,1001.42,1000.56
1004.8,1002.84,1001.37
1005.0,1003.16,1001.93
1005.0,1001.57,999.83
1004.8,1001.78,999.95
1004.6,1002.9,1003.12
1004.3,1002.6,1001.97
1004.7,1001.75,1000.52
1004.9,1002.33,1001.72
1004.6,1002.05,1000.32
1004.9,1001.17,998.92
1005.0,1000.29,998.2
1005.1,999.54,999.21
1005.3,1001.97,1001.48
1005.7,1000.12,1001.3
1005.5,1002.55,1001.5
1005.9,999.86,1002.25
1005.8,1002.93,1000.78
1006.3,1001.31,1003.02
1006.4,1001.73,1001.82
1006.6,1001.23,1003.58
1006.7,1001.92,1003.45
1006.8,1001.51,1004.63
1007.0,1001.68,1003.72
1007.2,1000.66,1001.6
1007.5,1001.49,1001.57
1007.7,1002.07,1003.9
1006.8,1000.99,998.81
1005.8,1000.89,997.49
1005.2,1001.28,1000.12
1004.7,999.64,995.92
1004.2,1000.03,997.69
1004.7,999.43,996.84
1004.6,998.03,992.27
1004.2,998.22,992.6
1004.1,997.76,990.94
1003.8,996.73,992.47
1004.8,1000.13,998.89
1005.3,997.8,996.01
1005.3,998.24,996.01
1004.7,997.97,995.35
1004.0,998.57,996.4
1003.5,998.91,998.01
1003.7,997.01,993.95
1003.7,994.96,994.95
1003.4,996.16,995.87
1002.5,993.4,992.28
1002.1,993.38,991.93
1002.0,993.52,991.82
1001.8,992.82,992.04
1001.3,993.76,991.51
1000.6,994.96,994.2
999.5,995.32,994.94
998.4,996.81,997.93
998.2,995.38,993.7
998.5,994.97,994.27
998.2,996.42,997.02
998.2,995.25,994.44
998.0,995.02,994.17
998.0,994.88,994.56
998.2,994.84,995.0
997.9,993.9,992.72
997.7,993.88,992.76
997.8,994.05,993.9
997.6,994.63,994.82
998.0,994.3,993.8
998.1,994.71,996.69
997.9,995.6,997.11
997.7,995.13,997.4
997.8,994.76,996.0
997.9,994.15,997.7
997.9,995.1,999.16
997.9,994.27,999.17
997.9,994.88,997.23
997.4,994.45,994.81
996.8,995.06,996.7
996.5,993.78,997.21
996.4,995.21,996.04
996.7,995.32,995.29
997.1,995.56,996.79
997.5,994.93,995.39
998.0,996.12,997.75
998.3,996.79,997.67
998.6,997.55,998.04
999.0,996.97,999.47
999.0,995.7,996.55
999.0,994.31,994.47
999.2,994.24,996.06
999.2,995.84,999.71
999.1,995.2,999.28
999.0,995.15,999.47
998.9,996.98,1001.82
998.9,995.91,999.13
998.9,996.07,995.76
999.0,995.26,996.02
999.2,994.89,994.18
999.4,996.96,994.42
999.3,999.29,999.97
998.8,998.18,993.61
998.0,997.76,995.19
996.9,997.64,994.63
996.8,997.38,994.26
996.8,996.72,993.24
997.0,996.36,995.58
996.7,997.34,996.18
996.6,996.41,993.11
996.8,996.55,995.71
997.2,1000.6,999.73
997.6,1000.6,999.26
997.6,999.99,999.67
997.4,997.73,994.62
997.4,997.91,995.2
997.2,999.62,997.63
997.3,998.9,995.08
997.2,997.94,992.31
997.3,998.15,995.64
997.5,998.99,995.77
997.7,998.05,995.85
998.1,998.07,997.99
998.5,997.83,996.14
999.2,998.19,997.48
999.5,1000.5,998.8
999.8,999.0,995.33
999.4,1000.01,995.62
999.5,999.67,995.93
999.4,1000.77,998.53
999.5,1000.37,998.42
999.8,999.76,997.97
1000.0,998.06,997.01
1000.3,999.08,998.27
1000.4,1000.54,999.65
1000.1,997.44,998.26
999.9,999.36,1001.35
999.3,999.37,999.87
999.0,1000.12,1000.26
998.9,999.37,1001.07
998.2,998.95,1001.03
998.2,1000.99,1001.53
997.7,1001.21,1001.25
996.8,999.6,999.52
996.2,999.68,1000.78
994.9,999.83,1000.77
993.7,1000.35,1001.11
994.1,1000.11,1001.07
993.7,999.98,998.38
993.6,999.26,996.07
993.5,999.51,998.98
993.3,999.02,999.48
993.4,998.94,997.87
994.0,997.56,996.2
994.9,999.97,996.82
995.7,1000.8,995.77
997.2,1001.9,999.62
998.5,1002.72,999.9
1000.2,1001.73,999.61
1001.2,1001.52,998.98
1002.0,1002.43,1002.64
1002.6,1000.58,1001.79
1003.4,1001.26,1001.56
1003.7,1001.39,1005.05
1004.3,1001.83,1007.89
1004.8,999.4,1003.96
1005.1,1001.36,1005.99
1005.3,1000.72,1004.2
1005.6,1000.5,1005.75
1006.3,1000.57,1005.47
1006.9,1001.38,1004.84
1007.6,1000.93,999.38
1007.0,1003.39,999.43
1006.1,1002.79,999.65
1004.9,1001.51,996.51
1004.1,1000.64,995.03
1003.2,1001.36,996.54
1002.9,1000.34,992.52
1002.1,1001.72,997.58
1001.4,1000.42,995.89
1000.8,1000.01,993.54
1000.9,1000.4,992.31
1001.0,1001.58,995.13
1000.6,1000.12,992.53
1000.3,1000.82,995.02
999.6,999.9,994.95
998.9,999.06,994.74
998.3,1000.44,993.31
997.5,1000.08,992.69
997.3,1000.18,992.73
997.2,999.71,990.69
996.9,999.28,991.59
997.1,998.59,990.82
997.4,999.76,994.23
997.7,999.3,994.48
997.8,999.26,994.98
997.6,998.27,990.6
997.6,998.37,990.29
997.6,999.01,994.39
998.2,998.71,992.83
998.9,999.09,995.24
999.9,998.58,994.37
1000.9,999.29,997.47
1001.8,999.26,999.87
1002.6,1000.04,999.3
1003.1,1001.02,1003.64
1003.5,1001.07,1003.29
1003.8,998.46,1001.32
1003.9,997.8,1001.04
1003.6,996.25,1000.68
1003.3,995.7,1001.4
1003.3,995.89,1000.72
1002.9,996.01,1003.13
1002.5,1000.24,1004.62
1002.2,998.77,1003.5
1001.8,999.66,1004.76
1001.6,999.87,1000.82
1001.6,998.85,996.55
1001.5,999.92,1001.57
1000.9,1000.09,999.42
1000.4,999.25,999.0
999.9,997.38,1002.67
999.5,998.91,1001.17
999.7,998.96,1002.34
999.8,998.28,1002.91
1000.1,998.5,1003.94
1000.1,1000.08,1004.29
1000.1,998.38,1000.57
999.9,998.15,1000.58
999.7,998.72,1000.82
999.4,998.12,999.58
999.3,998.38,999.15
999.3,997.64,996.62
999.3,997.92,996.0
999.2,997.0,994.86
999.1,996.6,995.34
999.2,998.26,997.99
999.3,998.54,997.44
999.4,998.33,996.89
999.8,996.92,995.19
1000.2,997.82,997.29
1000.5,998.37,999.53
1000.7,998.31,996.46
1000.2,996.55,993.16
999.6,994.47,993.78
998.9,996.6,995.29
998.6,995.59,991.9
998.5,997.18,994.1
998.8,993.88,995.13
999.2,996.16,993.49
999.2,996.37,992.4
999.5,996.5,993.73
1000.0,997.01,995.14
1000.3,995.67,998.06
1000.3,996.95,998.01
1000.2,996.65,996.46
1000.2,997.14,997.32
1000.1,997.28,998.37
1000.2,997.37,997.49
999.8,997.59,997.08
999.7,997.81,996.81
999.7,998.37,996.88
999.7,998.6,995.7
999.5,998.24,994.92
999.9,998.04,996.23
999.6,998.67,997.24
999.4,997.81,996.74
998.7,998.01,995.7
997.8,998.76,996.05
996.8,995.16,997.38
996.2,996.93,995.7
996.2,997.12,996.68
996.2,995.55,994.71
996.3,996.04,995.12
996.0,995.01,992.1
996.1,994.15,989.96
996.2,993.78,989.04
996.4,993.59,989.42
996.4,993.55,991.12
996.7,995.16,994.9
997.5,995.16,992.69
998.2,995.77,993.94
998.9,996.53,996.6
999.4,995.78,994.13
999.6,996.53,996.14
1000.2,995.33,996.63
1001.0,996.93,995.88
1001.7,996.28,995.91
1002.0,996.32,995.98
1001.9,996.57,996.07
1002.2,997.89,998.78
1002.0,996.36,992.84
1001.4,997.49,994.31
1000.8,997.37,994.87
1000.3,996.29,992.23
1000.4,996.86,994.23
1000.5,997.39,995.25
1000.6,998.92,997.25
1000.4,997.71,996.8
1000.3,997.57,995.09
1000.6,997.12,994.14
1000.1,997.44,995.61
1000.2,997.87,995.24
1000.0,997.2,993.64
999.6,997.61,994.54
998.8,998.13,994.82
998.7,998.01,995.21
998.4,998.23,995.39
998.0,997.78,994.67
998.0,997.25,994.68
997.7,997.66,994.99
997.5,997.98,995.56
997.0,997.39,993.85
997.0,998.57,998.36
996.4,999.32,1000.71
995.0,997.6,996.62
993.9,997.46,997.51
992.6,999.07,999.84
991.9,998.52,1000.81
991.5,997.8,999.54
991.2,997.77,1000.98
991.0,998.47,1000.32
990.3,998.73,1001.31
989.6,998.7,1000.59
988.8,996.86,997.76
988.1,997.09,996.44
987.5,995.27,994.06
985.9,996.86,996.54
984.8,996.74,996.15
983.4,994.12,995.68
982.2,998.32,995.05
981.2,996.29,996.54
980.9,995.74,996.56
980.3,997.1,995.96
978.9,996.25,992.38
977.7,996.56,996.26
977.0,995.72,994.32
977.3,994.09,994.76
976.6,994.45,994.74
977.5,994.09,992.83
977.9,993.19,990.58
978.7,993.23,991.96
980.0,992.74,990.2
981.5,993.81,993.55
983.1,993.3,992.98
984.5,991.89,991.66
985.5,993.56,992.96
986.7,994.03,994.81
987.6,996.08,996.77
988.5,995.86,995.28
988.9,995.84,997.1
989.4,997.3,996.17
989.7,996.69,996.56
989.8,997.31,996.98
990.4,997.38,998.57
990.8,997.28,998.37
991.1,997.63,999.46
991.6,997.48,1000.19
992.1,997.35,999.49
992.7,996.42,1000.1
992.9,996.5,999.24
993.2,997.96,1001.02
993.9,998.26,1001.04
993.3,997.03,998.89
992.5,997.99,997.17
992.0,997.89,999.63
991.6,998.16,998.58
992.3,996.98,996.64
992.1,996.96,998.33
991.6,996.88,998.32
991.9,997.17,998.23
991.7,996.68,997.02
992.4,995.51,995.62
992.5,994.87,994.8
992.2,995.16,996.28
992.2,994.24,995.04
992.2,995.24,995.3
991.8,995.45,996.36
991.8,994.46,993.3
991.5,994.19,995.17
991.3,994.25,991.15
990.4,994.6,990.34
989.5,994.47,991.65
989.3,993.73,990.09
988.2,994.39,993.14
987.3,994.32,993.59
986.0,993.81,992.95
983.8,994.24,993.76
980.7,993.0,989.69
979.4,994.39,989.91
978.7,993.95,990.64
978.8,993.89,989.95
979.0,994.09,991.45
978.7,994.33,991.34
977.7,992.47,988.28
977.0,991.88,985.88
976.9,992.51,990.05
977.4,992.91,988.93
979.3,994.86,993.58
980.7,994.95,989.68
982.4,996.55,989.59
983.7,997.43,990.85
984.9,997.25,990.05
986.4,998.2,990.77
988.2,1000.11,993.82
989.4,999.75,992.03
990.6,1000.21,993.82
991.6,1000.23,997.39
992.3,999.95,996.33
993.4,1000.64,998.26
994.3,1001.08,997.15
994.4,1000.02,993.64
994.7,1000.26,994.8
995.1,1000.32,995.5
996.0,1001.36,997.09
997.1,1000.62,995.58
998.3,1000.89,996.67
999.4,1000.49,997.36
1000.4,1000.16,995.78
1001.1,1000.39,996.3
1002.1,1000.19,996.84
1003.0,999.3,997.86
1003.9,1001.54,1000.62
1004.8,1000.36,997.42
1005.4,999.98,999.1
1006.2,1000.57,1001.57
1006.7,1000.15,1000.56
1007.3,999.4,1000.01
1008.0,999.41,1001.26
1008.7,998.37,998.88
1009.6,997.92,1000.5
1009.8,998.44,999.38
1010.5,998.83,1002.04
1010.8,998.93,1001.25
1010.8,1000.42,1000.87
1009.8,1001.37,1000.84
1008.9,1001.11,998.5
1008.2,1002.01,997.91
1007.2,1000.68,995.66
1006.8,999.6,996.25
1005.7,1000.16,993.34
1005.1,1001.05,994.13
1005.1,999.29,994.92
1003.2,998.86,993.2
1002.8,999.49,993.43
1001.8,999.59,992.13
1001.3,999.8,991.42
1001.0,999.5,989.51
999.9,998.04,992.4
999.0,999.92,991.42
999.0,998.77,990.03
998.4,999.52,992.73
997.3,998.62,991.24
996.3,999.28,993.67
995.9,998.8,995.61
995.2,998.18,991.03
994.0,998.39,993.02
993.5,997.98,995.69
992.5,1000.06,996.47
991.0,998.44,996.88
989.9,998.06,995.84
988.1,997.94,996.22
986.8,998.36,997.61
985.2,996.69,995.16
984.9,996.57,994.65
984.4,996.14,993.91
985.0,996.63,994.18
984.7,994.57,987.72
984.6,995.67,989.63
984.9,993.68,987.2
985.7,994.1,988.29
985.5,993.5,988.97
985.8,993.37,990.73
986.0,993.26,987.66
987.9,993.83,988.04
990.3,996.29,992.94
993.0,996.96,992.65
995.7,998.83,994.67
998.2,999.13,994.79
1000.3,1000.39,997.86
1001.9,999.58,996.2
1004.0,1000.72,998.14
1005.1,1001.91,999.3
1005.7,1002.55,998.65
1006.6,1002.21,998.78
1006.9,1003.59,997.81
1007.1,1002.97,995.81
1007.7,1003.44,1000.14
1008.0,1004.04,1001.11
1008.5,1003.17,998.56
1009.2,1002.58,999.01
1008.6,1003.3,1001.04
1008.4,1003.08,1002.95
1007.7,1002.3,1001.49
1007.8,1002.55,1000.32
1007.2,1002.55,999.52
1006.4,1002.36,1002.76
1005.9,1002.3,1002.07
1004.8,1002.17,1000.54
1004.2,1001.8,1001.44
1003.6,1001.59,1000.48
1002.6,1001.17,998.62
1002.9,1001.43,1000.44
1002.7,1000.02,998.15
1001.9,1000.55,998.82
1001.7,1001.67,999.99
1000.8,1002.46,997.09
999.3,1000.84,993.16
998.5,1000.91,993.03
998.0,1000.68,992.18
997.5,1000.14,991.64
997.0,1000.43,992.24
996.3,1000.31,994.5
995.8,1000.37,994.11
995.7,999.28,992.28
995.3,999.13,992.27
995.2,998.5,991.91
994.7,998.6,991.27
994.3,998.75,990.49
993.8,998.73,992.74
993.2,998.54,993.39
993.4,997.94,992.69
992.7,998.54,995.55
991.6,997.76,995.75
991.1,998.0,995.96
991.1,998.03,996.22
991.2,998.16,997.19
991.3,999.6,998.55
991.6,999.62,999.39
992.0,998.55,996.58
990.8,999.86,997.71
990.2,998.48,993.15
989.8,996.97,994.77
989.3,998.38,995.77
989.1,997.71,994.15
989.5,998.32,995.9
989.7,997.41,994.24
990.4,998.68,997.73
990.9,996.98,997.04
991.1,995.93,994.93
991.6,995.29,995.3
991.9,995.83,996.43
991.8,995.15,994.79
992.7,993.86,993.32
993.6,994.63,996.16
993.0,995.59,994.03
993.4,995.44,993.8
993.1,994.33,996.52
993.6,993.39,997.6
994.5,995.47,996.16
995.3,994.56,996.65
995.8,994.21,997.06
996.5,994.32,997.3
995.4,993.42,996.05
995.0,995.9,995.78
994.7,995.28,996.84
994.9,993.49,994.65
995.0,995.04,995.58
995.4,992.85,993.59
995.4,994.84,996.42
995.7,995.19,996.98
996.1,995.91,996.96
996.5,995.62,996.32
996.6,995.09,995.0
997.1,994.59,991.45
997.8,991.31,990.55
998.0,995.45,993.69
998.1,994.25,994.2
998.6,991.39,993.34
999.3,993.91,994.29
999.1,994.5,994.86
999.9,994.67,996.67
1000.4,991.67,996.14
1001.1,994.1,996.19
1001.7,994.74,997.6
1002.5,994.52,996.39
1002.7,995.06,995.82
1002.9,994.36,995.55
1003.1,994.29,993.52
1003.5,994.93,992.19
1003.3,994.08,991.33
1004.2,995.6,994.64
1004.8,994.05,995.41
1005.4,995.9,996.23
1006.3,996.29,998.53
1007.0,993.61,998.28
1007.3,993.84,997.45
1007.7,994.82,997.07
1007.8,996.32,998.45
1007.8,996.45,998.78
1007.4,996.37,997.46
1007.5,996.7,997.98
1007.8,996.68,997.62
1007.8,996.51,997.81
1007.2,996.73,998.57
1007.0,996.3,996.59
1007.8,996.82,998.77
1007.3,996.43,1000.87
1007.9,996.89,999.96
1007.4,996.85,1001.13
1008.1,997.11,1000.68
1007.4,997.06,1000.63
1006.5,997.37,1000.72
1005.9,997.14,999.89
1006.0,997.14,1000.16
1006.0,996.04,998.98
1006.2,996.46,999.71
1006.3,995.92,1001.32
1006.1,996.87,1001.66
1005.8,996.1,1001.07
1005.7,994.9,997.69
1005.3,995.41,999.97
1004.8,994.31,996.87
1004.7,994.76,996.6
1004.0,994.01,996.6
1003.7,994.15,995.22
1003.3,993.53,996.28
1002.8,993.45,994.52
1002.2,992.69,995.18
1001.4,992.38,994.32
1001.3,993.22,994.69
1000.9,992.7,995.64
1000.9,992.99,995.5
1000.6,991.88,992.76
1000.1,991.03,988.45
1000.5,991.61,989.8
1000.0,990.76,987.94
999.5,991.49,989.53
999.3,991.72,988.77
1000.0,991.42,989.28
1000.6,990.95,989.13
1001.0,992.11,992.41
1001.4,991.04,991.28
1001.5,991.62,991.34
1002.3,992.57,993.9
1002.2,991.61,991.69
1002.3,992.74,992.5
1002.7,991.96,990.38
1002.4,992.82,989.25
1002.2,992.91,990.14
1002.4,993.48,990.27
1002.1,993.37,990.09
1002.3,993.45,990.31
1002.1,994.3,990.99
1002.4,995.39,992.29
1002.0,994.93,991.49
1001.6,993.79,990.56
1001.7,994.84,992.58
1001.9,993.92,991.57
1001.3,995.17,993.19
1000.4,993.55,991.43
999.6,994.61,993.28
999.0,994.06,990.95
999.2,994.47,993.58
999.5,994.66,997.14
999.7,994.13,995.12
999.3,994.27,995.95
999.6,993.63,992.09
999.3,992.68,992.65
999.5,994.21,993.82
999.4,993.2,991.42
999.4,994.13,991.49
1000.1,994.46,995.72
1000.3,995.31,996.18
1000.5,995.15,995.47
1000.6,995.34,993.87
1001.3,993.89,994.28
1001.3,995.57,994.48
1002.0,995.47,996.04
1002.3,996.23,998.57
1002.3,995.93,997.53
1002.5,996.84,997.84
1002.4,995.92,996.27
1002.2,996.65,998.1
1002.0,997.7,997.61
1001.7,998.14,999.31
1002.1,997.1,1000.21
1002.4,997.45,1001.11
1002.3,997.11,999.94
1002.7,996.38,1000.28
1003.0,996.69,999.56
1003.0,996.86,999.29
1003.0,996.34,999.6
1003.2,996.75,997.98
1003.2,996.44,997.11
1003.6,995.98,995.7
1004.2,995.54,994.93
1004.4,994.81,997.31
1004.2,994.18,996.94
1004.2,995.19,996.54
1004.1,991.91,999.35
1004.1,995.49,1000.8
1004.7,995.37,999.68
1005.2,993.95,997.49
1005.4,994.41,996.62
1005.1,994.72,996.62
1004.6,996.08,997.98
1004.4,996.33,997.6
1003.8,996.92,998.7
1004.1,998.37,998.97
1004.0,997.75,1000.48
1004.4,997.07,1000.39
1004.4,996.52,998.25
1005.1,996.38,997.55
1004.9,997.26,999.17
1004.5,996.28,996.91
1004.1,995.78,994.07
1004.1,995.16,991.49
1004.2,996.96,996.67
1003.3,995.21,991.93
1003.6,995.71,993.0
1003.4,996.39,994.21
1003.3,996.65,995.8
1003.0,995.68,992.47
1003.1,995.82,993.32
1003.0,996.0,992.99
1003.0,995.49,994.25
1002.8,995.17,993.15
1002.8,995.9,995.64
1002.4,995.82,994.38
1001.3,997.13,997.87
1000.1,996.25,995.91
999.5,994.95,989.92
999.4,995.53,993.01
998.4,994.93,993.24
997.6,994.54,992.93
997.9,994.14,991.06
997.3,995.38,994.07
996.4,994.41,993.47
996.2,995.05,995.5
995.5,994.65,991.99
994.3,993.91,990.95
993.4,994.59,992.04
993.5,993.2,984.98
993.0,993.55,988.89
992.5,993.5,990.06
991.7,993.92,990.62
991.7,993.95,990.37
990.9,992.61,988.63
990.4,992.62,989.7
990.2,992.38,990.58
990.1,991.9,991.43
990.2,992.91,992.74
988.8,992.53,989.18
988.4,992.02,989.62
987.5,991.97,988.86
987.6,991.49,987.07
986.5,991.14,988.28
986.6,991.45,988.27
986.3,992.18,990.32
985.4,991.58,987.87
984.2,991.56,989.76
983.5,993.09,992.02
981.3,992.04,987.3
978.2,992.25,989.11
976.5,991.86,985.52
975.7,991.41,988.37
975.7,992.84,987.98
976.0,993.45,990.18
976.0,993.25,990.73
976.6,992.49,989.84
977.7,993.23,988.62
979.1,993.3,988.62
979.6,994.3,990.55
980.3,995.21,993.23
980.8,994.78,993.57
981.1,995.13,994.93
981.0,995.37,995.68
980.7,997.53,995.75
980.5,996.24,992.23
980.9,997.03,999.37
981.6,996.76,995.57
982.3,996.42,1001.39
982.6,994.01,994.71
982.7,994.44,994.24
982.8,993.47,991.11
983.0,993.99,992.84
983.1,995.45,994.25
983.1,995.18,992.25
983.4,995.72,991.88
983.6,996.91,994.34
983.2,997.09,996.32
983.6,996.22,993.71
983.6,996.61,996.3
982.9,996.3,994.91
982.5,996.67,994.85
982.9,996.96,994.78
982.7,996.94,995.9
982.9,997.52,999.85
982.9,997.01,996.25
982.9,995.15,998.01
982.4,994.38,995.49
982.4,997.52,998.4
982.4,996.77,995.9
982.7,995.85,994.21
983.4,995.78,997.59
983.9,996.72,995.27
984.3,996.18,993.12
984.6,996.58,993.53
984.5,997.3,995.05
984.1,997.33,995.29
984.1,996.61,995.92
984.2,995.11,994.79
983.9,997.25,995.61
983.9,996.28,993.15
983.9,997.56,997.96
983.9,996.28,995.1
984.1,995.6,994.83
984.1,996.05,998.21
984.3,996.12,998.33
984.3,995.7,995.84
984.9,997.02,999.76
985.0,995.75,995.99
985.1,996.45,996.17
986.0,996.77,995.22
986.1,996.66,996.73
985.7,997.93,999.27
985.7,997.48,998.37
986.1,997.48,997.73
987.3,996.84,996.73
988.3,996.1,995.69
989.0,996.94,999.57
989.5,997.08,998.68
989.9,997.13,998.97
990.2,998.32,1001.65
990.7,997.02,999.13
990.9,997.81,1000.38
991.5,996.04,999.31
991.6,997.22,1000.97
992.0,997.61,1001.56
992.8,997.4,1002.99
993.6,997.41,1000.81
993.9,997.95,1001.6
994.4,997.53,999.39
994.9,997.75,998.96
995.7,997.45,997.48
996.4,996.58,994.51
997.6,996.71,994.43
998.1,998.93,998.69
999.9,998.79,1000.42
1000.7,997.47,998.72
1001.3,998.15,997.8
1002.3,998.44,999.75
1002.8,998.26,996.8
1003.2,999.18,1001.64
1003.8,999.76,1001.4
1003.9,1000.16,1002.28
1004.6,999.35,999.52
1005.0,999.97,999.04
1005.7,1000.65,998.97
1006.2,1000.09,999.71
1006.9,999.69,998.51
1007.3,1000.7,1000.62
1007.9,999.44,998.88
1008.2,1000.55,1000.36
1008.6,999.53,999.63
1009.2,999.65,1001.4
1009.9,1002.21,1008.53
1009.6,1000.73,1007.08
1008.0,999.53,1006.14
1008.5,999.79,1006.07
1008.6,1000.59,1001.58
1008.7,998.85,1001.93
1008.9,1000.53,1002.07
1009.0,1000.52,1001.94
1008.9,999.22,999.4
1008.8,999.01,1000.49
1008.3,998.12,1001.56
1007.7,997.21,1001.13
1007.7,995.94,999.88
1008.2,996.92,997.12
1008.5,998.0,995.68
1008.4,995.99,996.62
1008.5,998.04,998.24
1008.1,997.78,999.41
1008.4,998.22,1002.34
1008.5,997.42,1000.57
1008.3,997.34,1002.14
1008.8,997.36,1001.95
1008.9,998.24,1002.38
1009.4,997.18,998.89
1009.6,998.55,997.68
1009.1,997.88,997.49
1008.8,999.0,998.26
1009.0,997.28,995.52
1009.3,997.38,998.11
1009.8,997.07,998.07
1009.9,996.97,998.22
1010.5,997.8,999.95
1010.3,997.2,997.29
1010.5,997.89,998.77
1010.5,997.94,999.79
1010.8,998.86,996.02
1010.8,998.45,995.14
1010.6,999.8,997.46
1010.6,1000.25,997.64
1011.0,1003.02,1001.11
1010.5,1000.17,998.42
1010.5,1001.13,1002.37
1010.3,1001.0,1003.24
1009.9,999.24,1002.97
1010.1,998.03,1003.68
1009.8,997.31,1003.61
1009.6,998.2,1007.17
1009.4,997.57,1001.11
1008.3,997.61,1000.51
1007.1,997.73,999.53
1005.9,997.71,998.69
1004.5,996.61,996.24
1004.0,996.56,998.31
1003.2,996.08,998.0
1002.5,994.33,992.8
1001.7,995.6,995.99
1001.7,996.09,997.36
1000.2,994.19,994.57
999.4,995.03,996.14
999.0,994.14,993.34
997.8,995.29,995.93
996.5,994.07,994.27
995.3,995.37,996.27
994.7,995.34,996.83
994.0,996.72,996.34
992.8,996.45,996.08
992.1,995.35,995.33
991.4,995.94,993.36
991.2,997.53,993.74
990.6,996.89,996.94
990.4,998.35,999.24
990.0,996.6,999.03
988.9,996.7,998.12
987.7,995.61,999.01
986.4,995.36,997.0
986.4,996.9,991.39
986.9,997.79,992.3
987.5,997.52,992.45
987.8,998.66,996.05
988.4,999.81,1000.07
988.6,999.93,998.21
988.6,999.05,1004.97
988.5,1001.01,1007.52
987.8,1001.16,1001.38
987.7,1002.34,1001.96
987.4,1003.56,1004.31
987.6,1003.04,1002.38
987.8,1002.23,1002.06
988.0,1003.71,1004.2
988.0,1003.91,1005.64
987.8,1002.23,1003.83
987.4,1001.93,1003.0
988.0,1002.42,1007.77
988.2,1001.85,1001.34
988.4,1002.46,1002.96
988.4,1001.93,1001.07
988.3,1002.11,1000.69
987.9,1002.04,1002.35
987.8,1000.98,1002.44
987.8,1000.85,1004.11
988.5,999.86,1005.01
988.6,1001.87,1012.96
989.2,1000.62,1013.19
989.5,1000.08,1015.67
989.4,998.57,1014.24
989.6,999.91,1012.09
989.0,1001.99,1017.3
988.8,1000.44,1015.22
988.8,999.59,1011.15
988.7,999.95,1011.52
988.5,999.58,1012.91
989.3,999.68,1013.23
989.1,1000.96,1014.44
989.2,999.81,1013.35
989.8,999.66,1013.32
990.2,1000.32,1015.6
990.8,999.63,1010.1
991.1,1000.04,1010.88
991.6,1000.4,1010.77
991.0,999.31,1007.14
990.5,999.33,1007.09
990.3,999.38,1007.2
990.5,999.39,1007.13
990.3,1000.4,1008.44
990.4,999.84,1007.43
991.4,999.32,1008.05
992.1,1000.76,1004.3
991.7,1001.27,1006.56
992.4,1001.8,1005.39
992.9,1001.95,1006.14
993.3,1002.05,1005.08
993.6,1001.7,1006.0
993.1,1001.73,1001.89
993.2,1001.6,1002.2
993.0,1001.41,1001.26
994.5,1001.33,1001.81
994.6,1001.04,1001.85
995.0,1001.67,1003.94
995.4,1001.37,1003.27
995.7,1001.51,1003.7
995.9,1001.45,1002.78
996.3,1001.6,1003.33
996.6,1002.46,1002.67
996.1,1003.53,1004.17
995.1,1002.68,1004.24
995.3,1001.4,1002.94
995.3,1001.09,1003.03
995.5,1000.37,1002.61
995.8,1001.27,1004.17
996.2,1000.62,1002.89
996.1,997.78,999.45
996.2,999.23,1002.59
996.2,999.55,1002.77
996.6,999.28,1002.31
997.0,998.98,1000.59
997.0,999.25,1002.97
996.9,999.44,1002.24
996.6,1001.47,1005.91
997.0,1001.86,1005.41
997.0,1001.45,1004.83
997.1,1002.38,1003.51
997.6,1002.73,1002.77
998.0,1002.68,1004.07
998.7,1001.5,1008.24
999.3,997.27,1010.46
999.4,998.07,1009.64
999.8,999.51,1008.73
999.9,998.76,1008.66
999.7,999.67,1009.57
999.5,1000.26,1009.58
999.9,998.35,1004.66
1000.0,999.67,1002.27
1000.6,1000.1,1004.62
1000.9,1000.76,1006.88
1001.8,999.94,1004.51
1002.2,999.71,1003.08
1003.0,999.41,1002.08
1002.4,1000.21,1003.22
1002.7,999.69,1003.44
1002.8,999.58,1003.16
1002.5,999.1,1004.11
1002.6,999.77,1005.79
1002.5,999.39,1001.96
1002.5,997.91,1001.36
1002.6,998.4,999.91
1002.0,999.31,1002.53
1002.1,998.85,1001.91
1001.9,998.07,999.05
1001.4,998.5,999.77
1000.6,999.19,1001.28
1000.8,1000.49,1003.66
1000.4,1000.87,1001.0
999.3,1000.44,1002.29
997.6,999.68,1003.11
996.2,1000.55,1002.19
995.7,1000.0,1000.48
995.4,999.61,1001.01
994.6,996.33,998.65
993.5,997.2,997.92
992.9,997.25,1001.05
991.8,996.79,996.34
990.9,995.93,994.26
990.4,994.67,991.27
990.5,995.23,996.87
990.7,996.45,996.01
990.3,996.75,997.01
990.0,996.08,991.4
990.1,995.6,990.72
990.0,996.79,994.02
989.1,994.92,990.4
989.1,995.88,991.53
988.9,996.17,993.56
989.1,996.63,996.9
989.2,996.54,992.03
989.0,997.32,992.07
988.0,996.85,989.05
987.0,996.27,988.21
986.3,996.42,992.51
985.9,995.92,992.31
986.0,995.83,990.6
986.6,994.62,986.66
986.7,995.1,991.67
986.7,995.68,988.5
987.4,995.07,988.39
987.6,995.03,988.23
987.6,994.24,987.48
987.6,995.77,986.13
987.3,995.01,986.25
987.6,994.14,987.6
987.9,993.63,988.79
987.5,995.08,992.05
987.8,993.42,988.74
988.2,993.61,988.7
988.7,993.5,988.1
989.1,992.57,987.99
989.6,992.9,989.42
989.9,992.8,988.06
989.7,991.73,984.98
989.0,992.64,987.26
988.7,993.18,989.48
988.6,991.48,983.46
988.7,991.65,986.58
988.8,992.02,989.25
989.4,994.62,993.03
989.7,992.3,992.4
990.0,993.3,992.99
990.3,993.0,992.55
990.3,992.12,988.88
990.4,992.88,990.37
990.3,992.31,988.81
990.1,993.4,989.82
990.5,991.2,984.4
990.9,992.05,988.9
990.9,993.34,993.31
991.8,995.54,993.4
992.4,995.85,991.87
992.6,996.34,992.62
993.7,996.38,993.89
994.3,995.79,993.5
995.1,996.98,994.06
994.8,995.83,989.91
994.1,996.48,989.86
994.4,996.69,989.96
994.1,997.29,990.02
994.2,996.32,991.83
994.3,997.7,992.08
994.8,995.84,994.77
994.8,995.55,993.8
995.1,997.01,997.08
995.1,996.84,995.73
994.5,997.54,996.57
994.3,997.14,995.8
994.2,997.27,997.2
993.1,998.07,997.25
992.9,997.78,996.88
992.9,996.19,995.29
992.8,997.07,996.29
992.6,996.77,996.74
992.7,996.46,995.92
992.7,997.82,997.61
992.5,997.49,996.69
992.8,997.43,998.29
993.0,996.66,999.69
993.1,997.56,998.98
993.0,997.24,998.23
992.2,997.1,998.62
991.6,997.18,998.88
991.5,995.96,998.8
991.7,996.85,997.98
991.4,995.84,998.55
991.2,995.94,999.35
991.4,995.5,997.1
991.4,994.5,994.75
991.1,993.69,992.9
990.6,993.5,993.57
991.3,994.53,996.58
991.0,994.07,994.93
989.9,993.51,994.84
989.6,993.79,994.21
989.5,993.11,993.4
989.7,993.61,991.62
989.7,993.35,992.95
989.5,991.7,989.73
989.6,992.66,987.37
990.4,990.74,983.45
991.2,991.39,986.64
991.8,992.76,989.07
992.5,992.64,990.92
992.9,993.21,988.7
992.7,992.88,988.92
992.8,993.27,990.78
992.7,993.39,990.94
993.5,993.77,992.62
994.1,994.02,993.61
994.1,995.03,993.26
993.8,994.6,992.59
995.5,994.03,991.9
995.8,993.43,992.04
996.2,993.57,992.4
996.4,991.08,992.1
996.1,994.0,989.35
995.8,993.93,990.31
996.1,995.12,990.78
996.2,991.47,992.3
995.6,993.51,993.12
996.2,994.22,994.74
997.1,993.21,991.01
997.4,991.79,988.95
997.2,994.26,989.75
997.8,994.62,990.88
998.3,994.85,994.16
997.8,994.96,995.79
997.1,996.43,996.74
996.8,994.7,995.54
996.7,994.63,995.15
995.9,991.4,994.34
995.5,993.3,995.63
994.8,992.94,994.54
994.7,993.83,992.62
995.2,990.68,993.13
994.4,992.68,992.81
993.8,992.62,992.78
992.3,992.81,990.23
990.9,993.3,991.48
989.9,993.24,991.4
988.4,991.22,989.43
988.7,992.81,989.74
987.6,991.62,989.21
986.2,993.25,988.91
985.5,991.67,989.08
984.9,992.64,987.06
984.5,991.18,989.22
984.1,993.12,991.48
984.0,991.56,991.23
983.5,991.77,990.55
982.0,993.49,990.94
981.3,989.81,987.81
980.8,992.03,988.26
980.3,992.88,988.33
980.1,993.51,987.57
980.3,992.29,987.83
980.8,992.34,987.17
981.1,993.5,988.13
980.6,990.7,988.56
981.3,992.08,989.04
980.8,991.59,988.17
980.4,992.71,987.65
982.0,991.25,983.29
982.7,991.34,986.28
983.0,992.56,986.32
983.0,994.16,988.71
983.7,994.93,989.69
983.2,994.83,989.13
983.1,994.68,991.77
983.2,995.13,995.2
983.6,995.69,994.13
984.4,994.97,997.48
985.1,994.37,996.78
985.5,996.02,997.63
985.1,994.28,995.42
984.7,993.94,995.5
984.6,994.71,996.49
984.8,995.51,995.68
985.9,995.39,995.13
986.6,996.21,997.59
987.4,995.07,996.15
988.2,994.86,995.84
988.5,995.97,996.88
988.6,995.21,995.63
988.8,994.25,994.93
989.2,995.2,992.85
989.2,996.21,994.24
989.2,994.33,989.14
988.8,995.59,991.65
989.1,995.49,993.08
989.0,994.62,992.92
988.8,995.87,997.41
988.8,995.47,999.22
988.8,995.44,998.19
989.0,995.5,1000.42
989.0,995.31,998.8
989.4,995.12,998.22
989.7,996.14,998.39
989.5,994.79,997.56
989.1,995.63,997.0
989.0,997.0,998.22
989.6,995.78,997.44
991.3,995.3,996.54
991.8,994.22,994.27
992.3,994.83,999.42
993.0,995.88,998.52
992.9,994.85,995.73
993.3,994.36,995.76
993.6,994.13,997.72
994.0,993.8,998.33
994.2,993.62,997.82
994.5,994.16,996.64
995.0,995.23,999.06
995.3,994.78,1001.22
996.0,994.21,997.73
996.8,994.41,1000.62
996.9,996.12,1001.62
997.9,995.65,1001.85
998.4,995.58,1001.1
999.2,995.38,999.28
999.8,997.26,1003.04
999.8,995.81,1000.5
999.7,996.44,999.98
999.6,995.83,998.55
999.6,996.63,999.03
999.8,996.83,993.85
1001.0,996.72,994.75
1001.5,998.83,996.95
1001.9,998.56,996.74
1002.5,998.18,998.25
1002.6,998.01,997.31
1002.9,998.47,997.62
1003.1,998.11,998.32
1003.5,997.98,1000.71
1003.6,996.1,1001.09
1003.8,997.78,999.8
1004.4,997.43,1000.59
1004.4,996.68,1000.73
1004.5,995.87,1002.3
1004.9,996.16,1000.44
1005.6,996.23,1001.28
1006.2,995.64,1002.64
1006.7,996.52,1000.0
1006.9,995.39,999.0
1007.4,994.4,997.76
1007.8,995.5,999.47
1007.2,995.24,999.34
1006.9,997.34,999.68
1007.1,997.12,1000.18
1007.5,997.35,998.93
1007.8,995.65,997.94
1008.1,995.43,999.67
1008.3,997.57,999.99
1008.0,996.49,1001.5
1007.7,997.27,999.96
1007.8,997.09,999.62
1007.4,997.2,997.32
1007.0,996.7,995.57
1006.5,998.02,996.37
1005.9,996.96,997.01
1005.6,996.85,993.22
1005.3,997.35,992.65
1004.6,997.03,993.13
1004.8,996.98,994.95
1004.4,997.81,993.64
1004.0,996.24,992.59
1003.8,997.67,997.68
1003.8,998.0,998.33
1003.7,998.21,998.48
1003.0,998.12,997.3
1001.9,998.3,998.87
1001.1,998.56,998.52
1000.5,997.2,998.34
1000.3,997.71,996.34
999.7,997.9,997.7
1000.8,996.98,995.96
1000.9,996.59,995.83
1001.2,995.16,993.97
1000.7,994.99,993.83
1000.4,995.1,994.19
1000.9,994.99,996.69
999.9,994.58,995.04
1000.1,995.23,996.73
1000.1,995.71,1000.29
1000.1,995.72,998.55
1000.0,994.69,994.84
1000.3,996.26,998.84
999.9,995.86,997.42
999.7,995.21,996.37
999.5,995.49,998.17
999.7,995.03,996.82
999.6,996.67,998.39
999.0,995.74,996.93
998.2,995.77,990.88
997.3,996.3,993.1
996.4,995.23,987.83
995.9,995.48,990.9
995.7,995.31,990.95
995.7,994.86,991.45
995.3,994.39,989.91
994.7,994.36,993.52
994.5,994.39,991.93
994.1,994.4,991.61
993.5,994.78,992.71
993.4,994.7,993.35
992.9,994.69,992.44
991.4,995.35,994.0
991.2,995.63,996.34
990.6,994.72,993.23
989.7,994.64,996.92
989.8,995.26,995.35
989.8,996.44,1000.32
990.1,996.06,1000.84
990.1,995.55,1001.77
990.3,996.44,1000.4
990.4,997.18,1003.36
990.5,993.8,1001.8
989.9,995.05,997.74
989.9,997.23,999.01
989.7,996.6,997.48
989.8,996.62,998.23
990.3,996.15,997.58
990.8,996.11,998.51
991.2,994.64,997.35
991.7,994.22,996.44
991.1,995.05,997.69
991.3,992.22,996.47
991.1,995.06,999.51
991.3,995.31,1001.66
991.4,996.28,1000.87
990.9,995.73,998.91
991.1,995.11,1000.43
990.7,995.33,1001.14
989.9,995.4,1001.64
989.4,995.27,999.94
988.9,995.03,995.81
988.5,994.33,995.56
988.6,994.3,992.81
988.7,995.07,995.48
989.3,995.15,994.29
987.2,996.06,994.17
986.6,995.9,996.41
985.9,996.38,998.09
985.9,993.57,994.16
986.4,995.34,994.94
986.9,995.83,995.68
987.0,994.68,996.62
987.4,995.21,995.36
988.1,991.63,992.84
988.4,994.83,991.77
989.0,991.61,995.74
988.6,995.18,997.18
989.6,993.5,996.3
989.8,993.63,993.34
989.7,993.78,994.8
990.4,991.48,989.12
990.6,992.31,990.01
990.3,992.23,987.84
991.7,993.11,990.2
992.0,992.01,988.71
992.1,992.49,989.31
991.6,993.39,992.64
992.2,992.7,991.76
993.1,993.1,992.57
992.8,993.28,992.98
992.5,993.44,992.18
993.0,993.01,990.23
992.9,993.66,993.93
993.6,993.1,989.2
994.7,994.47,993.01
995.2,994.37,993.88
995.9,993.97,994.12
995.8,994.27,993.72
996.3,993.72,992.51
996.8,994.64,993.9
997.2,994.23,994.52
997.2,992.55,991.72
997.2,991.86,991.11
998.0,993.81,996.27
998.5,992.46,995.17
999.1,992.5,997.79
999.5,992.32,993.12
999.8,992.28,991.95
1000.8,993.02,995.35
1001.2,993.3,994.28
1001.5,993.5,993.7
1002.0,995.41,995.31
1002.6,995.49,995.38
1002.0,996.91,998.56
1001.8,994.69,992.83
1001.7,995.88,996.46
1002.2,995.57,994.46
1003.2,995.43,994.58
1003.8,997.87,1001.2
1004.4,996.75,997.15
1004.2,997.8,997.44
1004.5,997.87,996.89
1004.2,997.43,997.23
1004.2,996.38,995.27
1003.8,998.31,996.69
1003.9,997.72,994.4
1003.8,998.07,994.16
1004.2,998.8,997.05
1004.2,998.58,997.31
1003.9,998.07,995.89
1003.9,999.35,999.84
1004.0,998.45,995.74
1004.0,999.12,997.26
1004.3,997.82,999.69
1004.5,998.67,999.59
1005.1,998.88,1000.64
1004.8,999.11,1000.22
1004.1,998.04,996.41
1003.3,999.04,998.01
1002.7,999.51,1000.32
1002.4,999.2,997.97
1002.1,997.68,996.75
1002.4,997.75,1000.83
1002.3,997.46,1000.93
1002.4,996.44,998.83
1002.0,997.87,1003.5
1001.8,996.52,1001.64
1001.9,997.72,1003.51
1001.5,997.62,1000.62
1001.0,996.85,999.04
1000.8,997.12,1001.17
1000.7,997.04,999.56
1000.1,995.97,993.8
1000.1,997.49,995.78
1000.1,997.49,994.9
999.9,996.72,994.52
999.6,997.34,996.54
999.5,997.44,1000.03
999.7,996.52,996.64
999.7,996.63,993.69
998.5,998.24,999.57
997.3,997.55,994.0
996.1,998.05,992.66
995.1,997.69,991.51
994.4,997.05,993.05
994.4,996.5,993.98
994.1,996.64,995.82
993.6,995.84,994.46
993.3,996.18,994.5
992.9,996.42,993.59
992.9,997.32,994.77
992.7,997.8,995.12
992.2,997.57,993.5
992.2,997.59,994.95
991.5,998.75,996.17
990.8,997.95,995.9
990.8,998.43,997.56
990.2,998.6,997.0
989.4,997.54,994.37
988.5,998.34,996.38
987.9,997.91,995.14
987.0,996.74,994.54
986.7,996.95,997.23
986.0,995.32,996.8
985.2,995.05,993.45
981.2,993.36,990.07
979.9,992.83,990.66
980.1,992.42,988.67
979.7,993.73,991.43
979.1,993.23,991.77
978.7,992.89,991.41
978.1,992.08,988.32
977.7,991.53,985.63
977.3,991.21,983.77
976.8,992.0,984.44
976.6,991.82,986.81
976.5,992.28,987.55
976.4,992.73,987.11
976.6,994.35,991.5
976.9,993.42,990.13
977.1,993.42,988.52
977.6,992.87,987.2
977.8,994.39,990.17
978.3,992.48,985.07
979.3,993.66,988.83
980.1,992.37,985.21
980.5,993.71,988.87
980.7,994.24,988.62
980.4,994.31,987.99
981.0,993.59,985.26
981.7,995.05,988.79
982.8,995.08,990.03
984.1,995.11,992.49
985.0,995.33,992.83
986.0,994.71,989.79
987.1,995.41,994.2
987.7,996.18,995.87
988.8,995.72,994.61
989.0,996.44,996.29
989.7,995.46,996.88
990.3,996.02,999.58
990.9,996.31,998.9
991.8,996.05,998.03
993.1,996.35,997.95
993.7,996.85,999.11
994.1,996.71,997.19
994.8,996.6,997.55
994.8,995.59,995.3
995.4,997.15,999.56
996.0,995.25,997.75
995.3,995.63,999.65
995.0,996.38,999.33
994.7,995.34,999.48
993.4,997.14,999.73
994.5,996.71,999.79
992.8,995.73,999.19
992.6,995.53,998.95
991.8,995.02,996.96
991.2,994.58,995.34
990.6,994.56,994.06
988.8,993.8,991.68
987.0,992.48,989.69
983.2,991.09,987.91
982.0,991.87,991.21
980.9,991.15,987.93
980.1,992.27,988.77
979.2,992.28,988.6
978.5,992.2,988.36
977.9,992.32,986.68
977.9,993.13,986.93
977.8,992.75,988.93
978.6,993.8,990.3
979.0,993.16,990.96
978.5,992.6,990.39
977.9,993.1,992.78
977.1,992.88,992.05
976.5,994.17,992.48
976.4,994.33,993.02
977.0,993.6,993.39
978.0,993.18,991.62
979.4,992.83,991.25
981.0,993.72,992.53
982.5,994.04,993.02
983.7,994.28,992.75
984.7,993.35,991.19
985.8,993.23,989.23
987.0,994.38,990.69
987.6,993.41,987.86
988.2,994.78,993.64
989.3,996.3,995.06
990.0,996.06,994.36
990.6,995.56,991.18
991.5,996.25,995.53
992.4,994.84,992.7
993.5,995.65,994.92
994.4,995.15,994.14
995.4,996.61,997.79
996.7,996.33,995.24
997.1,997.52,997.55
997.5,997.56,996.85
997.5,998.1,997.31
998.1,995.91,995.75
998.9,997.01,996.32
999.7,997.73,999.7
1000.2,997.56,997.73
1000.4,997.76,997.32
1000.7,997.49,996.85
1000.9,998.5,998.15
1000.9,998.42,998.27
1001.0,998.38,996.82
1001.2,996.72,995.1
1001.6,998.35,997.71
1001.7,998.25,997.35
1001.9,997.93,997.58
1001.8,997.72,997.78
1001.9,998.77,995.84
1001.9,996.96,995.86
1001.7,997.14,995.84
1001.9,996.9,993.62
1001.8,996.47,998.67
1001.8,997.89,998.21
1001.7,995.68,995.23
1001.2,996.43,998.51
1000.0,997.43,1001.57
999.1,997.72,1001.42
998.4,996.89,999.95
998.5,996.63,998.83
998.3,996.54,998.16
998.1,995.81,997.84
998.1,995.51,999.38
997.4,994.71,1000.32
996.9,996.5,999.57
996.4,995.94,1000.96
996.4,995.79,997.32
995.9,995.91,999.38
995.2,995.37,996.58
994.5,995.76,998.25
993.8,995.39,994.77
992.8,996.16,995.3
991.7,995.45,994.56
991.2,994.45,993.94
991.2,996.31,997.81
991.2,994.66,998.34
991.2,994.34,996.77
991.3,995.08,997.97
991.2,995.57,998.71
990.8,995.06,997.69
990.1,993.77,997.87
989.6,995.52,998.92
989.3,994.48,995.46
989.7,994.52,996.41
990.1,993.69,995.38
990.5,994.08,998.4
991.1,994.46,997.13
991.9,994.44,997.68
991.8,994.98,998.13
992.0,995.37,997.34
992.4,993.78,996.44
992.7,993.66,995.74
992.9,994.95,995.16
993.4,994.51,995.68
994.3,994.45,995.26
994.9,994.77,997.74
995.5,995.03,996.39
996.1,996.32,998.48
996.6,996.26,997.71
997.0,996.37,998.42
997.3,995.39,998.48
997.8,995.52,998.84
997.9,995.32,996.12
997.5,994.84,993.64
997.0,996.06,994.54
996.4,995.99,993.71
996.6,996.2,995.69
996.9,996.76,993.57
996.8,996.15,995.85
996.9,995.97,995.88
996.7,994.58,994.0
996.3,994.25,994.71
996.2,993.98,994.28
996.9,995.28,996.68
997.7,993.94,993.37
998.0,994.93,997.22
998.4,995.03,996.59
998.7,994.27,995.91
999.1,994.94,996.95
999.4,994.22,998.07
999.8,993.83,996.79
1000.7,994.35,997.36
1000.9,994.98,1000.18
1001.7,994.74,999.17
1001.8,995.34,1000.22
1001.5,997.09,1002.21
1001.5,997.42,1002.54
1000.8,996.12,996.33
1001.0,996.55,996.68
999.5,995.5,993.06
999.0,996.65,997.66
999.9,997.66,998.96
1000.3,996.83,995.4
1000.2,996.99,995.75
999.3,996.73,998.2
998.9,995.97,997.29
998.6,995.97,997.56
997.0,994.9,995.8
997.1,995.14,996.67
996.3,994.45,995.43
994.9,995.29,997.89
993.8,995.0,997.36
993.1,993.72,993.25
991.6,993.62,993.26
990.7,993.27,993.48
989.0,994.99,994.47
988.6,994.75,993.63
987.4,994.12,996.53
986.1,993.73,997.33
985.5,994.79,995.94
984.3,994.11,997.35
983.3,993.88,997.15
982.6,993.33,996.57
982.8,991.87,994.69
983.6,991.43,995.19
984.3,991.44,993.54
985.1,992.68,995.76
985.5,992.83,997.58
986.2,993.17,996.83
986.3,993.8,998.79
986.6,993.49,997.8
986.8,993.24,994.3
987.3,994.85,994.36
987.5,994.52,994.4
987.7,993.86,994.13
988.3,994.71,994.97
988.5,992.93,993.58
988.9,994.13,994.36
989.3,992.82,993.78
989.7,993.03,996.86
990.1,993.67,997.42
990.6,995.17,995.65
991.2,995.43,997.04
991.6,995.11,994.64
991.7,995.64,994.73
991.7,996.31,995.66
991.6,996.31,998.52
991.8,996.29,998.11
992.6,996.55,997.0
993.0,996.22,996.39
993.7,996.12,998.07
993.9,995.12,995.47
994.6,996.23,996.0
995.2,996.54,997.0
995.2,997.49,998.68
994.8,996.88,998.51
994.8,997.51,1000.74
994.5,996.53,998.15
994.6,999.65,1002.16
994.7,998.56,1000.34
993.8,998.64,998.48
993.1,999.56,1002.84
992.0,998.13,1001.63
991.2,998.37,1002.03
990.4,998.12,1001.1
990.0,998.24,1001.85
988.3,997.91,999.95
987.3,996.23,994.05
986.3,996.46,995.03
984.8,994.49,993.47
983.9,994.63,992.41
983.6,992.78,990.55
984.2,992.99,990.07
985.2,992.19,982.66
985.9,992.58,984.22
987.4,994.96,991.11
988.9,994.66,990.62
990.6,994.87,996.35
992.2,996.64,999.1
993.6,997.85,998.85
995.2,998.1,999.31
995.8,998.28,999.76
996.8,998.11,997.6
997.7,998.95,999.28
998.4,999.48,1000.9
998.7,999.86,1002.97
999.5,999.65,1001.75
1000.0,999.58,999.89
1000.1,1000.68,1000.33
1001.2,1000.89,1001.64
1002.1,1000.63,999.83
1002.1,998.92,998.73
1002.2,999.08,1000.59
1000.9,997.3,999.93
999.6,996.92,999.34
998.7,995.54,999.77
998.7,995.41,998.48
999.0,995.14,999.35
999.0,993.69,999.23
998.1,993.11,997.72
998.1,993.26,997.84
997.2,993.15,998.67
996.7,993.4,997.59
996.3,994.09,997.51
995.8,993.44,999.17
995.5,993.28,998.31
995.5,993.19,997.8
995.7,993.15,996.12
995.9,991.38,996.27
996.6,992.61,998.28
996.8,992.65,998.19
997.5,993.0,998.51
998.5,992.38,998.61
1000.1,993.57,998.58
1001.4,994.37,999.46
1001.9,994.83,999.16
1002.2,993.53,996.91
1001.8,994.51,999.33
1002.0,995.39,998.79
1001.9,994.98,998.31
1002.6,995.9,998.37
1003.2,997.25,1001.89
1003.3,996.25,1000.32
1004.5,997.43,1001.88
1004.8,997.82,1001.04
1004.7,997.52,1000.98
1004.1,997.36,1000.39
1004.8,997.96,1001.05
1004.5,999.16,1004.89
1004.7,996.9,1000.43
1004.4,997.44,1000.07
1004.7,998.29,1000.11
1005.1,997.93,999.21
1005.6,997.28,997.15
1005.8,1000.07,999.72
1006.1,1004.3,1002.6
1006.6,1002.78,999.0
1007.1,1003.08,1001.27
1007.4,1003.0,1000.35
1007.8,1003.23,1000.47
1007.9,1002.43,999.48
1007.1,1003.09,1003.18
1006.6,1001.71,1000.68
1006.9,1003.75,1001.97
1007.1,1004.84,1002.09
1007.6,1005.04,1005.86
1007.7,1005.68,1006.77
1008.1,1005.0,1004.53
1008.7,1005.17,1004.85
1008.6,1005.68,1004.68
1009.0,1005.67,1005.95
1009.1,1005.25,1005.93
1009.0,1004.4,1004.3
1009.3,1003.63,1007.25
1009.3,1004.86,1007.31
1009.2,1004.32,1006.45
1009.5,1005.25,1012.1
1009.2,1004.67,1012.07
1009.1,1004.72,1012.51
1009.1,1002.94,1011.15
1008.9,1004.39,1011.48
1008.9,1004.48,1011.6
1009.0,1004.31,1012.53
1008.8,1006.34,1013.29
1009.0,1004.71,1011.62
1008.3,1005.07,1012.04
1007.2,1004.75,1010.44
1006.4,1004.17,1009.76
1005.9,1005.07,1012.03
1005.8,1005.71,1010.15
1006.2,1005.6,1010.25
1006.6,1005.26,1010.78
1006.5,1005.4,1011.05
1006.6,1004.33,1010.3
1006.5,1003.87,1010.07
1006.5,1003.66,1011.67
1006.6,1002.98,1010.73
1006.4,1001.91,1009.26
1005.7,1002.33,1009.91
1006.1,1001.66,1009.64
1005.7,1002.28,1009.92
1005.8,1001.96,1008.86
1005.7,1001.26,1009.16
1005.8,1000.22,1005.81
1006.1,1001.47,1007.57
1006.2,1001.52,1007.3
1006.2,1001.29,1004.25
1006.3,1002.24,1007.37
1005.6,1001.76,1005.5
1004.2,1002.97,1007.56
1003.7,1001.74,1003.33
1003.2,1002.03,1003.07
1003.1,1001.24,1002.02
1002.8,1002.11,1000.66
1002.9,1001.72,999.27
1002.5,1000.56,999.54
1002.3,999.93,998.59
1001.9,998.75,996.66
1001.6,998.94,996.39
1001.5,998.32,995.11
1001.1,998.37,996.87
1000.2,998.31,996.4
999.9,997.91,995.2
999.0,998.5,997.06
998.7,999.31,998.03
998.4,999.55,998.23
997.6,998.25,996.32
997.3,998.98,996.95
997.1,998.74,996.74
996.8,999.83,997.14
996.6,999.14,994.21
996.7,1001.46,999.54
996.1,1001.24,997.44
996.4,1000.75,995.49
996.9,999.7,995.74
997.7,999.84,994.5
998.9,1000.62,994.62
999.9,1001.04,997.28
1001.3,1001.27,996.41
1002.5,1003.75,1002.1
1003.5,1004.82,1002.97
1004.6,1004.48,1002.37
1005.7,1004.14,1002.66
1006.7,1005.09,1000.83
1007.3,1004.85,1003.44
1008.1,1006.7,1006.89
1008.8,1007.37,1008.74
1009.5,1007.97,1008.94
1010.2,1006.43,1008.05
1010.8,1006.32,1006.88
1011.5,1007.74,1007.45
1012.3,1006.81,1007.25
1013.2,1006.17,1008.02
1014.2,1007.71,1009.58
1015.0,1007.71,1010.62
1015.6,1007.32,1010.19
1014.9,1006.04,1008.46
1014.3,1009.0,1011.91
1013.9,1009.21,1011.7
1014.3,1008.36,1013.77
1014.5,1007.57,1012.39
1013.6,1008.96,1012.54
1013.5,1007.63,1009.98
1012.6,1006.45,1008.62
1012.6,1005.39,1008.42
1011.8,1004.1,1008.38
1011.1,1005.62,1010.1
1010.3,1003.82,1006.33
1010.2,1002.77,1007.61
1009.0,1002.4,1006.99
1008.5,1002.56,1006.38
1006.5,1002.55,1007.12
1005.1,1001.85,1006.76
1003.4,1001.84,1006.35
1002.5,1001.05,1004.61
1001.5,1001.68,1004.44
1000.5,1001.26,1004.09
999.3,1001.03,1004.13
998.8,999.86,999.66
998.0,1000.45,1002.37
996.3,999.76,995.42
994.8,998.97,994.86
993.9,997.93,989.06
993.8,997.0,987.07
993.1,997.67,987.08
992.9,996.49,983.55
992.5,997.31,986.98
992.3,998.05,986.73
992.2,996.59,985.1
992.1,996.49,981.84
991.7,996.48,985.58
991.3,996.44,984.25
991.0,996.91,982.58
990.7,996.87,984.04
990.5,996.62,983.2
990.1,996.96,992.15
989.8,996.82,993.3
989.6,995.65,990.71
989.5,998.01,997.88
989.2,996.15,995.29
989.3,996.77,995.66
989.4,996.33,994.74
989.7,997.29,997.77
989.9,998.11,999.79
990.1,998.18,998.3
990.3,999.18,1000.6
991.0,997.33,997.48
992.1,997.4,995.82
995.0,998.73,999.6
996.2,998.62,1000.32
997.0,998.28,998.31
998.0,997.59,997.24
999.4,998.57,1000.94
999.4,1000.1,1000.87
999.8,996.34,999.01
1000.5,997.5,999.31
1000.5,999.2,1000.49
1001.4,997.86,1000.3
1001.4,995.51,1001.0
1001.4,997.91,1000.36
1001.8,994.98,999.16
1002.1,996.47,998.14
1002.4,998.5,1002.38
1002.5,997.59,1002.78
1002.5,997.43,1000.2
1002.1,996.51,996.9
1002.1,997.5,998.81
1000.5,996.23,998.1
998.8,996.24,998.16
997.4,996.52,998.18
996.2,995.98,993.86
995.4,996.62,993.83
994.2,995.88,992.99
993.7,995.36,992.74
992.0,995.8,992.29
990.8,994.73,991.58
991.1,996.25,994.97
990.5,995.98,992.23
989.3,995.87,991.22
987.8,995.11,989.48
987.0,995.24,990.23
986.5,995.52,987.37
986.0,994.99,987.97
986.4,993.98,989.47
987.2,993.58,989.19
988.6,994.34,991.54
989.4,993.99,991.58
990.9,993.51,991.42
992.1,995.47,994.76
993.1,995.15,991.95
994.8,995.4,994.2
995.4,995.63,992.59
995.8,996.11,994.44
996.4,995.7,992.46
997.4,996.8,996.11
998.2,994.86,990.37
998.3,996.21,993.83
999.4,996.36,997.53
999.6,995.73,994.04
1000.0,995.28,992.63
1000.3,995.79,994.38
1000.9,996.78,998.92
1001.3,996.83,997.57
1002.3,997.31,997.17
1002.2,997.2,993.64
1002.6,997.19,995.56
1002.9,998.08,998.43
1003.7,997.79,998.9
1003.6,997.8,998.13
1003.5,998.01,997.71
1003.7,997.31,999.6
1004.1,995.78,999.55
1004.5,998.02,999.38
1004.1,999.08,1000.64
1003.5,998.67,1001.36
1002.7,997.78,999.32
1002.0,997.17,1000.68
1001.0,997.35,998.72
1000.2,997.14,998.45
1000.2,997.09,997.92
1000.3,996.57,996.05
1000.0,996.54,998.43
999.4,995.92,998.88
998.3,995.89,995.26
996.8,996.02,995.14
995.5,995.37,993.43
994.7,993.99,993.0
993.6,994.51,991.67
991.7,993.4,989.53
990.2,994.15,989.69
988.0,993.2,989.5
986.8,992.88,990.93
985.0,993.82,991.53
982.4,993.04,990.6
979.9,992.57,986.82
979.7,992.46,990.38
978.5,992.86,990.3
978.3,992.55,987.94
977.7,993.08,989.83
977.5,990.99,983.45
977.5,991.01,983.79
979.1,992.99,991.55
980.2,993.81,991.8
983.1,993.91,992.32
985.7,993.58,993.81
988.5,994.24,994.34
990.7,993.8,991.88
992.3,993.45,991.03
993.7,993.24,990.9
994.6,994.82,992.94
995.5,993.61,989.71
996.8,995.25,991.16
997.6,994.33,991.85
998.2,994.73,992.34
998.6,994.62,993.01
999.0,994.92,995.57
999.8,995.77,995.4
1000.8,998.35,997.01
1001.2,998.08,998.21
1002.1,998.35,999.06
1002.7,998.69,1000.62
1003.4,999.66,1000.27
1004.1,1000.53,1001.0
1004.0,1000.19,996.86
1004.0,1001.82,998.86
1003.9,1002.29,1000.33
1004.4,1001.8,999.27
1004.8,1002.45,999.82
1005.5,1003.05,1001.13
1006.3,1002.09,1000.14
1006.9,1002.2,999.15
1007.6,1002.07,999.63
1007.8,1000.78,1000.26
1008.1,999.91,999.4
1007.8,999.74,998.73
1008.0,1001.18,1000.62
1007.7,1001.32,1001.4
1007.7,1001.14,1000.6
1007.5,999.78,998.9
1007.6,999.73,999.1
1007.7,999.5,998.32
1007.7,999.7,998.41
1007.8,999.81,998.54
1007.8,999.47,997.03
1007.1,1000.22,996.99
1007.2,1003.14,1001.42
1006.4,1002.7,1001.71
1005.3,1001.75,1001.47
1004.3,1001.75,1002.67
1003.3,1000.23,1000.22
1002.9,999.86,998.93
1002.4,1000.12,999.13
1002.3,999.74,997.27
1002.1,998.54,994.33
1001.7,999.72,996.21
1001.1,997.82,992.48
1001.0,997.87,992.76
1000.8,999.04,996.17
1000.2,997.82,994.54
999.6,998.26,995.26
998.9,998.41,994.73
998.6,998.0,995.31
998.2,998.1,995.96
997.9,999.7,997.8
997.6,999.25,997.34
997.3,999.4,997.43
997.0,999.5,998.11
996.9,1000.55,1000.79
996.3,1001.28,1001.62
995.6,1001.61,1002.73
995.2,1001.24,1002.82
993.8,999.32,999.9
992.8,999.6,999.72
991.6,999.15,998.59
991.0,999.62,1000.54
990.7,998.99,1000.24
990.3,999.35,1001.4
990.3,998.76,1001.86
990.0,998.39,1001.87
989.6,998.76,1000.1
988.8,999.56,1001.04
988.7,997.77,996.94
988.0,998.46,996.51
987.3,998.36,995.96
987.2,999.65,997.71
986.7,999.5,997.75
986.5,997.72,993.87
986.5,998.0,994.25
986.6,998.47,995.81
986.8,998.3,994.19
987.3,999.14,997.04
987.8,998.9,999.28
988.4,999.96,999.44
988.6,999.98,1004.58
989.4,1000.87,1004.39
989.2,1000.38,1003.39
989.5,1001.08,1004.19
989.1,1000.45,1002.51
990.0,1000.92,1000.76
990.3,1000.26,1000.24
990.5,1000.1,1000.79
990.9,1000.31,1000.45
991.5,999.9,1000.48
991.3,999.59,1001.97
991.2,999.39,1001.85
991.5,998.71,1002.02
991.4,999.09,999.99
991.3,998.76,1003.37
990.5,1000.5,1001.36
990.5,998.53,1002.77
990.3,999.19,1001.64
989.8,999.27,1001.3
989.5,999.64,1002.39
989.5,999.38,1000.27
989.7,998.65,999.19
989.5,998.16,998.06
988.4,999.37,999.85
987.9,997.8,995.68
987.5,998.57,998.96
986.4,996.76,995.97
985.3,997.73,995.68
983.8,996.66,995.71
981.8,997.61,996.5
980.9,997.08,995.95
980.6,996.31,994.76
979.3,996.09,994.0
979.1,993.91,992.26
977.2,994.01,991.15
976.9,993.0,989.72
976.5,993.28,989.73
975.9,994.3,990.97
975.4,995.88,992.62
974.6,993.56,989.89
975.3,993.41,991.52
974.9,992.84,990.42
974.9,993.46,991.47
975.7,993.8,991.67
976.7,995.7,994.65
978.4,994.72,988.59
981.6,993.95,988.9
982.7,995.11,991.12
984.1,994.86,992.12
985.7,994.95,990.52
986.8,994.5,990.85
988.0,995.88,991.78
989.1,996.61,994.06
990.5,996.77,993.78
991.6,996.45,992.96
992.8,996.64,994.13
994.1,996.19,993.6
994.8,997.52,996.49
995.6,996.69,996.34
996.5,996.76,997.86
996.8,998.33,998.72
996.7,997.08,996.98
996.3,996.9,997.42
995.6,997.72,997.52
995.8,996.65,996.88
994.6,995.9,997.49
995.1,996.46,997.16
994.1,995.17,999.22
994.0,994.73,998.73
993.9,994.55,994.67
993.4,993.65,996.35
994.1,993.81,995.63
992.9,992.6,993.7
991.7,991.9,992.25
991.2,990.99,991.32
989.1,990.68,992.91
988.2,990.67,992.33
987.8,991.34,988.56
988.2,990.48,991.38
989.0,990.92,992.17
989.0,990.48,993.57
990.2,990.57,997.74
991.4,990.27,997.63
992.8,991.25,996.18
993.8,993.25,994.84
994.5,990.99,1001.96
996.0,992.74,994.14
996.0,993.53,998.37
996.5,992.13,991.15
997.3,994.99,999.38
998.6,995.72,991.84
1000.0,996.55,996.54
1001.1,996.85,995.59
1002.5,996.59,996.76
1003.3,999.14,997.45
1003.4,1000.58,997.56
1003.7,1001.63,1003.53
1004.7,1000.77,1001.72
1004.2,1001.35,1000.89
1004.1,1001.03,1000.72
1003.9,1000.43,1000.64
1004.0,1000.01,1001.38
1004.5,1000.16,1000.79
1004.7,1000.77,1001.92
1004.8,999.75,1000.41
1004.8,998.92,998.9
1004.7,998.44,1000.82
1004.3,997.76,999.69
1003.9,997.31,998.59
1003.1,996.33,998.17
1002.7,997.07,996.49
1002.2,998.47,998.44
1001.6,998.64,998.23
1001.4,997.32,996.82
1001.0,997.0,995.66
1000.7,997.52,997.42
1001.2,996.67,996.01
1001.3,997.12,997.9
1001.7,997.53,995.2
1002.1,997.68,992.23
1002.3,998.11,993.94
1002.2,997.4,989.29
1001.3,998.71,997.72
1000.7,999.36,1000.2
1000.1,997.91,995.47
998.9,998.27,996.62
998.4,996.6,996.21
997.9,996.15,993.96
998.0,996.84,994.74
997.3,998.31,996.47
996.4,997.38,996.28
995.6,998.0,997.04
994.9,997.0,996.48
994.4,997.5,995.29
993.8,996.98,993.24
991.9,997.35,995.89
991.4,998.12,998.63
990.7,997.39,996.63
990.6,997.43,999.11
990.1,997.75,1000.15
989.8,998.0,998.62
989.7,997.5,996.2
989.2,998.67,997.72
988.9,998.69,996.58
988.0,998.24,996.5
987.5,998.0,995.5
986.8,997.67,996.48
986.5,996.91,994.84
986.7,996.55,993.73
986.9,997.1,995.74
987.6,997.17,994.38
988.1,996.9,994.42
988.6,995.44,994.54
988.8,996.48,996.35
988.8,996.4,995.74
988.8,997.58,998.27
989.1,997.1,998.02
989.4,996.83,996.52
989.6,997.18,996.62
989.5,997.67,997.72
989.1,998.15,998.24
989.3,997.66,998.45
989.2,998.75,998.8
989.1,997.73,999.12
989.3,997.55,998.96
989.4,998.22,1001.15
988.8,998.59,1002.31
988.7,997.91,1002.18
987.9,997.95,1002.18
986.7,998.19,1001.37
986.3,1002.5,999.07
987.4,1003.59,1000.34
988.8,1003.77,1001.49
989.3,1003.58,1001.61
988.4,1004.21,1002.24
989.8,1001.96,1000.15
989.9,1001.73,1002.46
989.3,1000.69,999.98
990.0,1000.59,1001.31
989.8,997.8,997.37
989.4,998.43,998.53
989.1,997.04,995.96
989.4,996.98,995.91
989.4,996.52,995.1
988.9,997.15,996.72
988.3,996.26,995.88
987.0,995.29,995.26
986.5,995.96,996.85
985.4,995.94,999.93
985.0,995.08,999.84
985.3,995.55,998.92
985.2,995.17,996.54
985.6,994.68,994.66
986.2,993.68,993.23
984.8,992.2,989.03
985.4,993.26,994.55
985.7,993.07,994.91
983.4,991.19,992.1
983.2,992.16,992.67
981.7,992.74,993.41
982.7,992.02,993.79
982.8,992.2,993.96
982.8,991.76,996.28
980.8,991.03,996.88
982.1,992.68,997.9
983.4,993.0,997.25
983.1,993.42,996.26
983.6,993.02,995.59
984.2,992.93,997.52
984.7,992.72,997.18
985.1,993.98,996.19
985.1,994.03,998.84
984.7,993.39,996.74
984.2,992.89,994.32
984.5,992.58,994.26
984.8,992.77,992.92
984.8,992.16,988.78
984.7,993.0,990.79
986.8,992.02,986.96
987.8,992.79,985.16
989.8,994.68,992.31
990.9,994.48,989.66
991.9,994.96,990.45
993.3,995.9,990.02
995.1,996.59,991.7
996.2,997.12,991.77
997.7,996.97,991.87
999.4,997.76,992.99
1001.1,998.67,995.3
1003.2,999.08,995.35
1005.1,999.19,995.11
1006.7,1000.53,996.92
1007.8,1001.44,999.4
1008.9,998.63,993.41
1009.9,1000.04,997.49
1010.7,999.9,997.95
1011.6,1000.28,998.02
1012.0,998.25,993.82
1013.4,999.7,997.0
1014.0,998.82,996.76
1014.6,999.99,996.69
1015.9,999.74,999.45
1016.5,1000.94,1003.84
1016.7,1000.68,1005.31
1016.6,1001.6,1006.86
1016.3,1000.97,1006.69
1015.4,999.81,1005.74
1015.0,999.76,1004.33
1014.7,1000.06,1005.46
1014.5,999.67,1003.77
1014.1,999.03,1003.13
1013.5,998.91,1006.34
1013.2,998.59,1004.99
1013.1,999.01,1006.02
1011.1,994.48,997.52
1009.5,993.36,995.51
1008.2,993.74,996.33
1006.6,994.13,995.17
1004.9,994.56,995.72
1004.2,994.93,996.22
1004.6,997.17,998.14
1004.3,995.14,997.05
1004.2,996.43,997.47
1003.6,995.92,1000.12
1003.2,996.61,1000.11
1003.3,997.34,1000.25
1002.0,997.77,998.02
1001.1,999.23,998.16
1000.2,997.3,995.1
999.5,998.42,995.47
999.1,997.48,998.1
998.5,997.72,995.46
997.9,997.18,995.54
997.7,997.77,998.19
996.7,995.55,991.88
995.9,995.85,994.83
995.6,994.67,994.58
995.3,995.13,996.31
995.8,994.1,990.57
995.0,994.6,993.04
995.2,994.44,991.56
993.7,994.0,990.55
994.5,994.67,994.09
995.0,995.6,994.17
995.3,994.89,992.32
995.4,994.51,993.84
996.0,996.15,1000.6
996.1,995.78,996.35
996.3,998.43,998.76
995.7,1001.07,1002.37
995.7,997.39,999.71
995.0,998.13,1000.61
994.3,998.64,1000.01
993.7,996.85,997.86
993.0,996.94,999.65
992.5,996.79,999.48
992.2,995.4,996.52
991.8,994.35,995.99
991.1,997.2,998.34
991.2,997.04,998.84
990.3,997.11,998.39
988.9,996.91,997.41
987.4,997.72,997.37
986.1,996.36,994.09
984.6,995.72,994.28
981.8,994.51,992.71
979.8,993.95,990.26
975.3,992.68,987.44
972.3,992.72,987.61
970.8,992.51,990.47
968.3,993.51,988.8
965.8,993.37,987.18
965.1,992.4,990.82
964.5,991.68,986.32
964.3,993.72,988.66
964.7,993.38,990.34
966.1,992.37,988.78
966.6,993.16,990.2
968.3,992.68,988.98
970.5,992.86,988.21
972.9,994.17,990.71
975.2,995.7,996.06
976.9,994.43,990.5
978.6,995.55,994.48
980.4,996.75,994.72
981.7,995.21,992.21
983.2,995.59,992.66
983.8,996.7,995.11
985.1,995.78,994.57
986.2,996.46,994.88
987.4,996.45,994.25
988.1,996.05,996.38
989.8,996.91,995.41
991.3,998.76,998.0
991.9,997.99,998.09
990.4,997.24,995.8
990.6,996.28,995.07
990.6,996.28,999.23
990.6,995.95,997.89
990.2,997.46,1000.33
990.4,997.0,999.89
989.5,995.72,999.28
988.7,994.75,998.3
988.2,994.69,999.42
988.4,994.31,998.47
987.0,994.67,993.92
986.7,993.11,994.31
986.1,992.52,996.1
985.9,992.99,993.92
986.5,994.32,996.28
985.9,994.92,997.26
986.6,995.04,998.04
986.2,996.26,1000.66
986.1,996.67,1001.13
986.3,997.0,999.03
986.4,996.4,997.73
986.0,995.44,1000.56
986.6,992.41,999.56
986.7,992.7,998.53
986.7,996.17,998.55
986.4,996.41,998.6
986.8,994.61,995.07
987.3,995.63,995.75
987.3,995.47,994.72
987.4,995.76,996.89
987.7,997.07,995.78
988.0,997.29,996.07
988.9,996.34,995.1
989.7,996.37,997.6
990.3,996.71,1000.27
990.7,996.89,999.64
991.6,996.59,996.3
991.9,996.68,996.25
992.2,997.12,997.1
993.0,995.9,996.09
993.4,995.23,996.37
993.8,995.78,997.63
994.7,996.78,1000.7
994.6,997.46,999.84
994.9,997.22,999.07
994.7,997.49,999.17
994.9,997.24,1000.72
994.4,996.7,999.47
993.8,997.13,998.28
994.0,996.78,998.65
994.2,997.2,1000.62
994.2,996.78,999.4
994.1,995.83,999.11
993.8,996.32,999.22
992.8,995.5,998.15
992.0,996.16,998.94
991.6,996.14,999.07
991.9,995.62,998.18
990.1,995.43,998.2
988.8,994.75,994.22
987.6,994.48,994.84
987.3,994.29,994.99
986.6,993.81,994.49
985.1,993.99,995.63
985.9,993.71,994.17
984.9,994.28,995.47
982.6,994.55,995.02
981.5,994.63,994.4
979.0,994.08,995.56
978.3,992.73,992.77
974.1,991.73,992.14
976.8,992.41,991.59
977.1,991.18,989.89
977.5,992.85,993.33
977.9,992.75,996.34
979.5,993.44,996.53
980.6,992.16,994.11
982.4,995.25,996.78
983.7,994.45,994.58
984.4,994.8,995.64
985.7,995.54,995.84
987.0,994.8,995.73
987.9,994.74,993.86
988.5,995.36,995.18
989.2,995.48,996.76
989.8,995.01,995.72
990.9,994.04,992.7
991.5,994.37,994.56
992.4,995.48,999.34
992.8,995.35,996.19
993.6,997.08,1000.96
993.2,998.84,1002.69
992.9,997.9,998.42
992.8,997.17,996.88
992.9,997.9,994.42
993.1,997.35,994.58
993.6,995.06,990.04
993.6,995.46,993.58
994.7,995.56,994.14
995.4,994.78,995.22
996.2,995.09,995.53
996.7,994.58,997.48
996.9,994.3,997.76
997.6,993.1,997.2
998.4,993.8,995.31
999.4,993.53,993.04
1000.0,995.16,994.66
1000.5,994.65,996.71
1001.4,994.31,997.25
1001.7,996.0,1000.67
1002.5,997.62,998.78
1003.3,996.26,999.66
1003.5,998.46,1004.11
1003.8,998.11,1004.13
1004.1,999.13,1004.51
1004.7,998.85,1004.27
1004.6,998.47,1002.0
1002.9,995.71,1000.49
1002.6,994.29,999.27
1001.7,995.59,999.62
1001.0,995.31,999.79
1000.3,995.33,1000.94
998.8,993.83,996.31
997.8,995.13,997.01
997.0,995.13,996.08
999.0,996.11,997.31
998.0,994.7,995.76
995.9,993.05,992.47
996.2,992.76,991.48
994.9,993.82,992.4
993.6,993.14,992.38
993.2,993.75,994.56
992.7,992.84,992.57
992.5,993.3,994.16
991.9,995.26,995.11
991.3,994.62,994.16
991.4,995.2,995.24
991.0,993.06,989.92
990.2,994.28,992.1
988.9,993.82,992.23
989.7,993.81,993.64
990.8,994.14,994.58
991.9,994.67,996.32
993.0,994.66,994.84
993.1,993.71,996.87
994.8,993.47,994.0
995.7,994.52,993.52
996.7,993.9,995.86
997.8,993.46,992.38
998.9,992.65,993.48
999.7,993.07,993.08
1000.7,993.63,993.28
1001.7,992.65,995.14
1003.6,993.41,997.26
1004.4,993.61,997.32
1005.5,994.54,1000.32
1006.8,994.36,995.52
1007.7,995.92,999.55
1008.8,996.03,999.56
1009.0,998.37,1000.62
1010.0,998.41,1001.53
1010.6,996.94,999.94
1010.4,998.14,1001.48
1010.6,996.48,998.31
1010.8,997.22,998.56
1011.0,996.94,998.19
1011.0,996.21,999.13
1011.5,996.22,998.44
1011.2,995.66,997.29
1011.1,995.12,996.24
1011.2,994.69,996.61
1011.3,995.7,997.82
1011.6,996.03,996.48
1012.2,997.13,996.32
1012.2,997.57,996.44
1012.4,996.37,995.7
1011.9,997.4,996.23
1011.7,997.45,996.28
1012.3,997.99,996.41
1012.3,999.14,996.88
1012.3,997.76,996.67
1012.7,998.5,995.26
1013.5,1000.63,1001.22
1013.4,1001.34,1002.44
1012.8,1000.58,1002.15
1011.8,998.7,1000.07
1011.3,998.02,999.17
1010.5,997.29,998.97
1010.4,997.5,998.99
1010.2,995.55,994.95
1009.4,996.26,999.81
1009.6,996.71,1001.17
1009.0,995.35,998.42
1008.9,995.16,995.65
1009.0,996.03,997.41
1008.9,995.92,997.06
1009.0,996.43,997.62
1009.3,996.68,997.68
1008.4,995.81,995.56
1008.5,997.53,997.71
1008.0,997.34,997.69
1007.2,997.31,998.83
1007.4,996.91,996.73
1006.6,997.32,998.14
1006.3,997.72,999.08
1006.1,997.27,999.19
1005.2,996.78,998.04
1004.2,996.87,997.62
1003.5,997.24,997.58
1002.6,997.17,998.69
1002.5,996.14,996.64
1000.8,995.4,996.45
999.5,995.3,995.45
997.8,993.1,993.97
997.5,992.89,994.91
997.8,992.26,992.62
997.6,991.87,991.03
996.6,992.57,995.34
995.4,991.76,995.37
995.0,992.04,994.11
995.0,992.12,995.18
993.3,993.03,998.02
992.6,993.68,994.64
992.3,993.86,993.17
992.2,993.87,996.42
992.7,993.13,994.52
992.9,993.36,993.93
993.8,995.09,997.29
994.0,994.04,998.44
994.5,992.94,996.91
995.0,991.3,993.1
996.0,993.33,996.8
996.4,993.28,995.68
996.8,994.37,999.0
997.7,993.62,996.13
997.6,992.73,994.41
998.0,992.92,994.1
998.6,993.25,997.06
999.1,991.72,996.4
999.2,993.81,999.89
999.2,992.4,998.39
998.9,992.48,998.51
998.6,994.04,997.26
998.3,994.37,1000.66
998.7,994.31,997.08
998.4,995.23,997.38
998.2,996.3,998.62
998.1,994.95,997.08
998.1,995.83,998.98
998.7,995.19,995.59
999.2,995.66,998.08
998.7,996.49,998.21
998.4,996.55,998.08
998.3,996.66,999.27
998.0,996.95,999.4
997.3,996.74,998.37
996.5,996.6,997.29
995.3,996.17,998.39
994.8,995.58,998.14
994.5,995.6,997.6
994.8,995.15,996.74
994.9,995.46,997.11
994.3,994.65,995.79
994.5,992.58,994.69
994.5,992.33,993.59
994.0,991.85,990.86
993.4,992.06,991.94
993.2,991.75,990.81
992.4,992.8,992.92
991.6,992.49,991.33
991.9,993.82,994.33
991.9,993.8,995.31
992.0,993.76,996.49
992.0,993.73,996.65
991.9,993.48,996.28
991.6,994.22,998.53
991.5,994.8,998.7
991.1,994.97,996.81
990.9,993.22,995.51
990.8,994.41,993.95
990.8,993.44,992.8
991.0,993.95,994.13
991.5,995.54,995.12
992.3,996.28,997.23
992.7,998.1,997.9
992.9,998.09,999.08
993.1,998.84,999.47
992.9,997.08,995.87
992.6,996.85,999.1
992.8,996.16,1000.05
992.7,996.42,1000.17
992.8,997.59,1000.67
993.0,998.54,1001.26
993.1,996.49,1000.85
993.5,996.98,1001.05
993.8,995.71,1000.87
994.1,997.14,1002.21
994.7,997.78,999.12
995.4,997.24,997.49
996.6,993.06,993.81
997.4,993.56,993.22
998.2,995.62,994.59
998.8,996.08,995.68
999.4,997.5,997.04
1000.0,996.23,995.82
1000.6,998.65,999.59
1001.3,999.41,999.6
1001.7,999.16,998.32
1002.1,999.56,999.61
1002.5,997.83,999.78
1002.6,998.01,998.46
1002.6,999.4,999.36
1002.8,998.06,999.5
1003.2,998.01,996.76
1003.4,998.5,1000.05
1003.7,999.29,1000.97
1004.1,999.18,1002.98
1004.9,998.07,1001.92
1005.4,1000.28,1005.09
1005.9,1000.05,1003.46
1006.8,1000.51,1001.01
1007.3,1001.7,1007.27
1007.6,1001.27,1006.8
1007.7,1001.32,1006.81
1007.8,1000.67,1006.51
1007.2,1000.7,1003.36
1007.0,1000.75,1004.06
1007.1,999.48,1002.17
1006.9,1000.17,1003.07
1006.7,999.92,1000.83
1006.2,998.2,1000.5
1006.1,998.99,1000.3
1006.1,999.67,1000.85
1005.9,999.16,1001.3
1006.0,998.3,1000.69
1006.1,997.28,999.83
1005.5,995.7,999.47
1005.3,995.39,1002.61
1005.4,996.96,1003.12
1005.2,997.29,1001.91
1005.1,998.14,1001.01
1005.1,997.07,997.7
1004.9,997.28,998.8
1004.2,1000.56,1000.01
1004.1,997.68,997.75
1003.5,1000.35,1002.68
1003.3,1000.92,1002.63
1002.4,1000.83,1001.13
1001.5,1000.26,1001.17
1000.5,999.25,999.39
999.6,998.69,998.91
998.5,998.66,998.13
998.0,998.22,996.4
997.4,996.87,993.8
996.9,997.88,995.67
996.4,996.96,992.17
996.1,998.11,996.48
995.7,997.29,994.97
994.6,998.1,994.4
994.2,998.16,997.22
993.9,998.06,994.57
993.3,997.97,994.67
992.6,998.16,994.53
991.7,997.62,992.56
991.3,997.59,994.78
991.0,998.54,996.88
990.1,997.75,997.3
989.2,998.99,1001.07
988.8,998.66,998.99
988.0,999.02,998.38
987.4,997.22,994.09
986.6,996.25,992.17
985.0,995.81,991.7
983.9,995.05,992.73
983.3,995.63,993.67
982.5,994.99,992.55
981.7,994.24,989.4
981.1,994.89,992.69
980.1,993.41,989.7
979.1,994.17,989.97
977.8,993.31,988.11
976.5,992.15,987.23
975.2,995.22,990.09
974.3,991.48,985.15
975.3,992.84,986.72
976.0,992.99,987.69
977.5,993.79,989.64
979.0,995.51,992.81
979.9,995.27,990.94
981.6,995.76,992.72
982.6,996.56,993.6
983.4,997.85,995.28
984.3,998.11,994.89
984.9,998.15,992.37
986.0,999.95,996.83
986.4,1000.66,999.3
986.7,999.99,999.78
986.9,998.73,994.59
987.6,999.63,997.29
988.0,1000.83,999.92
988.6,999.32,995.3
989.5,999.35,997.56
990.5,1000.57,996.98
991.1,1001.07,996.94
991.3,1000.77,997.89
991.4,1000.8,997.34
991.3,1000.35,998.47
991.2,1002.47,1001.22
991.5,1004.71,1000.06
991.2,1002.37,999.85
990.8,1001.47,998.55
991.3,1003.38,1002.68
992.1,1001.24,1002.01
992.8,1001.8,1000.44
993.8,1002.32,1002.17
994.5,1002.3,1002.01
994.9,1002.0,1001.44
995.6,1003.33,1002.03
995.6,1005.54,1001.07
995.8,1004.11,1001.48
995.7,1003.5,1001.52
996.1,1002.82,1001.33
996.7,1003.22,1001.65
997.0,1003.79,1001.16
998.0,1001.88,999.88
998.8,1001.64,1000.99
999.6,1002.6,1001.79
1000.4,1001.87,999.18
1001.0,1001.54,999.97
1001.3,1000.9,1000.3
1001.6,1000.24,999.35
1001.8,1000.73,1000.56
1002.1,1000.26,1000.64
1002.3,999.36,1001.1
1002.3,1000.43,1004.05
1002.5,999.65,1005.16
1003.0,999.76,1005.91
1003.6,999.5,1007.3
1003.8,1000.22,1005.76
1004.3,1001.96,1000.91
1004.5,1002.71,999.3
1004.5,1003.58,998.51
1004.3,1003.56,998.22
1004.0,1003.97,998.06
1003.2,1004.45,997.38
1002.5,1001.32,993.2
1001.9,1001.21,992.08
1001.5,1001.28,991.93
1001.4,1000.34,992.21
1001.3,1000.37,992.02
1001.2,1000.11,991.2
1001.2,999.84,991.33
1000.9,999.58,991.36
1000.9,1000.17,993.47
1000.4,999.4,992.13
1000.3,999.78,992.53
1000.3,1000.26,992.24
1000.1,999.95,992.68
999.2,1000.51,993.8
999.1,1000.9,994.82
998.9,1000.75,997.61
999.0,999.56,996.54
999.3,1000.73,995.17
999.5,1002.3,1000.35
999.1,1002.4,1000.08
998.8,1001.95,1000.77
998.4,1001.07,999.11
997.4,1001.86,1003.1
996.6,1000.99,999.79
995.7,999.83,996.93
995.2,1000.03,997.66
995.2,999.24,995.54
995.4,999.06,997.13
995.8,998.64,997.1
996.1,998.71,998.62
996.6,998.28,995.66
997.3,998.24,993.78
997.7,999.34,995.64
997.9,998.54,993.91
998.4,998.55,994.13
998.6,998.62,993.43
998.7,998.47,994.9
998.7,997.35,993.27
998.9,998.25,995.03
999.1,997.52,992.42
999.3,997.53,993.3
999.7,999.19,996.07
1000.3,999.77,996.91
1000.6,1000.45,1001.2
1000.8,999.78,999.71
1000.8,1000.51,1002.88
1000.2,999.71,1001.61
999.3,1000.18,1001.9
998.7,999.14,1000.08
998.2,998.83,999.55
998.5,999.13,1000.61
998.8,1000.06,1001.13
999.5,997.35,996.89
999.9,996.99,995.32
1000.1,997.26,996.29
1000.5,995.66,994.56
1000.1,996.24,998.19
999.6,995.13,996.62
998.9,996.29,995.59
998.6,994.78,992.98
997.9,995.01,991.64
996.7,995.02,992.79
996.1,995.24,992.26
995.8,995.16,992.26
995.5,995.33,992.52
996.0,995.28,993.63
995.2,994.2,992.07
994.8,994.23,990.35
993.9,994.99,993.6
994.1,994.25,990.89
993.5,995.53,993.75
993.0,996.12,994.1
992.5,995.23,993.95
992.2,995.06,992.97
991.6,994.73,991.44
991.4,995.39,991.95
991.7,991.0,989.13
991.8,994.69,987.53
992.0,993.98,987.23
991.9,993.31,987.16
991.6,991.91,987.04
991.1,994.32,986.95
990.9,992.41,982.61
989.8,990.21,984.19
989.8,992.45,985.72
989.4,989.93,985.3
991.4,991.35,980.88
992.3,992.4,984.25
992.3,994.47,985.67
992.6,994.41,988.1
992.8,994.4,990.61
994.3,993.98,988.24
994.7,993.65,990.18
995.2,994.2,990.02
995.8,995.4,994.8
996.0,996.7,999.96
996.0,995.71,998.57
996.5,996.12,1000.8
996.9,996.44,1000.36
996.5,996.57,999.66
997.4,996.33,998.72
997.4,996.22,996.34
996.9,995.8,994.75
996.4,995.73,996.55
996.8,996.61,996.89
996.7,995.39,994.08
996.8,995.36,993.03
996.5,995.23,992.82
996.4,995.71,992.93
995.5,995.37,993.87
995.2,995.2,993.73
996.0,995.71,994.78
995.7,995.78,994.68
995.9,994.97,994.08
995.7,995.28,996.6
996.1,996.47,999.4
996.0,995.88,997.6
996.4,997.19,1001.18
995.1,996.69,1001.62
995.2,996.66,1001.52
994.4,995.93,1000.48
992.8,996.55,999.7
991.7,997.21,999.99
991.8,995.64,998.54
990.9,995.33,999.86
990.1,995.49,998.42
989.7,995.22,997.42
988.4,994.68,996.09
986.3,994.2,995.29
984.2,995.2,998.05
982.2,993.74,996.28
980.3,992.44,994.32
980.3,992.23,994.72
976.3,990.44,989.94
976.3,990.22,988.12
974.6,992.29,988.77
973.4,991.68,990.44
973.8,990.91,990.28
974.5,992.6,995.56
976.1,992.19,993.23
977.7,993.4,995.43
979.4,994.78,995.87
981.2,994.53,995.18
982.8,996.61,998.73
984.7,996.31,997.21
985.8,997.87,1000.27
987.0,998.45,999.15
987.9,999.1,999.58
988.3,997.82,999.36
989.2,997.03,997.4
990.0,996.15,994.71
990.5,995.75,997.14
991.1,997.29,998.59
991.5,996.22,995.57
992.1,997.02,996.27
992.3,997.33,998.04
992.2,997.41,998.77
992.7,998.35,998.44
993.4,998.71,999.85
993.9,999.19,1000.7
994.3,999.94,1002.78
993.9,1001.17,1002.39
994.5,999.75,1001.44
994.8,999.58,1002.51
994.7,1000.55,1003.63
994.2,998.14,1002.86
993.8,997.33,1000.12
993.3,996.7,999.96
992.6,995.72,998.98
992.2,993.85,999.55
990.6,994.76,997.7
990.7,995.09,995.97
991.8,993.78,994.76
993.3,996.07,998.68
994.4,994.26,994.22
994.6,993.7,993.31
994.4,994.44,993.88
994.3,993.84,992.73
995.0,992.87,991.3
995.4,993.96,994.19
995.5,994.79,995.75
996.2,994.47,994.15
996.5,995.05,995.83
996.9,993.26,993.14
997.6,994.38,996.07
997.9,994.13,997.29
998.7,993.49,997.69
999.5,994.97,997.36
1000.7,995.2,997.46
1001.4,994.66,996.83
1001.3,996.39,999.78
1001.6,997.23,1000.82
1002.2,996.11,997.78
1002.6,997.45,998.39
1002.7,996.58,998.61
1003.5,996.84,997.77
1003.7,997.42,998.56
1004.0,997.83,998.67
1004.2,994.41,997.86
1003.4,995.67,997.64
1003.4,999.01,1001.03
1003.8,998.56,1000.39
1003.8,998.79,1002.28
1004.0,999.28,1001.2
1003.5,999.04,1001.33
1003.6,999.57,1000.9
1003.4,999.56,1001.98
1003.6,998.03,1002.69
1004.1,1000.91,1004.52
1004.4,1001.85,1005.07
1005.0,1001.44,1003.0
1005.4,999.66,1001.86
1005.1,999.01,1000.55
1004.7,1002.07,1003.43
1003.6,1000.67,1002.32
1003.4,999.88,1002.27
1003.0,998.58,999.26
1002.8,997.5,1000.74
1002.5,998.47,1000.01
1001.9,998.41,1000.79
1001.8,997.56,997.89
1001.7,998.41,999.3
1001.2,997.78,996.72
1001.0,998.52,997.8
1001.0,999.82,999.81
1000.1,999.01,996.6
999.5,999.26,996.25
999.2,999.75,997.76
999.1,998.74,995.43
998.9,998.88,996.74
999.5,997.35,994.49
1000.7,999.09,998.33
1001.6,999.77,999.52
1002.6,997.9,997.33
1003.4,998.53,996.36
1003.7,1000.98,998.73
1004.4,1001.39,999.5
1004.6,1003.77,998.97
1004.4,1003.26,999.8
1004.5,1003.28,1000.05
1004.5,1002.17,999.92
1004.7,1001.82,1000.03
1004.9,1001.16,999.94
1005.3,1001.3,1000.33
1005.3,1001.78,1000.14
1005.6,1000.57,999.11
1005.4,1001.4,1000.4
1005.4,999.66,1000.78
1005.3,1000.59,1001.39
1005.0,999.14,999.18
1005.1,998.73,1000.4
1005.5,998.71,1000.5
1005.6,999.75,1000.6
1005.7,999.52,998.69
1005.6,1000.99,999.89
1005.5,1001.56,999.31
1004.6,1001.69,1000.61
1003.6,1003.04,1000.24
1002.6,1001.35,999.0
1001.1,999.6,998.92
999.9,1000.74,996.86
998.5,998.68,998.94
997.9,998.08,997.69
996.5,996.0,993.83
995.4,995.28,991.51
994.2,995.11,991.81
993.3,995.17,989.34
992.7,994.5,989.7
991.0,996.04,991.07
989.8,995.66,987.45
988.3,994.91,987.71
987.4,993.98,987.22
986.5,993.97,990.73
985.9,992.84,987.04
984.8,993.77,987.98
984.5,993.6,988.68
984.4,994.4,989.45
984.5,993.02,988.91
983.2,993.37,990.58
982.9,993.82,992.08
982.2,994.35,990.52
981.7,993.89,991.71
981.3,994.22,992.04
979.5,993.09,993.1
979.1,992.57,992.54
978.1,992.7,993.62
976.7,993.85,991.98
973.3,992.82,990.01
973.3,993.67,991.59
971.7,991.91,989.85
973.5,992.95,991.42
972.4,995.37,997.59
973.8,994.79,996.28
975.1,993.79,992.49
975.4,995.93,992.08
974.7,997.47,996.17
974.4,997.01,993.61
973.8,995.8,990.62
973.9,997.15,994.34
974.9,995.87,991.81
974.2,995.51,989.03
975.3,997.06,993.96
976.7,998.31,996.46
978.5,997.65,995.75
980.2,997.31,994.73
982.5,998.59,995.48
985.3,996.86,992.16
987.7,996.5,990.86
989.4,996.76,991.93
991.1,998.21,997.33
993.2,997.42,995.25
994.9,995.9,994.83
996.0,995.93,995.07
996.9,996.48,998.77
997.7,997.45,999.97
998.6,997.59,999.73
998.6,997.84,999.84
999.1,998.13,999.54
998.9,998.55,999.63
999.1,998.21,997.66
998.5,996.64,996.9
998.6,997.78,997.73
998.5,997.11,996.83
998.5,997.48,997.55
998.4,997.73,999.51
998.3,997.24,999.42
997.7,996.99,995.75
997.4,999.27,1000.39
995.8,997.72,998.18
995.6,999.14,999.69
994.3,998.31,996.23
992.8,998.78,995.37
991.5,999.01,995.69
989.7,997.49,994.67
987.9,996.64,994.18
987.4,995.99,994.73
988.5,994.88,993.9
987.8,995.21,993.14
987.9,995.69,994.89
986.7,994.27,991.95
985.7,994.89,993.06
985.6,994.82,994.22
985.8,995.09,992.6
986.7,994.25,991.74
987.2,994.88,991.46
986.9,994.96,992.91
987.4,996.31,995.95
988.3,998.56,997.79
989.4,998.07,998.09
989.1,998.68,998.05
988.8,999.08,996.34
988.7,998.87,998.81
989.9,999.64,997.32
989.8,999.67,997.29
989.3,1000.01,995.62
989.1,999.76,997.08
989.2,997.44,994.53
988.6,998.52,996.75
988.6,998.44,994.51
988.8,995.29,991.68
988.5,996.34,992.97
988.8,995.97,992.79
989.9,995.94,992.44
990.0,994.65,990.6
990.5,995.27,991.15
990.7,994.6,991.51
990.3,994.65,989.42
990.2,994.05,990.21
990.2,994.85,991.52
990.1,994.07,989.94
990.3,994.19,991.58
990.6,993.93,992.39
990.0,994.51,991.09
990.1,993.9,990.56
989.5,993.55,993.64
988.7,993.91,992.89
988.5,993.77,991.16
988.9,995.38,990.29
986.4,992.8,986.35
985.2,993.24,989.08
986.4,992.15,984.2
985.0,991.45,983.34
984.4,992.27,983.78
983.7,990.95,981.35
982.6,989.33,977.23
982.6,990.34,982.66
982.3,991.06,983.54
982.9,991.36,987.78
981.8,991.3,986.78
980.8,991.18,982.73
980.2,990.23,984.57
981.1,990.56,985.06
980.4,990.27,983.5
979.7,990.76,985.25
980.2,991.34,985.77
980.3,992.15,988.18
979.9,992.01,989.48
981.5,990.72,986.18
982.1,991.86,989.18
979.0,992.45,989.36
979.8,991.08,986.39
980.9,991.73,987.71
981.4,992.52,991.9
983.2,993.89,993.35
985.6,995.28,994.24
987.7,996.86,994.84
989.7,997.58,992.21
991.4,997.82,992.96
993.2,996.71,983.59
994.7,999.43,995.76
996.7,998.42,991.3
998.0,998.29,991.85
999.4,998.37,990.74
1000.1,999.15,993.19
1000.4,998.1,990.83
999.8,999.41,993.62
999.7,998.94,993.11
1000.7,1000.49,995.55
1001.5,1001.06,996.75
1003.4,999.49,994.78
1004.2,999.02,997.06
1005.3,1000.65,1000.56
1005.9,1001.78,1001.53
1006.2,1000.74,998.65
1006.9,1001.86,1001.31
1007.0,1003.14,1001.11
1007.2,1002.38,1000.72
1007.3,1000.77,998.55
1007.0,1001.61,1001.67
1006.3,1001.06,1001.06
1006.5,999.72,998.35
1007.1,998.86,998.01
1007.8,999.87,999.98
1008.2,997.85,996.58
1008.8,998.98,1000.22
1009.4,999.15,1003.97
1009.8,999.87,1002.5
1010.4,999.71,1003.53
1010.8,1000.72,1005.22
1011.3,1000.51,1001.25
1011.9,1000.03,1000.66
1012.1,1000.56,998.09
1012.3,999.31,998.37
1012.8,997.92,997.77
1013.4,998.92,1000.1
1014.1,999.43,1000.89
1014.0,1000.34,1000.45
1014.3,1001.48,1000.41
1014.7,1000.63,999.99
1014.4,1000.76,1001.48
1013.9,1001.14,1001.21
1013.2,1002.35,1000.6
1012.6,1001.9,1001.86
1011.6,1002.2,1001.53
1011.0,1001.03,1001.42
1011.1,999.48,999.05
1010.5,999.53,1000.62
1009.9,999.38,1001.53
1010.1,998.23,999.55
1010.6,997.82,999.92
1010.1,996.65,998.6
1010.1,995.25,996.7
1009.7,996.26,997.2
1009.0,996.75,998.28
1008.4,996.41,999.15
1007.6,996.84,994.28
1008.0,997.67,995.75
1008.5,997.17,995.66
1009.3,997.36,995.88
1009.8,998.13,997.08
1009.5,998.26,998.81
1009.6,1000.56,1001.61
1009.8,1000.12,1002.35
1009.4,1000.75,1001.91
1008.6,1000.79,1001.02
1007.7,1000.53,999.5
1007.0,1000.42,1000.29
1006.9,1000.18,999.02
1006.6,1000.14,999.77
1006.6,999.68,998.67
1006.6,998.28,998.72
1006.6,998.76,997.86
1007.0,998.27,998.67
1007.1,998.36,998.07
1007.0,996.5,996.43
1007.1,996.32,995.82
1007.5,996.04,994.18
1007.8,996.19,994.62
1008.2,996.31,996.22
1008.0,997.99,999.56
1008.6,997.16,1001.36
1009.1,998.38,999.88
1009.8,998.86,999.65
1010.5,999.18,1001.3
1010.3,998.69,999.45
1010.6,999.37,999.41
1010.6,999.74,998.74
1010.0,998.22,992.55
1009.2,998.53,995.2
1009.0,999.7,997.23
1008.5,999.52,997.33
1007.9,999.63,996.9
1007.7,999.68,997.2
1007.5,997.61,994.8
1007.4,996.69,994.17
1007.4,997.69,994.6
1007.8,996.98,996.17
1007.8,997.06,997.36
1007.4,996.95,994.05
1007.4,996.55,997.4
1007.3,997.17,999.94
1007.0,996.32,999.32
1007.0,996.98,997.87
1006.8,998.02,999.05
1007.1,999.44,998.69
1007.6,998.05,998.26
1007.8,998.65,999.93
1008.1,998.12,1000.51
1007.9,998.17,1000.61
1007.8,999.23,999.98
1007.7,999.0,998.92
1007.2,998.5,997.73
1006.5,998.9,997.96
1005.8,999.63,998.17
1005.1,999.01,997.48
1004.7,997.36,995.23
1004.2,998.35,996.82
1004.0,997.39,996.01
1003.7,996.98,995.74
1003.9,997.57,995.17
1004.4,997.13,995.28
1004.4,995.56,994.36
1004.0,995.68,995.64
1003.6,997.04,997.06
1003.3,996.91,996.42
1003.2,997.49,996.93
1002.8,995.47,990.66
1003.0,996.94,993.21
1003.0,996.74,992.9
1003.0,996.38,993.92
1003.2,996.12,992.17
1003.4,996.43,995.86
1003.1,997.14,998.32
1002.9,996.01,995.18
1002.4,995.65,993.77
1001.8,995.27,993.67
1001.2,994.65,991.58
999.9,993.38,992.79
999.2,993.78,993.44
998.4,992.83,993.06
998.0,994.91,995.01
997.4,993.83,993.85
997.2,992.18,991.16
997.2,994.82,993.09
997.3,993.9,992.7
997.0,993.93,992.03
996.8,994.64,992.64
996.6,994.75,992.36
996.1,995.32,994.21
995.7,995.79,992.01
995.6,996.2,993.09
995.6,996.54,991.58
995.7,996.58,990.3
995.8,995.31,989.67
995.9,995.45,992.14
995.5,995.65,994.47
995.4,994.96,994.29
995.0,995.52,994.93
994.3,994.91,994.36
993.1,994.71,994.27
992.5,992.54,991.41
991.4,991.59,991.48
990.9,990.61,987.6
990.5,991.21,988.48
990.0,991.17,990.81
990.0,991.35,990.72
990.7,992.65,991.93
990.9,993.02,992.18
991.1,992.67,992.0
990.7,993.51,992.34
991.0,994.44,992.5
991.4,994.49,991.34
991.6,994.99,990.6
991.5,995.35,990.07
991.5,995.62,990.44
991.6,995.59,990.39
991.8,995.95,988.87
992.3,995.67,991.1
992.6,996.39,992.5
992.8,996.54,993.73
992.9,996.61,994.12
992.5,997.27,995.65
991.8,996.24,995.43
991.1,996.41,994.17
990.2,995.9,993.98
989.5,994.1,993.45
988.6,991.99,992.28
988.3,991.08,992.21
988.0,992.71,992.79
987.9,992.44,993.58
987.9,993.45,993.62
988.6,990.71,994.76
988.6,992.19,993.6
988.6,993.64,992.66
988.7,994.49,994.92
988.7,995.45,995.02
988.7,994.82,995.26
988.6,997.34,994.65
988.9,995.58,992.92
989.5,998.16,990.34
989.6,999.3,990.89
990.2,998.14,993.97
990.3,998.34,996.27
990.1,997.06,998.02
990.0,997.06,997.73
989.8,999.29,996.35
989.2,998.95,997.17
988.5,1000.28,994.91
988.2,1000.8,995.14
987.8,998.29,995.82
987.3,1000.39,994.89
986.9,999.54,993.82
987.0,997.22,993.91
987.1,995.58,992.88
987.2,996.4,993.59
987.5,996.83,993.91
987.6,995.72,994.18
987.6,995.46,993.18
987.5,993.8,992.91
987.5,994.38,991.68
987.2,992.13,989.3
987.3,993.01,990.59
987.5,993.73,991.47
988.0,993.22,990.45
988.2,994.7,993.26
988.7,994.35,994.13
989.0,993.79,993.54
988.9,994.03,993.44
988.4,995.52,997.48
988.0,995.33,996.86
988.3,995.91,996.15
987.2,991.5,992.45
986.6,992.44,992.6
986.5,994.96,996.18
985.7,996.56,994.38
985.3,995.82,994.89
985.1,993.98,993.87
985.2,992.58,995.92
985.2,995.52,995.54
985.1,993.01,996.43
984.2,994.01,995.46
984.6,993.31,994.06
984.5,994.15,995.53
983.1,994.7,992.35
982.0,994.04,991.71
982.0,994.35,992.18
981.3,996.02,993.26
980.9,994.81,993.31
981.0,995.64,994.25
981.1,995.27,992.23
980.4,995.71,992.11
980.4,995.93,993.25
980.8,995.43,990.97
981.2,994.92,986.6
981.6,996.64,991.64
982.0,997.59,995.14
982.4,997.07,994.81
982.6,996.99,994.33
982.8,995.77,990.33
982.9,996.98,991.97
982.4,995.93,989.08
982.0,995.26,987.75
981.6,996.5,992.72
981.0,994.62,991.57
980.3,993.68,985.46
979.8,997.59,994.72
979.3,994.71,990.7
978.9,995.5,990.57
978.9,996.22,993.76
978.9,994.47,991.24
978.8,994.57,991.19
979.3,994.19,994.31
980.0,994.41,995.54
981.5,998.0,998.05
982.5,996.8,996.99
983.3,995.83,995.18
983.6,998.55,996.87
984.2,997.83,992.86
984.5,998.8,995.83
985.3,997.09,991.82
986.0,997.57,993.27
986.8,997.11,992.89
987.4,997.97,996.9
987.9,997.86,998.31
988.6,997.49,996.47
988.9,996.51,993.47
989.3,997.75,995.63
989.5,998.9,998.94
990.0,997.33,999.41
989.9,998.39,999.54
990.0,997.56,996.98
990.4,997.24,999.19
990.4,996.67,997.59
990.8,998.34,1001.65
991.4,997.8,999.69
991.9,999.03,1000.99
992.1,999.89,1001.26
992.8,1000.29,999.31
993.4,1001.16,1001.32
993.2,1001.42,1001.36
993.2,1000.16,998.67
992.9,1000.37,999.33
993.1,999.3,996.56
992.7,999.59,993.34
992.7,998.46,994.95
993.1,998.3,994.44
993.3,998.49,996.84
993.6,997.96,996.7
994.7,999.83,997.8
995.1,998.39,997.72
995.3,997.5,995.29
995.8,997.7,996.34
995.5,997.09,995.7
995.3,996.83,994.87
994.9,997.47,996.46
995.2,997.03,995.95
995.3,996.7,995.15
995.5,997.42,996.69
996.0,996.91,996.38
995.6,996.82,994.76
996.0,997.43,997.21
995.8,997.75,997.47
995.1,996.85,997.34
993.6,997.34,998.16
992.4,998.5,999.19
992.7,998.18,999.36
991.4,998.14,998.89
988.7,996.15,994.9
989.3,997.06,997.08
989.9,995.63,996.17
991.5,996.48,994.13
992.3,995.49,994.33
991.9,992.81,995.98
992.0,994.39,994.18
991.8,996.49,997.04
991.1,994.63,991.34
990.8,993.81,989.41
990.3,993.31,986.45
990.1,993.76,986.57
990.3,993.32,987.38
989.8,993.79,988.85
989.2,991.43,986.09
989.4,992.14,987.42
989.7,993.07,991.27
989.2,993.28,992.04
989.2,993.51,992.32
988.3,991.99,989.03
989.4,993.62,991.56
987.6,994.21,994.55
987.3,995.24,996.64
986.4,993.69,993.36
985.9,992.5,992.68
985.6,991.27,989.69
985.6,992.28,992.92
985.5,992.48,991.84
987.4,993.63,994.92
988.1,993.85,994.08
989.6,995.1,994.47
991.0,994.79,991.79
992.2,995.8,990.13
992.9,997.72,992.01
993.0,996.59,990.03
993.3,996.88,992.16
993.4,997.15,990.55
993.2,998.08,992.04
993.5,997.81,991.79
993.7,998.41,996.47
993.7,999.35,996.71
993.6,998.9,997.4
993.3,999.12,996.74
993.3,998.92,998.51
992.7,998.34,999.05
991.8,998.37,999.52
991.4,999.58,1000.35
990.8,999.14,999.83
989.6,997.99,997.42
988.9,996.04,996.36
989.1,995.83,994.53
989.1,997.4,997.18
989.8,997.99,995.98
990.2,997.94,992.96
990.7,998.53,994.28
990.3,998.44,993.5
990.3,999.27,996.01
990.3,999.36,996.26
989.7,999.48,995.83
989.3,998.94,996.82
989.2,999.24,997.85
989.0,999.32,1000.12
988.7,998.36,1000.02
988.8,998.46,1001.62
989.0,999.21,1001.16
988.9,998.24,999.08
988.9,998.42,999.02
989.1,1001.68,1001.36
989.5,998.01,998.6
989.8,997.79,997.16
990.0,999.96,1001.22
989.8,1000.4,1000.63
990.2,1000.74,1000.54
990.7,999.03,995.67
991.6,997.82,997.31
991.8,997.65,996.97
992.2,997.34,995.01
992.6,996.24,995.16
992.6,996.81,996.77
992.7,996.43,998.97
992.8,996.81,1000.61
993.0,996.59,1001.26
993.2,998.14,1001.26
993.6,996.28,999.23
994.2,997.25,1001.67
994.5,996.66,1003.24
994.7,996.72,1001.01
995.5,996.3,1001.2
995.9,997.41,1001.23
996.3,998.21,1001.65
996.7,999.59,1002.4
997.0,999.52,1000.4
997.3,999.05,999.88
997.3,999.22,999.55
998.0,997.92,994.41
997.9,999.68,998.49
998.1,998.2,997.49
998.5,999.42,999.16
998.8,997.72,999.01
999.2,999.28,1000.8
999.6,999.77,999.82
1000.0,998.15,1000.33
1000.1,998.52,1001.53
1000.0,997.66,1001.55
999.9,997.99,1000.64
1000.0,998.53,1000.08
999.8,998.75,1003.02
999.8,999.16,1003.24
999.7,998.69,1001.57
1000.0,998.47,1000.54
1000.4,997.95,998.32
1001.1,999.16,999.39
1001.5,999.88,999.47
1001.6,999.2,1000.59
1001.7,1000.95,1001.56
1001.8,1002.57,1002.23
1001.5,999.62,999.71
1000.9,1001.37,1001.54
1000.5,1002.23,1000.8
1000.3,999.98,996.24
999.9,999.87,998.01
1000.1,998.86,996.57
999.9,998.25,996.38
999.7,998.51,997.27
999.6,998.02,994.87
999.8,997.79,996.18
999.9,998.45,997.1
999.3,997.48,995.78
999.4,997.28,995.5
999.5,996.68,994.44
999.2,997.38,994.76
998.9,996.8,994.8
999.3,996.5,992.77
999.2,995.51,994.69
999.2,996.63,994.08
999.7,994.91,993.39
999.8,994.97,995.66
1000.0,995.57,996.25
1000.3,994.47,996.77
1001.0,995.25,997.7
1001.1,996.64,999.98
1001.1,996.31,1000.99
1001.5,995.09,997.94
1001.7,995.78,999.81
1001.8,995.25,998.08
1002.0,995.77,999.26
1002.1,995.55,999.6
1002.1,996.04,1000.6
1002.3,997.02,1001.68
1002.7,997.34,1002.06
1003.1,996.64,1001.57
1003.1,996.19,1000.16
1003.4,995.54,998.23
1003.7,996.32,1000.44
1003.4,995.67,999.52
1003.4,996.02,1000.66
1003.5,994.93,999.82
1003.7,994.44,997.12
1003.9,994.91,997.59
1004.4,995.79,1000.21
1005.3,997.99,1002.18
1005.2,998.74,1001.44
1004.9,999.23,1002.5
1004.9,999.68,1003.52
1004.9,999.88,1003.68
1005.0,1000.75,1003.86
1004.6,1000.02,1003.73
1004.5,1000.18,1003.19
1003.6,999.39,1002.73
1002.9,997.94,1000.31
1002.5,997.96,1000.81
1002.0,998.19,1001.22
1002.1,997.55,1001.43
1001.8,995.36,997.5
1001.7,996.79,999.34
1001.5,995.52,996.83
1001.4,996.37,998.15
1000.6,996.19,996.3
1000.1,995.66,995.16
999.5,996.48,995.91
999.6,996.87,995.96
999.4,997.11,995.7
998.9,997.62,996.56
998.5,997.88,997.65
998.0,997.99,998.05
997.8,999.16,999.18
997.1,998.5,997.87
996.3,998.77,997.15
995.7,998.71,997.03
995.3,998.52,997.86
994.6,998.44,998.21
993.5,997.24,995.97
992.5,999.12,999.23
991.7,997.54,995.79
991.5,997.57,996.39
991.3,997.41,996.81
991.4,996.23,996.54
991.7,996.76,995.36
992.1,995.63,996.37
991.7,996.9,996.47
991.1,996.48,996.39
990.6,994.3,996.4
990.3,997.32,997.27
989.8,996.91,995.91
989.5,997.7,996.54
989.3,997.73,995.45
989.6,996.73,996.54
989.9,998.49,997.5
989.9,997.72,995.73
990.3,996.82,995.62
990.5,997.94,997.01
990.7,998.48,998.56
990.4,998.23,998.79
990.1,997.46,998.3
990.1,998.02,997.91
989.6,997.63,997.48
989.5,996.96,996.85
989.3,997.11,997.27
989.3,998.16,998.14
989.7,997.9,997.85
989.4,996.3,996.85
989.2,997.02,996.77
989.0,997.67,996.62
988.8,997.61,996.38
988.2,997.61,997.08
987.5,997.68,998.14
987.1,998.15,999.02
986.6,997.29,1000.24
986.0,997.71,998.54
986.0,993.38,998.68
985.6,996.47,999.46
985.7,996.95,999.75
984.7,997.21,999.66
984.2,997.16,1001.13
983.5,997.89,996.92
982.9,996.7,997.04
982.4,993.57,994.84
982.3,994.03,993.17
982.1,996.56,995.69
981.2,995.72,993.05
981.0,997.07,995.6
981.5,996.23,994.83
981.6,997.31,996.8
981.7,996.79,996.48
981.7,997.01,995.22
981.8,997.62,995.18
980.9,996.82,994.85
980.5,996.42,992.66
979.3,997.08,994.03
978.8,996.56,994.86
978.5,996.7,995.04
978.2,996.58,995.95
977.4,995.55,992.41
977.0,995.1,994.31
976.6,996.41,996.26
976.2,997.19,997.42
975.7,998.06,996.56
975.2,997.3,994.06
975.3,997.37,995.35
975.1,996.72,997.05
975.1,997.47,997.23
975.8,996.57,996.85
976.2,996.23,994.55
976.5,995.04,995.68
976.5,995.46,994.47
976.4,996.48,995.93
976.6,996.01,995.52
976.6,995.34,993.48
976.5,995.52,993.71
976.3,995.4,994.84
976.2,996.74,996.5
976.1,995.44,994.01
975.6,994.7,992.92
975.0,996.22,996.77
974.8,994.74,994.11
974.5,995.51,995.0
974.5,996.1,996.22
974.3,994.86,994.53
974.2,994.43,992.91
974.2,993.86,988.75
974.3,994.96,993.59
975.2,993.95,990.65
975.4,995.22,996.0
976.0,996.1,997.87
976.5,994.49,995.78
977.0,994.01,992.35
977.0,993.64,991.16
977.4,993.22,990.74
977.6,993.87,991.34
977.7,994.52,992.41
978.1,994.95,993.39
978.5,995.48,993.7
978.7,995.91,992.94
978.7,995.24,991.09
978.9,997.11,994.76
979.1,996.64,995.2
979.1,996.23,993.49
978.8,997.39,995.85
979.4,997.39,995.96
979.7,996.32,994.36
980.3,996.49,994.42
980.8,996.7,996.65
980.8,995.8,991.61
980.7,997.64,995.98
980.6,997.14,995.65
980.8,996.99,994.62
980.7,998.01,997.46
980.9,996.79,995.57
981.9,998.58,999.76
982.4,998.9,999.12
982.8,998.21,997.78
983.3,996.91,996.33
984.2,998.62,997.78
985.1,997.85,996.73
986.1,997.62,995.45
986.8,996.52,994.36
987.4,996.53,993.86
987.7,996.39,992.47
988.3,995.57,992.1
988.7,996.93,995.49
988.9,994.42,995.46
989.2,994.22,998.74
990.0,996.53,1001.7
990.4,994.95,996.83
990.8,995.25,995.21
991.7,995.82,996.88
992.4,996.01,998.23
992.8,996.65,999.88
993.2,997.4,1000.27
993.4,997.61,1001.23
993.7,998.99,1002.27
993.6,998.68,1001.39
993.2,999.07,1001.72
993.0,998.09,1001.83
993.1,997.76,1000.76
993.0,996.54,998.06
992.9,996.38,996.27
993.1,995.83,995.48
993.3,996.17,996.52
993.5,996.52,995.01
993.7,996.12,994.1
993.6,995.9,993.84
993.7,996.99,994.38
993.7,996.88,994.78
993.6,993.32,993.23
993.7,996.04,994.36
993.8,995.28,993.82
993.8,995.47,993.9
994.3,996.14,995.33
995.1,997.14,996.95
995.2,998.9,997.91
995.4,997.57,999.54
995.3,998.03,997.2
995.5,998.93,994.76
995.1,998.45,994.48
994.9,998.68,994.61
994.7,997.65,992.72
994.3,997.63,995.09
993.9,996.48,993.23
993.8,996.11,994.37
993.7,995.78,993.43
993.9,997.21,995.35
994.1,994.86,993.81
994.0,995.45,994.99
993.8,995.71,995.15
994.1,994.86,993.42
994.1,994.82,994.92
994.3,994.68,993.44
994.7,996.08,996.25
995.1,996.51,996.27
995.3,996.31,998.53
995.6,996.03,996.86
996.9,996.38,996.55
997.3,996.11,997.77
997.3,996.5,998.21
996.9,996.91,999.19
996.7,996.73,998.57
996.6,996.68,998.71
996.2,999.05,999.25
995.8,999.34,997.05
995.7,995.43,996.6
995.4,994.53,994.83
995.3,994.75,994.9
995.2,995.8,996.87
995.2,995.62,996.55
995.4,995.36,995.91
996.2,994.36,995.63
996.6,994.77,995.45
996.6,995.93,996.86
996.9,996.12,995.8
997.5,995.91,995.97
998.3,995.41,996.69
997.9,996.59,995.85
998.1,996.41,995.21
998.3,995.86,995.22
998.1,996.82,996.3
998.2,995.49,995.23
998.6,996.51,996.35
998.5,996.74,996.79
998.2,996.92,997.41
998.0,996.22,996.16
998.1,996.93,997.81
997.8,996.77,999.95
997.2,996.58,992.44
996.9,996.67,992.12
995.9,997.46,997.48
994.3,997.49,998.8
993.9,996.79,997.19
993.3,997.04,996.37
992.8,995.74,996.41
992.9,992.26,992.11
993.3,992.45,992.1
993.0,993.38,992.32
992.9,992.4,992.51
992.7,993.4,994.24
991.2,994.3,995.62
989.4,992.85,993.98
988.6,992.56,993.8
989.1,991.52,992.15
989.6,992.67,993.27
989.5,991.63,992.45
989.8,993.03,993.53
990.4,992.35,992.98
991.7,992.98,992.99
991.8,993.4,994.37
991.7,995.82,995.91
991.6,996.98,997.53
991.9,995.83,996.91
991.8,995.25,993.74
991.6,996.26,994.11
992.1,996.68,993.48
991.5,996.16,994.73
991.9,996.61,995.38
993.1,995.31,991.62
993.7,992.56,990.59
995.8,994.79,993.97
993.3,994.21,993.24
990.7,995.04,995.96
991.4,996.04,993.76
992.0,994.89,991.72
992.6,993.33,991.11
992.6,994.98,991.01
993.0,994.43,992.35
993.9,994.43,993.26
994.1,995.15,994.45
993.1,994.22,993.03
993.1,995.57,993.29
993.5,994.42,988.96
993.5,993.86,987.31
993.6,994.09,987.79
993.7,991.41,988.34
993.9,992.91,988.5
993.6,993.75,988.32
993.5,993.76,988.95
994.5,991.55,985.96
995.4,993.73,989.7
995.5,993.38,990.33
995.8,992.24,989.49
995.4,989.78,990.34
995.8,991.93,988.93
996.5,992.88,990.18
996.8,993.28,991.51
997.3,993.67,989.67
997.4,993.32,988.76
997.6,992.85,988.82
997.6,993.98,988.34
997.8,993.41,989.87
999.1,992.54,989.83
999.5,994.21,991.66
1000.8,994.24,992.12
1001.3,994.04,992.87
1001.5,994.8,994.12
1001.9,996.66,993.77
1001.9,996.49,993.58
1001.5,997.03,994.22
1001.6,997.22,993.57
1001.6,996.68,992.87
1000.8,996.31,993.03
1000.4,995.37,991.91
1000.2,995.91,992.54
1000.3,994.24,995.83
1000.4,993.98,995.19
1000.8,995.71,994.68
1000.9,995.25,995.29
1000.8,995.74,996.17
1001.0,996.61,994.96
1001.4,995.72,995.1
1001.6,996.32,994.99
1001.2,995.63,994.4
1001.0,994.21,995.71
1000.8,994.09,995.63
1001.6,995.35,996.4
1002.5,996.14,996.73
1002.6,996.44,998.45
1002.7,997.4,999.68
1002.6,997.8,999.18
1002.5,997.75,998.4
1001.8,997.85,997.88
1001.2,997.5,998.24
1000.8,997.39,996.69
1000.4,997.9,997.72
999.9,998.63,996.32
999.6,997.06,997.11
999.1,997.08,997.06
998.7,997.12,997.43
998.8,996.56,998.55
999.1,995.24,998.1
999.4,994.21,993.08
999.2,994.07,994.01
999.0,993.44,992.92
998.7,994.69,995.88
998.4,994.17,996.99
998.5,994.28,997.99
998.6,993.97,998.26
998.1,995.91,997.58
998.8,995.54,998.56
999.1,994.47,996.61
999.4,995.36,998.47
999.4,995.81,998.05
999.2,997.23,999.34
999.2,998.46,999.28
998.7,999.53,998.04
998.3,999.23,997.76
997.7,998.66,996.66
997.2,997.45,996.81
996.5,997.15,995.74
996.3,995.8,994.04
996.1,995.68,994.8
996.2,995.73,994.11
996.3,995.75,994.54
996.4,996.58,994.99
996.4,997.15,994.72
995.9,996.78,994.13
995.7,995.22,994.25
995.6,994.45,994.53
995.5,993.27,992.06
995.2,993.77,994.17
995.3,993.81,994.32
995.5,997.49,995.21
996.1,997.14,995.14
996.4,997.23,995.9
996.7,996.61,997.32
996.8,996.29,996.02
996.8,995.35,995.67
996.6,996.14,996.37
996.7,996.78,995.67
996.4,995.8,993.76
996.1,994.96,993.32
995.9,995.9,994.6
995.9,995.6,994.67
995.9,996.04,995.23
996.1,993.02,993.08
996.4,991.17,993.0
996.4,994.96,991.22
996.4,994.42,991.04
996.5,994.87,993.65
996.6,994.81,992.79
996.5,995.48,994.94
996.4,994.98,993.08
996.2,994.37,993.91
996.9,994.09,992.64
997.2,993.09,989.9
997.7,994.92,992.09
998.5,994.45,990.82
998.7,993.69,992.22
999.0,994.32,992.04
999.4,994.24,990.98
999.9,993.45,989.81
1000.4,994.13,989.44
1000.6,992.43,989.46
1000.4,994.13,993.72
1000.5,994.0,991.21
1000.7,994.84,991.83
1000.9,993.83,991.14
1001.0,994.07,991.7
1000.9,993.97,991.94
1001.2,994.07,990.9
1002.1,994.58,991.02
1002.7,994.45,991.16
1002.8,994.82,993.92
1003.2,993.96,993.98
1003.2,995.19,993.72
1003.4,994.23,994.47
1003.6,994.23,993.49
1003.8,994.89,992.0
1003.6,995.62,992.72
1003.9,993.89,992.76
1004.2,993.92,992.68
1004.5,994.02,989.86
1005.4,995.26,992.23
1006.1,995.73,995.53
1006.1,996.36,996.69
1006.9,996.99,997.07
1007.0,996.61,997.15
1006.6,996.15,997.14
1006.8,995.38,996.5
1007.3,995.04,996.07
1007.2,996.31,997.59
1006.9,995.82,997.24
1007.4,994.85,995.68
1007.2,994.79,995.59
1007.6,993.13,994.97
1007.9,995.23,997.86
1008.0,994.36,996.84
1008.4,995.27,996.49
1007.9,995.39,996.53
1007.9,996.6,997.36
1007.8,995.95,995.84
1007.6,996.79,996.17
1007.3,995.97,996.8
1007.1,995.9,995.55
1007.3,997.1,997.97
1007.4,996.81,996.97
1007.5,996.9,997.18
1007.5,997.69,998.2
1007.4,998.74,999.76
1007.3,998.83,999.3
1006.9,998.96,999.39
1006.1,999.37,999.05
1005.2,998.41,998.94
1004.4,998.88,999.08
1003.4,997.89,997.93
1002.6,998.16,997.47
1001.5,997.21,996.8
1001.1,998.03,998.02
1000.6,998.04,998.97
1000.0,997.1,997.37
999.9,998.16,999.16
998.9,997.02,999.02
998.0,994.73,998.73
997.5,997.08,997.92
996.8,996.2,998.43
995.8,997.13,992.86
995.3,996.65,991.99
994.6,996.28,992.51
994.2,995.6,992.82
993.9,996.01,994.52
993.3,995.71,995.45
991.6,992.92,993.3
990.8,992.5,992.1
989.7,993.46,991.95
989.3,994.78,994.85
989.0,994.89,994.49
988.5,994.96,995.04
987.9,994.76,993.63
989.0,997.07,995.65
989.6,997.03,994.01
990.9,995.19,990.94
991.6,995.92,990.85
992.3,995.96,991.09
992.7,995.47,991.39
992.9,994.89,992.72
993.2,995.08,992.69
993.3,995.11,995.61
993.7,994.41,993.25
994.1,994.21,994.98
994.6,994.1,994.89
995.1,995.54,996.61
995.9,995.9,996.79
996.4,996.28,997.15
996.8,996.69,997.27
997.4,997.12,997.0
997.4,997.43,996.71
997.1,997.93,997.11
997.0,996.98,996.95
997.1,997.31,998.87
996.7,997.24,999.57
996.5,996.23,997.98
996.2,995.95,996.48
996.4,995.32,995.25
996.8,995.72,996.92
997.2,995.98,997.97
997.6,995.99,996.84
997.6,995.95,995.32
997.5,995.29,995.79
997.0,995.49,995.55
997.0,995.39,993.45
997.1,995.11,994.39
997.0,995.0,994.16
997.0,995.5,993.45
997.3,996.55,995.5
998.0,997.61,994.3
998.2,997.32,993.98
998.2,997.76,996.81
998.4,997.38,995.9
998.7,998.02,997.91
998.2,998.51,997.29
997.8,999.2,996.24
997.1,999.13,996.82
996.4,998.14,996.31
995.7,997.47,995.83
995.3,996.89,994.06
994.9,996.75,994.99
994.3,995.84,994.35
993.9,996.36,995.3
993.7,994.52,995.39
994.0,992.94,994.04
993.5,993.05,990.42
993.5,993.5,993.05
992.8,993.37,994.49
992.5,994.48,996.33
992.1,993.64,995.21
991.9,993.75,997.32
991.8,994.74,996.25
992.9,994.67,996.55
992.8,994.33,996.68
993.0,994.34,996.69
993.2,993.99,995.48
993.2,993.28,993.63
993.4,993.7,995.5
993.4,994.3,995.83
993.5,994.93,995.04
993.2,993.95,994.87
993.1,994.11,997.13
993.3,994.19,995.5
995.2,996.03,994.21
995.7,997.79,995.74
997.1,997.14,994.79
997.7,996.56,994.92
998.1,997.53,994.4
997.9,997.52,997.15
997.8,997.56,997.26
997.9,996.38,995.77
998.1,997.08,996.95
998.7,996.33,998.79
998.9,996.53,998.02
999.6,995.51,995.64
1000.3,996.42,997.86
1000.5,997.45,999.98
1000.6,997.01,1001.19
1001.0,997.56,1001.22
1001.0,997.41,1000.37
1001.3,998.08,1000.83
1001.3,999.03,1000.87
1001.1,999.18,1001.44
1001.1,999.37,1002.34
1000.4,997.96,1000.32
1000.2,996.96,997.58
999.8,996.76,996.23
999.7,995.79,995.59
999.3,992.76,996.09
999.5,992.52,997.92
1000.3,994.42,997.84
1000.2,994.65,998.73
1000.3,994.26,999.01
1000.3,994.48,997.89
1000.2,995.38,998.42
1000.2,994.89,995.99
1000.1,994.88,995.94
1000.2,995.72,994.15
1000.6,995.08,995.77
1000.9,995.28,995.56
1001.0,995.52,996.64
1001.2,994.49,996.47
1001.1,994.44,995.23
1000.8,996.09,997.01
1000.5,996.74,996.36
1000.2,996.74,995.68
1000.0,997.42,996.48
999.7,998.67,999.11
999.0,997.21,996.61
998.7,995.87,993.73
998.6,995.67,993.51
998.6,996.22,996.14
998.7,995.58,994.69
999.0,995.1,995.75
999.4,995.25,996.28
999.4,994.67,995.12
999.4,995.25,995.95
999.4,996.03,996.84
999.1,995.61,995.58
999.1,995.73,996.72
999.1,996.73,995.49
999.5,993.94,995.87
999.8,995.92,995.93
1000.4,997.62,995.33
1000.7,997.15,996.67
1000.7,997.59,997.63
1000.7,999.63,998.65
1000.7,999.72,998.23
1000.5,999.46,998.42
999.9,1000.49,998.34
999.7,997.7,996.78
999.2,997.58,996.7
999.1,996.67,997.68
998.7,995.77,996.13
998.6,994.77,993.47
998.7,995.41,995.75
998.9,995.03,996.46
999.0,996.24,996.83
999.1,994.47,994.86
999.0,995.2,996.85
999.2,995.2,997.25
998.8,994.26,996.03
998.8,993.77,994.11
999.0,994.71,996.69
999.0,993.74,995.96
999.4,995.08,998.26
1000.1,994.39,998.87
1000.1,995.87,999.01
1000.3,995.06,999.77
1000.3,997.34,998.9
1000.3,997.64,998.81
999.9,998.14,997.79
999.6,998.81,996.31
999.0,996.93,995.74
998.9,997.85,996.37
998.6,997.37,995.8
998.3,997.11,995.42
998.1,995.77,995.35
998.0,996.64,995.11
998.1,994.97,994.45
998.3,994.42,993.87
998.6,996.07,994.82
998.7,994.68,994.3
998.6,993.59,993.56
998.9,993.65,994.01
998.6,993.48,995.42
998.7,995.19,995.76
998.9,993.05,994.8
998.9,992.82,993.8
999.1,995.71,999.19
999.7,995.46,999.83
1001.6,996.66,996.92
1002.5,995.92,994.15
1002.8,995.8,995.13
1003.3,994.76,993.17
1003.5,995.52,994.91
1003.3,995.69,994.85
1003.1,995.63,996.63
1002.9,995.1,995.67
1002.7,995.36,996.65
1002.5,994.42,995.77
1002.3,994.29,994.03
1002.1,994.2,994.71
1002.0,993.78,993.87
1002.1,993.94,997.7
1002.6,994.29,998.99
1002.9,994.5,999.98
1003.2,995.13,997.83
1003.6,994.95,997.68
1003.7,994.25,995.46
1003.9,994.6,998.29
1004.3,995.15,996.91
1004.3,995.49,996.83
1004.9,995.81,992.89
1005.1,996.27,997.17
1005.9,997.88,998.21
1005.9,997.37,997.09
1005.9,997.36,998.13
1006.4,999.13,999.26
1006.5,998.56,999.88
1006.3,999.11,1000.6
1006.2,998.7,1000.96
1005.7,998.32,1000.33
1005.1,997.98,997.8
1004.8,995.64,998.5
1004.6,995.65,998.25
1004.6,995.64,998.58
1004.7,995.59,998.1
1004.9,996.21,1001.76
1004.9,996.57,1000.55
1004.9,994.61,997.31
1005.0,994.6,997.5
1004.8,996.01,997.23
1004.8,992.9,996.47
1005.1,995.02,996.31
1005.5,996.12,997.04
1006.0,994.83,997.37
1006.6,997.15,1000.25
1007.3,996.95,999.85
1007.8,997.41,999.65
1008.1,998.6,998.91
1008.2,998.03,999.41
1007.9,998.33,999.09
1007.9,998.93,999.27
1007.5,999.24,999.25
1007.3,999.15,999.65
1006.6,998.65,998.61
1005.9,998.65,998.02
1005.4,997.28,996.53
1005.2,997.78,997.28
1004.9,997.43,997.13
1004.6,997.61,997.75
1005.3,998.08,996.43
1005.3,996.09,996.98
1005.0,993.99,997.19
1004.8,997.16,998.38
1004.7,997.59,998.91
1004.6,997.99,1001.33
1004.6,996.9,998.67
1004.9,996.17,998.29
1005.5,995.86,999.13
1006.2,996.54,998.31
1006.4,996.43,999.22
1006.3,997.81,1000.34
1006.0,998.2,1000.47
1005.8,998.82,1000.78
1005.5,999.42,1000.73
1004.9,998.37,999.34
1004.5,997.93,998.83
1004.2,996.31,996.89
1003.6,998.27,998.77
1003.2,996.72,997.86
1002.8,995.73,997.22
1002.6,994.55,998.15
1002.7,995.44,998.83
1002.8,996.89,999.16
1002.7,996.37,998.49
1002.6,995.86,998.7
1002.3,993.94,999.65
1001.8,995.01,999.86
1001.2,997.23,1001.25
1000.6,996.02,1000.32
1000.4,996.46,997.53
1000.6,995.96,997.66
1001.1,996.1,998.62
1001.5,996.29,997.82
1001.5,996.91,999.16
1001.3,997.74,1000.37
1001.3,998.71,1000.15
1001.1,997.8,999.03
1000.8,998.02,999.74
1000.2,998.08,999.13
999.9,996.19,995.81
999.4,998.54,999.06
998.8,997.37,996.22
998.2,996.15,994.62
997.5,995.52,997.14
997.1,996.43,997.73
997.5,995.8,997.33
997.7,995.39,997.52
997.7,996.23,998.09
997.5,996.74,998.0
997.2,994.9,998.35
996.7,997.35,998.8
996.7,996.77,999.29
996.4,993.15,999.23
996.4,992.67,998.6
996.6,994.1,998.11
997.0,995.04,998.56
997.3,994.66,997.95
997.5,996.61,999.46
997.5,996.63,999.0
997.5,997.63,999.42
997.0,998.21,999.07
997.1,996.73,998.15
997.0,996.48,997.27
996.2,997.95,998.53
995.7,998.35,999.26
995.2,996.36,997.29
994.9,996.72,997.6
994.7,995.01,997.64
994.6,992.95,997.57
995.1,993.1,997.8
995.4,995.97,998.24
995.4,994.56,997.98
995.1,994.06,998.01
995.2,995.53,999.48
994.6,995.21,999.61
994.4,995.25,997.78
994.6,994.74,996.4
994.6,992.31,997.08
995.0,994.79,996.72
995.7,995.29,997.79
996.0,997.0,998.81
996.2,996.46,998.39
996.2,998.34,999.14
996.4,997.21,998.53
996.0,997.72,999.92
995.4,997.01,997.68
994.8,998.39,999.49
994.3,998.22,1000.28
994.2,996.31,998.35
993.8,995.41,995.8
993.6,995.74,997.41
993.2,995.82,997.43
993.4,995.07,996.93
993.7,994.88,996.88
994.5,994.63,997.68
994.6,994.61,997.86
994.3,995.77,998.29
994.0,995.87,998.34
993.5,995.25,996.86
993.6,992.48,994.33
994.1,992.49,993.1
994.8,991.9,993.57
995.3,993.13,995.29
995.6,994.74,996.88
995.9,994.35,996.36
995.9,994.18,995.93
996.1,995.88,996.98
996.1,995.02,997.06
995.6,995.1,996.03
994.9,995.15,996.07
994.9,993.44,993.79
994.7,995.97,996.49
994.9,994.35,995.01
994.6,992.85,992.45
994.3,994.77,994.64
994.7,989.76,992.79
995.1,993.35,993.65
995.6,992.18,993.13
995.3,993.15,993.24
995.3,993.63,993.49
995.4,991.89,993.59
995.4,992.07,995.22
995.8,994.98,993.8
996.1,995.2,992.92
996.5,994.81,993.67
997.1,991.54,994.06
997.6,991.84,994.88
997.9,994.5,993.32
998.0,995.58,996.2
998.0,995.54,995.54
998.2,995.89,995.54
998.0,997.56,995.36
997.7,996.13,995.14
997.1,995.77,994.05
996.7,995.96,993.8
996.5,995.2,993.68
996.7,993.42,992.19
996.6,994.99,993.7
996.5,992.27,993.29
996.7,995.32,994.49
997.2,995.66,994.11
997.7,994.89,993.78
998.1,993.44,993.22
997.9,991.27,995.58
997.7,993.64,995.26
997.8,992.57,995.9
997.7,992.72,996.17
997.4,994.87,996.13
997.8,991.67,995.25
998.2,994.17,993.8
998.3,995.83,995.61
998.4,995.94,996.52
998.8,996.75,997.02
998.6,995.93,997.84
998.7,997.4,999.02
998.5,996.78,998.08
998.0,997.32,998.42
997.7,995.3,996.59
997.1,996.47,997.76
996.4,995.18,997.43
996.2,996.11,996.17
995.7,994.11,994.37
995.7,993.74,995.56
995.7,993.26,995.69
996.3,992.52,996.78
996.8,994.23,995.89
996.8,993.21,996.34
996.8,991.76,996.92
996.4,991.56,997.22
996.0,994.26,997.55
995.8,994.22,997.05
995.9,993.05,996.59
996.0,994.61,997.16
996.6,994.53,996.17
996.9,995.16,996.2
997.1,996.19,997.24
997.3,996.07,997.64
997.4,997.01,997.31
997.6,997.13,998.7
997.4,997.01,997.3
997.3,997.64,998.77
997.3,996.92,998.02
996.6,996.13,998.66
996.2,996.54,998.94
996.5,995.13,997.11
996.0,994.47,995.98
995.9,993.89,995.54
995.9,995.18,997.33
995.7,992.83,993.95
995.9,993.71,996.17
995.9,993.18,994.85
996.2,993.46,995.78
996.4,993.41,996.65
996.1,994.19,996.79
996.2,993.38,996.44
996.2,994.16,997.23
996.5,995.12,996.77
996.8,994.13,996.27
997.3,995.2,997.03
998.0,996.0,997.42
998.3,997.28,998.24
998.8,996.37,998.64
999.1,997.13,998.25
999.0,997.29,997.94
998.5,997.56,998.39
998.3,997.32,999.42
998.0,996.21,998.57
997.4,996.15,998.41
997.2,995.22,996.91
996.8,995.45,997.85
996.9,994.44,996.46
997.2,995.16,998.13
997.4,994.22,996.28
997.8,995.09,997.4
997.8,993.68,996.71
997.8,995.52,997.31
997.3,994.63,998.03
997.1,995.14,998.46
997.2,994.02,996.19
997.3,993.9,995.43
997.5,993.79,994.78
997.7,995.42,996.21
998.2,994.45,996.1
998.6,995.17,996.41
998.5,994.62,995.89
998.6,995.49,996.14
998.3,997.12,997.73
998.0,997.97,999.76
997.7,997.35,998.18
997.8,997.97,998.12
997.3,996.69,998.15
997.1,995.84,991.47
996.6,995.74,993.92
996.3,996.22,995.09
995.9,996.08,994.97
995.6,994.82,994.85
995.6,995.85,996.8
996.0,994.53,996.56
996.1,995.67,997.17
995.9,994.08,996.26
995.7,993.53,995.23
995.8,994.05,997.16
995.5,994.9,996.22
995.5,994.77,996.67
995.1,994.84,996.73
995.2,993.94,998.67
995.2,995.48,996.91
995.2,995.87,995.4
995.1,996.25,994.82
994.8,995.91,993.86
994.6,996.13,994.59
995.3,994.3,992.22
994.5,995.24,993.59
993.9,996.31,993.08
993.7,996.11,994.92
993.4,994.74,995.31
993.1,995.37,995.03
992.8,995.04,995.31
992.7,994.39,994.78
992.8,994.5,996.28
992.6,994.05,996.76
992.9,994.91,997.82
992.8,994.34,997.41
992.2,994.4,996.48
992.0,994.28,996.52
991.8,994.23,997.05
991.9,993.27,993.97
992.0,993.35,993.91
992.2,994.31,994.16
992.3,994.56,996.26
992.5,994.15,995.81
993.0,995.58,997.19
993.0,995.64,997.41
992.9,995.86,997.53
992.6,996.97,997.66
992.9,996.78,998.01
992.7,996.84,998.51
992.2,996.91,998.19
991.9,996.96,998.42
991.7,996.42,999.05
991.5,995.48,997.13
991.4,994.88,998.33
991.6,995.34,996.84
991.3,994.04,995.9
991.5,995.14,997.32
991.7,994.74,996.6
991.6,993.98,994.54
991.4,994.34,996.87
991.4,993.91,996.63
991.1,994.71,997.6
991.1,995.04,997.69
991.4,995.0,997.73
991.9,995.08,998.89
992.4,994.91,996.4
992.8,994.63,996.37
992.9,996.09,998.84
993.4,996.27,999.53
993.6,996.41,999.84
993.5,997.63,1000.49
993.6,997.89,999.34
993.6,998.17,1000.44
993.4,998.17,1000.85
993.2,997.94,1000.5
992.9,997.86,1000.17
992.7,997.07,998.75
992.7,997.02,999.57
992.4,993.27,997.21
992.7,996.44,998.52
992.5,995.13,997.75
992.8,995.56,996.07
992.4,995.07,996.51
992.5,996.5,998.13
992.6,995.64,997.77
992.5,995.62,998.62
992.4,995.57,997.93
992.9,995.96,1000.61
993.1,995.58,1000.85
993.4,996.02,998.44
993.9,996.14,998.62
994.1,996.39,998.72
994.4,997.05,1000.77
994.3,996.72,998.96
994.2,997.6,999.24
994.2,997.95,998.87
993.7,998.24,998.88
992.9,998.46,999.79
992.5,997.35,997.79
992.0,995.75,994.51
991.7,994.72,993.34
991.3,995.71,994.63
990.7,994.73,995.07
990.4,994.26,992.35
990.1,994.59,994.03
990.6,992.92,994.02
990.7,992.1,993.77
990.1,992.56,994.26
990.1,993.31,992.27
990.0,993.72,991.37
989.8,993.73,993.7
989.5,993.61,992.38
989.5,993.67,992.62
989.6,994.64,995.34
989.6,994.42,995.2
989.6,994.56,996.04
989.9,994.38,995.93
989.9,993.33,994.58
989.5,991.95,993.05
989.2,992.15,993.48
988.9,992.48,995.04
988.4,996.23,995.23
988.3,996.87,995.44
987.3,996.38,995.54
987.4,995.26,992.49
987.1,993.7,991.78
987.3,994.09,992.03
987.3,996.0,993.26
987.4,993.63,992.22
987.5,992.78,992.58
987.3,993.14,993.86
988.1,995.84,993.36
988.5,995.71,991.04
988.3,994.31,990.63
988.5,994.29,990.77
988.7,994.22,990.37
988.3,992.66,987.83
988.8,992.67,986.96
989.1,992.96,992.25
989.5,993.02,989.32
989.6,992.83,992.62
989.1,991.68,993.19
988.9,992.19,994.05
988.8,992.57,992.69
988.9,992.01,991.21
989.1,991.6,993.25
989.0,990.42,992.82
989.6,990.99,994.36
989.9,991.04,996.27
990.2,990.39,990.53
990.8,990.11,994.77
990.8,989.81,992.7
991.1,990.02,993.22
991.5,990.36,994.11
991.5,990.82,997.19
991.2,990.83,995.1
990.7,991.09,997.06
990.7,991.52,995.26
990.5,991.33,989.34
990.6,993.32,994.83
990.8,992.52,993.66
991.1,992.97,992.78
991.2,994.31,990.23
991.8,995.53,992.69
991.4,994.86,990.82
991.1,997.76,995.94
990.7,998.61,996.82
990.3,997.42,997.14
990.1,997.24,997.64
989.5,996.37,996.86
989.3,996.54,996.68
987.9,994.38,992.57
987.5,993.78,992.97
986.8,994.43,995.16
986.5,992.8,992.43
986.4,994.06,994.55
985.6,993.36,993.82
985.4,994.83,996.01
985.0,995.23,997.2
985.0,994.22,997.61
984.9,993.65,997.39
984.8,992.33,997.56
984.4,994.12,996.91
984.4,994.33,995.53
984.2,995.27,998.74
983.9,994.45,996.94
983.4,996.11,999.26
983.2,995.07,997.67
983.4,995.62,998.2
983.5,994.66,995.88
983.1,993.92,993.27
982.4,993.13,992.38
982.3,993.46,993.07
981.6,993.14,992.97
981.5,992.21,991.44
981.0,992.68,992.3
981.0,993.07,993.08
981.0,992.34,990.49
981.4,993.0,992.63
982.3,993.7,992.05
982.3,992.05,989.42
982.4,992.97,991.11
982.6,992.28,990.07
982.8,993.1,991.69
982.7,993.65,992.14
982.8,993.76,993.02
983.1,994.0,993.5
984.5,993.85,994.56
984.9,994.82,995.26
985.5,993.89,994.0
985.8,995.26,996.41
985.9,994.27,994.41
986.0,995.63,994.72
986.1,995.86,995.53
985.7,995.79,994.62
985.7,995.7,994.17
985.6,995.62,993.87
985.3,994.46,993.16
985.4,994.06,991.86
985.2,994.3,992.26
985.1,993.92,992.94
985.3,993.75,992.01
985.9,993.79,992.17
985.8,993.12,991.11
985.6,990.42,991.88
985.5,992.21,992.88
985.3,990.25,992.33
985.1,992.4,991.59
984.6,992.18,990.9
984.5,992.45,990.46
984.7,992.93,994.06
984.7,992.08,990.85
984.8,993.13,995.79
985.1,993.13,993.44
984.5,993.77,994.35
985.0,993.43,994.92
986.7,994.14,993.72
987.3,994.2,993.68
987.6,995.54,996.56
987.9,995.39,996.66
987.9,995.3,996.62
988.2,994.23,995.49
988.4,993.23,994.26
989.0,993.49,996.19
989.4,994.04,1000.09
990.1,993.67,1000.17
991.0,993.87,1001.05
991.4,992.04,1000.06
991.2,993.18,1002.28
991.1,992.55,1000.17
991.0,992.52,996.93
991.3,991.8,998.73
991.7,991.65,992.78
991.7,991.62,995.45
992.0,991.81,993.65
993.1,992.18,992.99
993.6,992.2,992.92
994.4,992.74,991.09
994.7,992.48,987.76
995.0,993.02,987.18
995.3,992.62,989.53
995.1,993.25,993.48
995.0,993.65,993.26
995.1,993.61,993.02
994.7,994.06,992.75
994.5,993.68,992.15
994.7,994.18,992.66
994.8,993.35,991.8
995.0,993.77,993.48
995.2,992.76,991.66
995.6,994.42,992.45
995.4,994.2,992.49
995.5,993.36,991.75
995.1,992.81,991.94
995.0,992.94,992.14
994.9,990.95,991.37
994.6,993.36,991.33
994.6,991.0,991.25
995.2,993.17,994.16
995.9,994.36,995.33
996.2,995.82,995.84
996.7,996.07,994.75
996.6,996.78,996.1
996.3,996.78,995.66
995.6,996.64,995.39
995.3,997.06,994.8
994.8,996.81,995.35
994.4,996.44,994.46
993.5,995.0,992.93
992.8,993.95,993.32
992.7,994.44,994.93
992.7,994.12,994.67
992.7,995.01,995.97
992.8,993.52,994.76
992.8,993.47,992.87
992.7,993.64,993.53
992.6,991.81,994.21
992.3,993.58,994.75
991.8,992.9,993.64
991.3,993.89,994.95
990.7,994.15,996.33
990.5,993.76,995.64
991.5,992.88,995.25
991.2,994.39,996.73
991.3,995.0,996.78
990.4,995.69,997.63
990.4,996.27,998.4
990.3,998.01,997.62
990.3,996.69,998.16
990.2,996.38,997.98
989.8,996.02,996.8
989.0,994.99,995.12
988.2,993.21,995.57
988.1,994.57,995.42
988.4,993.94,994.48
988.9,993.87,996.12
989.0,994.55,996.33
989.3,993.79,996.04
989.7,993.21,993.12
989.7,993.29,993.93
989.7,994.34,996.24
989.5,995.42,996.97
989.6,993.44,993.39
989.6,993.78,993.42
990.1,994.29,997.09
990.5,994.89,997.54
990.9,996.29,997.36
991.2,996.34,996.61
991.7,996.85,998.8
992.1,996.45,997.9
992.5,997.39,998.62
993.2,997.01,998.21
993.5,997.7,997.33
993.3,996.02,995.96
993.2,996.38,997.54
993.1,995.77,996.05
992.9,994.68,995.96
993.1,994.93,996.15
993.5,995.75,996.84
993.7,994.03,995.72
994.1,993.77,995.88
994.7,993.51,995.97
994.9,993.37,995.17
995.2,993.15,995.42
995.5,994.04,996.03
995.1,991.83,996.45
995.4,994.16,996.32
995.3,991.61,996.71
995.6,991.53,995.64
996.5,991.74,996.12
996.9,994.5,996.22
997.3,994.3,996.97
997.6,996.19,998.84
997.7,996.44,998.44
997.4,996.76,998.42
997.8,996.41,997.58
997.8,996.93,998.27
997.6,996.64,999.05
997.4,996.38,998.74
997.1,996.09,999.16
996.9,994.54,997.11
996.9,993.64,996.02
997.0,994.11,996.71
997.2,993.34,994.65
997.5,994.02,996.14
997.7,993.22,995.56
997.6,994.3,996.22
997.9,993.64,995.26
998.0,994.26,995.76
998.0,991.74,993.75
998.1,994.06,994.42
998.5,992.88,994.08
999.0,990.78,994.95
999.5,991.12,996.49
999.7,993.77,997.02
1000.0,994.76,998.39
1000.1,995.87,999.77
1000.0,995.43,999.03
999.7,995.56,998.36
999.2,995.16,995.51
998.8,997.05,998.15
998.7,996.49,998.25
998.5,996.27,997.54
998.4,994.49,995.38
997.9,993.84,994.72
998.3,992.73,995.76
997.9,994.24,996.31
997.9,992.8,994.58
997.7,992.21,995.66
997.4,992.81,995.9
997.1,994.87,997.01
996.8,994.96,996.86
996.8,992.95,995.45
996.9,992.48,994.84
996.8,993.12,995.53
997.3,993.49,995.74
997.8,994.58,997.4
998.1,993.67,996.53
998.1,995.1,998.15
997.9,996.35,998.47
997.4,996.26,998.59
997.5,996.44,998.24
997.2,997.45,998.86
996.8,996.47,997.79
996.4,996.89,997.44
995.8,996.19,997.99
995.5,996.68,998.71
995.1,994.73,995.48
994.9,993.01,995.82
994.6,993.99,995.74
994.4,992.95,994.71
994.1,993.21,995.51
994.3,991.57,996.09
994.3,993.89,995.97
994.3,994.79,995.9
994.2,994.86,997.17
993.9,994.23,996.15
993.7,995.57,998.11
993.6,994.82,996.78
993.4,994.85,996.9
993.4,994.82,996.83
993.5,995.81,998.09
993.9,995.65,997.35
994.3,995.78,997.57
994.4,995.24,997.53
994.5,995.48,997.49
994.7,995.19,996.28
994.2,997.35,998.54
994.1,996.7,998.03
993.8,997.31,998.63
993.5,997.11,998.84
993.1,995.17,997.3
992.5,993.27,996.42
992.8,994.01,996.58
992.8,991.67,996.42
993.2,994.6,996.54
993.4,995.24,996.61
993.0,993.71,996.92
992.7,993.85,996.78
992.5,993.25,996.33
992.4,994.09,996.1
992.6,993.99,996.49
992.6,991.44,996.38
993.3,993.1,996.46
994.1,994.01,997.63
994.0,995.8,998.1
994.0,996.04,998.11
993.3,996.21,998.96
993.2,995.47,996.54
993.2,996.1,996.88
993.0,997.6,999.06
992.4,995.4,997.11
991.7,995.17,995.96
991.2,995.27,996.95
990.4,994.22,995.4
989.6,993.86,994.76
989.6,993.23,994.17
989.6,992.07,993.56
989.4,992.92,994.24
989.1,992.32,993.91
988.6,993.52,994.98
988.0,993.68,993.93
987.8,993.41,994.05
990.9,992.59,991.64
987.8,992.31,991.31
986.5,992.88,991.53
986.1,992.25,990.53
985.0,993.32,993.52
985.1,993.15,993.48
984.4,993.29,993.21
983.4,992.02,990.98
982.5,993.32,993.63
982.2,993.22,993.34
981.6,995.17,993.51
980.9,994.63,993.67
981.5,991.2,990.35
981.3,993.82,993.25
981.3,993.56,991.08
981.5,992.95,989.92
981.9,992.99,989.98
981.5,992.74,993.03
981.4,993.9,993.16
981.5,992.41,990.85
981.5,992.19,989.8
981.2,992.99,991.48
980.7,992.46,991.43
980.4,991.98,989.63
980.4,992.74,991.6
980.7,992.93,992.79
980.6,992.58,992.32
981.0,992.77,992.82
981.1,993.45,992.35
981.4,993.32,991.87
981.9,994.47,993.62
982.0,993.6,993.17
982.0,992.99,991.84
982.5,993.97,994.23
983.1,993.96,995.13
983.2,993.36,994.03
983.8,992.97,992.92
984.1,991.97,990.96
984.8,993.09,994.34
985.5,994.82,995.49
986.0,993.6,994.54
986.1,993.51,994.17
986.3,992.45,993.43
986.5,992.51,993.45
987.4,993.2,996.11
987.5,994.3,993.47
987.5,994.55,994.14
987.8,990.74,993.48
987.9,994.05,995.21
988.0,993.68,994.65
988.5,992.2,991.35
988.7,993.8,995.1
989.3,994.57,995.83
990.1,994.87,997.26
990.8,993.38,994.26
991.3,993.75,995.43
992.1,994.74,997.86
992.7,994.92,997.23
992.6,994.5,996.48
992.7,995.97,998.56
993.1,995.84,998.86
993.4,996.77,999.31
993.3,995.59,998.14
993.8,995.04,996.5
994.0,995.98,998.2
993.6,995.87,997.31
993.6,995.01,996.9
994.0,993.94,995.73
994.0,993.54,995.33
994.3,993.92,995.53
994.4,994.17,996.43
994.8,995.59,997.1
995.2,992.02,997.6
995.4,993.55,997.26
995.0,994.54,997.7
995.1,993.97,996.45
995.5,994.23,996.95
995.9,996.06,998.0
996.8,993.97,996.88
995.6,993.49,995.39
995.1,995.88,996.93
995.2,996.53,997.28
995.3,995.96,997.16
995.0,996.86,997.01
994.8,996.97,997.31
994.4,996.12,997.46
993.6,994.22,995.56
993.4,993.49,993.4
993.4,993.63,995.05
993.6,993.82,995.89
993.7,992.79,995.36
993.3,993.54,994.93
993.1,992.96,993.85
992.6,993.08,994.18
992.1,993.6,995.45
991.5,992.88,994.12
991.8,991.55,994.31
991.6,992.72,994.29
990.6,992.63,994.19
991.4,992.44,993.0
991.5,992.14,992.97
992.1,992.96,993.38
991.3,993.4,995.69
991.4,992.75,993.53
991.6,992.7,995.21
990.7,992.62,994.2
989.6,993.78,994.71
989.5,992.69,992.34
989.3,992.82,993.24
988.9,993.18,992.43
988.5,990.99,991.77
989.4,991.06,990.94
990.1,994.0,991.98
990.3,991.79,992.46
990.9,992.84,993.16
991.6,992.27,990.96
991.8,991.87,990.74
992.2,992.01,990.45
992.3,992.51,991.91
992.1,992.24,990.83
991.7,991.19,988.53
991.7,991.81,991.43
992.2,991.38,989.38
993.0,992.68,992.34
993.0,992.19,992.58
993.6,993.51,994.25
993.2,993.75,994.15
993.4,994.13,994.32
993.7,994.17,993.86
994.1,995.22,993.17
993.6,994.76,993.13
992.0,993.03,993.14
990.1,992.43,991.78
992.0,990.21,992.28
992.3,993.19,992.08
992.2,991.35,991.51
992.2,993.94,992.53
992.2,990.26,993.4
992.6,991.39,992.51
992.5,992.51,992.77
991.6,990.12,993.16
991.8,991.55,992.89
991.6,990.6,993.68
990.5,991.14,993.53
991.4,991.05,995.46
991.0,991.07,995.46
991.4,993.04,993.84
991.5,993.92,994.45
991.6,990.94,994.26
990.9,990.84,994.32
991.2,993.19,993.57
991.2,994.56,994.11
991.5,995.29,993.11
991.2,994.88,993.99
990.7,994.99,994.38
989.5,993.67,992.54
989.4,995.36,992.54
989.2,993.15,991.41
989.1,992.25,992.06
989.1,993.86,991.97
988.8,994.03,992.25
989.2,992.27,991.99
989.2,990.5,993.16
988.3,992.99,992.87
987.8,993.04,994.44
987.5,993.29,994.02
987.1,993.71,994.36
986.6,992.68,993.5
986.5,990.38,993.05
986.5,993.05,993.63
986.7,992.13,992.12
987.2,993.11,992.42
987.2,990.07,992.44
987.2,993.79,992.95
986.9,992.81,990.36
986.9,992.16,990.38
987.1,992.0,990.16
987.2,991.53,992.4
987.0,991.24,990.85
987.3,992.25,992.88
987.2,992.19,992.62
987.3,991.75,994.38
987.6,991.51,991.99
988.2,992.18,993.1
988.6,991.98,992.84
988.9,993.11,993.69
989.2,992.58,993.22
989.6,992.64,994.1
989.6,992.75,994.53
989.8,992.14,993.8
989.7,992.82,994.86
989.7,993.64,995.89
989.8,993.48,996.17
990.5,993.2,995.49
991.1,993.21,996.06
991.9,992.6,994.04
992.2,993.98,994.44
993.0,995.14,995.67
993.1,995.65,995.99
993.5,996.32,997.0
993.6,996.09,997.42
993.8,995.51,995.91
994.0,995.66,996.12
993.6,996.4,998.05
993.5,995.42,997.01
993.0,994.33,994.99
992.8,993.89,995.01
992.5,993.15,993.11
992.8,992.96,994.82
993.6,992.06,994.36
994.2,990.33,994.97
994.1,990.37,995.71
993.8,990.9,995.75
994.1,991.01,995.98
994.0,993.65,996.14
994.0,991.04,995.64
994.1,992.56,995.84
993.9,992.62,995.57
994.4,992.26,995.16
994.6,992.1,993.88
995.3,993.54,994.87
995.7,992.29,994.85
995.5,992.7,994.71
995.6,995.94,994.83
995.2,995.16,994.96
994.7,995.13,994.88
994.7,995.51,994.99
994.5,994.91,994.38
994.2,994.81,994.57
994.1,993.3,993.97
993.8,993.2,992.94
994.0,995.03,993.09
994.0,994.44,992.89
993.8,992.95,992.32
994.3,991.03,991.93
994.8,991.24,992.51
995.1,989.55,994.5
994.9,991.85,994.55
994.5,993.42,994.64
994.8,992.78,994.28
994.4,991.77,993.32
994.4,993.07,994.36
994.8,992.25,993.41
994.0,992.4,993.94
994.2,993.55,994.9
994.1,993.79,995.01
993.3,992.87,993.28
993.4,994.87,994.43
993.2,995.11,992.23
993.5,993.82,993.05
992.8,995.57,993.49
992.5,996.12,994.35
992.0,994.79,993.68
991.4,993.48,993.01
990.9,994.21,994.11
993.1,993.25,992.9
993.8,991.58,990.86
993.7,995.0,991.62
992.9,993.17,990.8
992.8,995.27,992.01
993.0,993.47,991.67
993.1,993.58,992.61
993.2,992.29,992.02
993.0,992.73,991.58
992.8,991.23,992.28
992.8,994.05,992.29
993.1,993.74,991.61
993.6,993.9,992.24
994.0,993.72,994.24
994.5,993.66,993.84
994.1,993.8,994.87
994.6,994.55,996.16
995.1,995.29,996.59
994.9,995.2,996.91
994.9,995.64,997.38
994.8,995.36,996.8
994.4,994.86,995.87
994.4,994.82,995.55
994.3,994.95,995.18
994.0,992.92,995.56
994.5,992.76,995.37
994.7,994.0,995.5
995.1,993.14,995.15
995.0,994.75,996.1
994.9,994.0,997.02
994.8,992.15,995.85
994.9,994.02,996.48
995.0,990.99,996.67
995.1,991.23,996.27
995.2,993.15,996.11
995.2,994.68,996.54
995.4,991.18,997.01
995.4,994.88,997.67
995.8,995.4,997.31
996.1,994.7,996.92
995.5,995.55,997.56
995.4,996.19,997.92
995.1,997.46,998.33
994.4,997.32,998.01
993.6,996.07,996.98
993.2,995.51,997.0
993.4,995.46,995.57
992.6,994.9,995.09
992.6,994.28,996.14
992.3,995.04,996.22
992.7,993.57,995.39
992.4,993.35,995.15
992.2,992.81,995.44
992.4,993.36,995.76
992.3,993.29,996.57
992.0,994.58,996.49
991.9,992.53,995.27
991.3,993.81,995.45
991.7,993.3,995.07
990.9,993.78,995.66
991.5,992.71,994.68
991.4,993.17,994.58
991.5,995.26,996.4
991.8,993.59,993.72
992.0,994.54,994.6
992.4,993.19,994.69
991.8,994.42,996.67
992.0,994.43,996.98
991.5,995.65,997.46
991.2,994.33,996.43
990.7,993.72,995.73
990.8,994.55,994.88
991.1,994.73,994.52
991.5,994.17,994.99
991.8,992.71,995.18
992.1,993.56,994.78
992.1,993.3,996.32
991.8,993.35,994.49
991.6,993.01,993.46
991.2,995.08,996.25
991.0,993.01,992.64
991.0,993.54,995.11
991.3,992.73,992.9
991.5,993.73,995.66
992.3,993.56,994.94
992.7,994.72,996.75
992.7,995.07,997.48
992.5,997.14,996.91
992.4,994.03,994.43
992.2,995.72,995.17
991.8,996.15,997.31
991.8,996.64,997.74
991.5,993.13,994.21
991.4,994.38,995.31
991.5,993.86,993.97
991.3,994.22,993.38
991.5,993.27,992.96
991.8,990.62,994.34
992.1,990.6,995.72
992.2,992.8,995.98
992.1,992.9,996.19
992.0,993.58,995.97
992.1,993.52,995.68
992.2,993.35,994.49
992.5,994.22,993.78
992.8,994.4,995.12
993.0,994.18,994.32
993.3,994.26,994.26
993.5,993.39,993.33
993.4,992.24,993.72
993.3,993.85,994.99
992.9,993.69,994.09
992.8,993.12,993.66
992.4,993.6,994.32
991.9,993.11,993.95
991.8,992.34,993.83
991.5,991.81,993.17
991.3,991.34,993.05
991.3,991.8,993.96
991.2,992.32,992.87
991.4,993.14,993.57
991.2,992.09,994.1
991.0,993.09,995.06
991.5,992.5,994.11
991.5,994.42,993.83
991.3,993.14,992.51
991.1,993.79,992.9
990.6,992.23,990.66
990.8,992.94,990.85
990.8,992.54,989.64
990.7,993.04,989.51
990.9,994.44,991.5
991.3,992.99,991.25
991.3,992.69,990.36
991.7,992.63,993.22
992.3,994.46,992.13
993.1,995.45,991.22
992.8,994.29,992.87
992.9,995.71,991.74
993.1,996.01,993.05
993.7,995.86,994.4
993.1,995.59,994.47
993.2,995.72,995.1
993.5,995.62,994.69
993.6,995.69,994.55
994.0,995.26,994.3
994.2,995.39,995.03
994.3,995.76,996.32
994.2,995.79,997.41
993.8,995.38,996.01
994.6,991.06,993.59
994.4,992.38,992.15
994.3,993.56,992.65
993.5,993.11,993.24
993.3,993.74,992.46
993.2,995.23,996.1
993.4,991.45,997.26
992.5,992.62,993.98
992.2,993.54,994.63
990.2,992.73,993.06
991.8,993.62,992.94
990.6,992.25,992.47
988.4,993.0,992.62
987.6,992.23,990.9
985.8,992.18,991.79
984.5,991.51,990.53
984.7,991.62,991.27
985.1,991.69,991.84
986.3,991.36,991.31
988.3,992.58,992.97
988.7,993.61,994.52
989.2,994.09,996.7
989.6,992.67,994.82
989.4,993.58,995.66
989.8,993.4,995.6
990.0,992.91,995.47
990.4,994.33,995.6
990.5,993.63,995.52
990.8,994.43,995.55
991.5,993.51,995.82
991.2,993.74,995.3
991.2,994.9,997.02
991.3,994.15,996.59
991.2,994.45,996.11
991.1,994.18,996.29
991.1,995.86,997.41
991.1,995.85,997.17
990.8,995.14,996.89
990.9,994.57,995.97
990.3,993.73,994.88
989.9,993.55,994.58
990.2,992.79,993.75
990.1,992.25,992.79
990.3,993.08,993.06
990.4,991.86,992.67
990.1,991.95,993.29
990.3,991.42,991.89
990.3,991.95,992.32
989.6,992.03,992.61
989.5,991.03,988.88
989.5,991.63,992.05
989.2,993.23,994.17
989.7,991.46,990.28
989.6,992.34,992.55
990.3,992.66,993.96
990.3,991.92,990.97
990.2,991.87,992.28
990.2,991.01,990.89
989.7,990.19,992.37
988.9,990.71,991.92
988.5,991.07,993.22
988.0,989.77,992.11
988.4,989.98,992.8
989.0,991.44,992.65
988.8,991.21,992.78
991.0,992.85,990.8
989.3,993.72,992.33
987.8,992.88,992.81
988.3,993.49,992.99
987.4,992.51,992.51
989.4,992.39,992.21
989.4,993.76,993.4
989.2,993.27,991.19
989.0,992.57,990.06
988.6,992.89,990.57
988.6,992.56,990.5
988.9,994.42,992.77
989.0,991.35,992.0
988.9,993.1,992.89
989.0,992.83,992.29
988.8,992.89,993.47
988.4,993.18,993.02
988.4,992.08,993.66
988.3,995.37,993.68
988.6,994.8,992.81
988.5,995.02,992.35
988.7,993.49,992.36
988.8,992.03,992.23
989.3,992.54,991.94
989.8,990.04,992.92
990.2,993.03,992.99
990.5,992.91,993.65
990.2,992.23,993.74
990.2,992.84,994.06
990.3,993.16,994.66
990.1,993.89,994.7
990.4,993.27,992.96
990.5,993.9,992.95
991.1,993.04,992.59
991.1,994.49,993.82
991.5,994.3,994.34
991.6,993.53,994.33
991.5,995.56,993.78
991.6,992.12,992.92
991.2,992.37,994.98
991.0,992.82,994.88
990.8,992.25,994.52
990.5,992.81,993.56
989.9,993.07,993.69
989.7,992.04,994.25
989.4,992.49,994.62
989.6,992.56,993.98
990.2,992.78,992.45
990.8,993.07,990.92
990.9,992.64,989.49
991.0,993.31,991.21
990.9,992.31,992.82
990.5,993.69,993.02
990.6,993.27,992.82
991.3,993.13,992.93
991.7,993.56,994.49
992.3,995.23,996.16
992.7,996.07,996.37
993.0,998.12,995.91
993.4,995.93,994.69
993.2,997.55,995.54
993.2,997.93,994.5
993.2,997.06,994.33
993.1,997.63,995.1
992.9,997.81,995.57
992.4,997.4,995.92
992.3,995.61,995.32
992.1,995.79,995.48
992.3,994.72,995.64
992.5,994.45,995.89
993.1,994.57,995.84
993.7,993.06,995.53
994.0,993.02,994.98
994.1,991.15,995.32
994.0,991.49,996.36
993.6,994.02,996.49
993.4,993.84,996.36
993.3,994.64,997.73
994.2,992.29,998.1
994.7,993.38,998.56
995.4,995.3,997.59
995.7,995.61,997.07
995.6,996.63,996.57
995.2,996.88,998.13
995.5,997.39,998.07
995.6,997.29,998.45
995.4,997.52,998.99
995.5,997.54,998.41
995.3,996.85,998.79
994.8,997.28,999.04
994.5,996.39,997.85
994.4,996.23,998.02
994.7,995.17,996.08
994.5,995.07,996.76
994.9,994.03,995.85
995.9,993.24,994.68
996.4,993.4,994.99
996.8,992.83,995.8
996.3,993.11,996.04
996.3,994.09,996.61
996.0,993.8,996.59
996.3,993.84,996.64
996.2,991.82,996.23
997.0,991.76,997.29
997.3,995.0,996.62
997.7,995.15,997.47
997.8,995.87,997.7
997.8,996.5,997.97
997.8,996.74,997.87
998.0,997.21,997.89
997.3,997.25,997.67
997.1,995.95,997.57
996.5,996.25,997.72
996.1,995.43,996.84
995.7,994.55,994.58
995.3,994.43,995.04
995.4,993.54,993.77
995.0,993.27,994.49
994.8,993.02,994.41
995.2,992.17,994.45
994.9,992.24,993.88
994.4,990.11,994.08
994.3,990.23,994.91
994.1,992.31,995.71
993.8,991.9,995.15
993.7,991.91,995.3
993.3,990.65,995.83
993.2,991.98,993.78
992.7,991.99,993.32
992.3,992.87,993.51
991.8,992.52,994.43
990.6,992.03,991.26
990.2,990.74,993.76
990.0,990.71,990.4
990.1,992.14,992.84
989.8,990.49,992.52
989.9,993.03,992.64
990.4,991.77,990.48
991.0,992.01,991.74
991.7,992.45,991.36
992.7,994.19,992.81
993.3,993.16,991.08
993.8,994.65,990.9
994.1,993.71,992.14
994.2,994.75,993.75
994.2,993.84,992.45
994.5,994.19,992.73
994.4,994.34,993.14
994.6,994.74,995.36
994.6,994.08,994.45
995.3,994.21,994.94
995.9,995.22,995.13
996.4,995.81,996.18
996.7,995.76,994.96
996.7,997.24,996.56
996.5,997.05,996.57
996.4,997.38,996.19
996.3,997.15,996.58
996.3,997.02,996.91
995.6,996.02,996.75
995.5,995.63,995.62
994.9,995.42,996.33
994.3,994.78,995.24
994.3,994.42,995.31
994.1,993.36,994.86
994.3,994.02,993.57
994.4,993.66,995.08
994.5,991.32,995.24
994.2,991.19,995.55
993.9,993.43,994.82
993.7,993.38,995.25
993.3,994.02,995.22
993.6,993.8,994.9
993.7,994.2,995.79
993.8,993.98,994.69
993.7,993.38,994.12
994.0,992.45,994.22
993.6,991.99,993.59
993.5,993.1,992.53
993.2,994.31,993.04
992.8,993.79,993.91
992.4,994.44,994.07
992.1,994.68,994.93
991.9,995.98,993.62
992.0,994.51,993.46
991.8,992.01,992.66
992.1,994.55,994.03
992.1,993.47,993.75
991.5,994.4,993.81
991.2,993.03,992.19
991.5,991.51,994.6
991.5,993.23,995.79
992.2,993.82,994.99
991.6,994.27,994.57
991.0,994.23,994.46
990.8,993.01,994.27
991.1,991.65,994.91
992.2,994.69,993.36
992.5,994.98,993.25
992.8,994.1,993.54
993.4,995.33,996.89
993.3,996.04,997.04
993.6,995.79,996.94
993.5,996.51,997.88
993.0,996.67,998.15
993.0,996.14,996.9
992.9,996.79,997.84
992.6,995.7,996.8
992.7,994.67,994.47
992.6,994.5,994.64
993.0,992.54,993.59
993.3,992.52,993.33
993.8,992.7,993.6
994.4,990.02,993.93
994.6,989.98,995.18
994.6,992.06,995.3
994.6,990.34,995.83
994.6,990.59,996.49
994.3,990.87,995.61
994.6,992.79,996.13
994.8,990.94,996.14
995.4,993.02,995.68
995.8,993.39,996.34
996.2,994.96,996.0
996.4,993.55,995.38
996.8,995.07,995.67
996.7,995.7,996.03
997.2,995.07,994.76
996.8,995.85,994.91
996.8,995.54,993.81
996.9,995.5,994.44
996.6,996.69,994.29
996.6,994.83,991.9
996.4,995.05,992.55
996.7,994.76,992.44
996.7,994.17,992.51
997.1,994.06,992.83
997.5,990.69,992.78
997.6,992.62,993.52
998.0,990.83,994.56
997.9,990.99,994.64
998.0,993.71,994.71
997.6,990.94,994.29
997.6,992.7,994.78
998.1,991.21,995.02
998.2,991.31,994.86
998.3,993.34,994.83
998.6,995.0,995.73
998.5,994.15,994.82
998.5,991.88,994.63
998.6,993.37,994.83
998.3,995.53,995.7
997.3,994.42,994.62
997.2,995.87,995.01
996.6,995.3,994.58
996.1,993.34,993.85
995.8,993.31,992.93
995.3,993.81,993.47
995.2,993.2,992.58
995.6,990.92,991.98
995.7,992.13,992.07
995.4,992.8,992.89
994.7,993.07,992.94
994.2,993.28,992.84
993.6,993.06,993.65
993.5,991.55,993.89
992.8,991.66,993.03
992.3,992.44,992.88
991.3,993.54,993.33
991.1,992.4,992.41
990.8,992.68,992.86
989.7,992.22,992.41
990.3,992.21,991.02
990.8,993.67,993.29
987.8,993.69,993.14
988.8,993.23,992.52
989.1,993.22,991.85
987.7,996.08,991.55
987.7,994.26,991.99
987.0,993.65,991.7
986.9,991.82,992.09
987.0,994.46,993.04
987.8,993.82,992.79
988.4,993.4,993.23
989.2,990.33,992.45
990.0,992.26,992.2
990.6,990.21,992.18
991.0,990.02,993.43
991.3,992.06,993.03
991.3,993.03,993.44
991.4,991.96,992.81
991.4,992.01,992.7
991.9,992.86,993.95
992.6,991.7,993.45
993.3,993.88,994.71
993.9,994.82,994.33
994.3,993.91,994.82
994.5,993.85,994.28
995.0,996.04,995.16
995.3,995.35,994.3
995.2,996.32,994.92
994.9,995.3,994.6
994.6,996.15,994.61
994.6,995.28,995.23
994.1,993.9,993.58
993.2,992.55,992.56
992.4,992.33,992.57
993.6,991.59,991.66
993.6,991.34,991.28
993.5,989.19,992.03
993.7,990.94,991.9
993.3,991.88,992.55
992.7,989.27,994.01
991.8,989.96,994.25
994.6,992.6,992.25
995.3,993.39,992.05
996.2,993.24,992.21
993.5,993.79,992.42
993.3,992.39,990.93
993.7,991.59,990.55
994.0,992.74,994.32
993.8,993.71,994.31
993.2,991.3,992.44
992.9,991.52,991.6
992.7,993.4,993.66
992.5,993.25,991.82
992.6,995.8,992.96
992.8,993.02,992.51
993.1,991.15,992.02
991.4,993.69,991.51
990.7,993.67,992.38
991.6,993.14,992.43
991.7,991.79,991.1
994.4,991.82,991.6
993.4,993.19,993.53
993.0,993.74,993.33
992.8,993.24,991.47
993.7,992.84,990.88
994.2,992.93,991.42
994.5,992.96,992.0
995.1,993.88,991.97
995.9,994.82,994.85
996.7,995.33,995.71
997.0,995.9,995.72
997.6,994.69,994.54
997.5,996.56,995.89
997.9,996.55,995.43
998.2,996.05,995.27
998.5,996.44,995.75
998.1,996.17,995.55
997.8,994.05,994.3
997.6,994.61,994.64
997.3,993.82,992.79
996.8,994.2,993.96
997.0,994.53,993.99
997.4,994.79,993.89
997.6,990.35,994.23
997.5,992.55,994.61
997.4,992.45,994.64
997.3,993.02,994.56
997.2,993.58,994.68
997.5,993.77,994.87
997.4,992.81,994.79
997.6,992.54,995.23
998.2,993.06,995.96
998.4,996.59,995.32
999.1,996.33,995.41
999.2,996.62,995.26
999.1,995.98,996.36
999.0,996.21,997.03
999.0,997.65,996.85
998.7,996.29,996.03
998.7,995.75,995.49
998.6,995.89,995.35
998.4,995.06,994.81
998.2,995.14,995.01
998.6,991.69,994.65
998.5,994.26,994.49
998.3,993.94,993.66
998.6,994.19,994.84
998.7,994.08,995.35
998.5,991.64,996.16
998.7,993.61,995.27
999.2,993.63,995.5
999.4,994.57,995.17
999.4,994.7,995.22
1000.0,994.77,995.7
1000.6,994.06,997.35
1001.0,992.39,996.03
1001.1,996.02,995.37
1000.8,996.77,996.2
1001.0,997.52,995.24
1000.6,997.27,995.27
1000.6,996.19,994.62
1000.4,995.56,993.76
1000.2,996.04,994.77
999.7,995.42,993.01
999.5,994.6,992.7
999.4,994.79,992.45
999.9,993.73,993.46
1000.4,993.79,992.88
1000.9,993.61,993.23
1000.8,993.68,993.29
1000.6,993.74,993.4
1000.6,990.9,993.4
1000.7,990.89,995.59
1001.0,993.14,996.64
1001.0,992.63,996.48
1001.2,991.59,996.41
1001.5,993.6,997.37
1001.4,994.73,998.86
1002.0,994.22,996.27
1002.0,995.56,995.97
1002.1,995.34,995.82
1002.1,994.46,992.7
1002.0,994.04,993.39
1001.5,994.34,992.82
1000.6,994.78,993.61
1000.5,993.75,993.44
1000.0,993.62,993.2
999.5,993.14,992.86
999.1,993.03,992.93
999.3,993.33,992.72
999.5,990.17,992.62
999.8,992.33,991.64
1000.3,991.71,991.69
1000.5,993.01,991.65
1000.1,993.23,992.91
999.8,993.84,993.19
999.9,993.05,993.84
999.4,992.76,994.56
998.5,994.15,994.14
998.9,994.26,993.71
999.4,991.49,994.47
999.3,993.23,992.96
999.1,993.16,995.93
999.4,992.63,995.36
999.4,993.26,995.91
999.3,992.89,995.67
998.7,994.5,995.29
997.8,993.52,994.71
997.1,993.86,994.63
996.8,995.61,994.07
996.3,994.23,993.24
996.1,993.43,990.65
996.2,994.94,991.56
996.0,994.22,992.24
996.0,992.85,991.61
996.3,992.11,990.46
996.3,992.63,992.19
995.8,993.48,992.85
995.9,992.75,993.08
996.0,991.11,994.24
995.5,991.51,995.0
995.3,991.42,994.6
995.0,993.17,994.88
994.8,994.14,995.62
995.2,994.41,995.51
995.6,995.24,995.15
995.4,996.9,995.16
995.5,996.81,994.87
995.6,996.73,994.59
995.4,996.71,994.94
995.0,996.88,994.97
994.6,996.99,995.45
994.2,996.34,995.05
993.5,996.2,994.98
993.4,995.24,993.5
992.9,994.38,993.1
992.5,993.61,992.92
993.1,993.54,992.5
994.0,992.85,991.97
993.9,992.14,991.32
993.9,993.93,992.15
993.8,989.9,991.95
993.7,992.37,992.01
993.6,991.71,992.79
993.3,991.53,992.91
993.2,992.83,993.08
993.3,991.01,993.98
993.5,993.68,994.53
993.7,993.84,993.61
994.7,993.77,994.36
995.4,994.65,993.44
995.6,996.08,995.3
996.2,996.47,994.58
996.6,994.96,993.87
996.2,995.8,994.32
996.2,996.18,994.5
995.7,995.92,994.59
995.9,995.16,994.72
996.1,994.94,993.12
995.5,993.86,992.64
995.3,994.15,992.9
995.8,993.97,993.58
996.0,993.54,993.51
996.3,993.71,993.28
996.2,993.48,992.92
996.4,993.67,993.48
995.7,994.21,993.33
995.7,993.78,992.74
995.2,993.54,993.13
995.1,993.34,992.7
994.8,992.62,992.13
994.9,992.12,991.93
995.2,992.74,992.54
995.0,992.96,992.45
995.0,992.95,991.94
994.9,992.33,990.64
994.6,992.06,990.57
994.4,993.69,992.18
994.3,992.25,989.93
994.0,992.7,991.8
993.5,991.71,990.73
993.3,992.55,991.86
993.0,991.28,990.67
992.7,991.5,991.2
992.8,991.7,991.12
992.8,992.05,994.23
993.3,991.73,992.83
993.3,992.02,993.13
992.9,990.73,993.62
992.8,991.34,992.28
992.1,990.66,992.87
991.8,990.4,994.24
991.0,989.52,994.94
990.5,989.94,995.66
990.3,989.73,995.67
990.3,990.14,995.79
989.6,990.86,995.54
990.2,991.6,998.0
990.7,991.8,995.63
990.1,991.49,995.6
990.3,991.65,994.61
990.4,990.78,992.46
990.4,991.23,993.67
990.8,991.98,994.28
990.1,992.03,993.97
990.3,993.08,995.53
989.2,992.26,994.91
989.4,992.01,994.89
989.3,993.3,995.97
989.3,993.39,997.54
989.1,992.82,996.01
988.9,993.45,997.08
988.6,993.2,997.24
988.0,993.19,997.37
987.8,993.13,997.6
987.5,992.67,997.68
987.2,992.5,996.14
987.3,992.42,996.6
987.5,992.4,997.0
988.1,991.71,994.8
988.7,991.73,994.76
989.1,991.72,995.69
989.4,992.71,998.1
989.4,993.46,996.5
989.9,993.39,995.84
990.6,994.83,995.34
990.7,994.87,997.25
991.2,995.31,997.4
990.9,995.26,996.6
991.2,994.21,995.85
990.8,994.36,995.64
991.1,993.95,995.16
991.3,992.72,995.32
991.7,993.51,995.63
992.0,993.6,994.29
992.2,990.65,994.85
992.1,992.09,994.15
992.3,992.31,994.03
992.2,993.09,995.02
992.5,993.52,995.35
992.3,992.84,993.52
992.1,992.36,994.33
991.8,994.01,994.98
991.9,993.04,993.1
991.8,993.74,996.36
992.7,993.16,995.12
993.0,993.35,994.52
993.2,991.49,993.33
992.7,991.52,991.79
992.0,991.95,991.24
991.6,991.95,992.27
991.6,991.26,992.46
991.6,993.08,992.06
991.4,992.93,993.05
990.9,992.91,993.01
990.6,990.01,992.64
990.7,992.03,991.78
990.6,991.94,993.0
991.2,993.15,992.7
991.0,993.81,994.17
991.4,992.91,992.04
991.3,993.83,992.48
991.2,993.56,991.37
990.9,993.45,991.37
990.4,993.37,990.55
990.3,994.1,991.97
990.5,992.49,989.98
990.5,992.82,989.93
990.2,993.28,990.95
990.2,995.06,994.27
990.8,993.18,991.75
990.5,993.57,992.53
990.3,992.56,992.12
989.3,993.04,992.8
988.9,991.63,993.78
988.9,992.68,993.85
988.2,993.07,993.7
987.9,990.76,994.87
987.5,993.21,994.51
987.2,992.95,994.27
987.3,992.91,994.64
987.3,990.97,994.83
987.7,992.82,994.16
987.2,992.42,995.1
987.2,993.86,994.34
987.0,993.4,993.88
986.4,993.04,992.63
985.9,993.06,991.46
985.6,993.16,992.17
986.1,993.29,991.7
986.4,992.91,991.26
987.3,992.31,987.06
987.8,994.02,994.1
988.3,993.2,993.98
988.0,992.99,993.24
987.7,991.72,990.16
987.4,993.43,994.03
987.4,994.73,993.49
987.1,992.35,992.6
987.1,990.96,992.72
987.2,990.55,992.64
987.5,992.88,992.45
987.5,992.59,992.09
988.1,991.58,992.51
988.4,992.38,993.52
988.5,993.07,993.9
988.8,992.71,993.08
988.9,992.15,992.14
988.2,992.54,991.93
987.8,992.68,991.58
987.7,993.28,992.27
988.2,993.18,991.65
988.7,992.97,991.33
988.6,992.1,989.76
986.5,993.58,991.96
987.3,993.25,992.19
987.3,992.9,993.43
986.6,993.4,992.82
986.4,993.33,994.29
986.3,990.93,990.66
986.1,991.28,990.34
986.3,990.97,990.28
986.2,990.83,990.47
986.2,991.97,991.99
986.8,991.5,990.86
987.2,991.91,991.75
987.5,991.04,989.76
987.2,992.32,991.62
987.8,993.27,992.31
989.8,992.6,990.94
988.9,991.42,993.34
988.4,992.94,992.33
987.5,993.26,992.6
988.1,992.13,992.05
988.1,993.59,992.12
987.6,991.38,991.88
988.5,994.96,992.99
988.4,994.59,993.0
989.4,995.83,993.45
989.7,995.33,993.68
989.9,996.34,994.04
989.9,995.38,993.33
990.3,996.41,994.84
990.5,996.79,995.13
990.3,996.15,995.07
990.4,994.33,993.62
990.5,993.77,992.4
990.7,992.83,992.92
990.9,992.53,992.05
991.1,993.5,992.62
991.3,991.76,991.97
991.3,991.29,990.75
991.6,992.38,992.31
992.4,991.82,994.41
992.3,992.62,994.29
992.5,993.26,993.47
992.7,993.34,993.68
993.4,993.81,993.72
993.6,994.5,994.51
993.9,993.08,994.32
994.3,993.4,994.75
995.1,994.96,993.12
995.4,995.38,995.0
996.3,995.37,993.91
996.3,995.68,994.26
996.5,995.94,994.29
996.3,995.15,994.45
996.0,995.28,993.28
996.0,994.92,993.54
995.9,994.9,994.07
995.9,994.4,994.16
996.0,994.68,994.28
995.7,994.04,994.27
993.9,994.23,994.93
993.2,993.18,995.81
993.3,992.98,994.02
993.7,992.36,993.41
993.1,991.47,994.74
992.5,992.38,993.58
992.1,993.57,994.61
991.4,992.78,993.29
991.3,993.57,993.41
990.6,993.19,993.04
990.3,992.93,993.15
989.4,992.84,991.79
988.6,990.11,991.25
988.8,990.89,993.7
989.4,991.19,995.98
989.8,992.12,995.88
989.5,991.81,993.24
989.9,992.22,991.87
990.6,990.57,994.01
990.8,992.16,994.32
991.4,991.53,991.99
992.0,993.31,994.0
992.7,991.64,996.85
993.5,991.81,996.87
993.8,992.44,997.04
994.4,992.75,995.48
995.1,991.89,994.61
995.4,994.19,997.35
995.6,991.98,995.45
995.5,993.51,994.75
995.3,994.3,995.89
995.3,993.6,995.55
995.2,993.88,994.3
995.3,994.32,995.24
995.5,993.18,994.61
995.8,993.55,994.72
996.2,990.74,995.09
996.5,990.92,995.11
996.3,993.67,995.52
996.1,993.32,996.11
996.0,994.01,996.27
996.1,993.63,994.92
996.0,994.09,995.29
996.1,993.69,995.25
996.3,993.8,996.36
996.7,994.0,995.42
996.8,994.58,997.06
996.7,993.48,995.16
996.6,993.23,994.57
996.4,993.46,993.7
995.8,993.32,993.14
995.0,993.96,993.16
994.2,993.47,993.51
993.8,994.59,995.41
993.0,992.69,994.48
992.4,991.75,993.8
991.8,992.97,994.0
991.3,992.89,994.3
990.8,993.2,994.56
990.3,993.69,993.74
989.6,993.89,993.38
988.9,993.62,993.49
988.8,993.73,993.73
987.6,993.1,992.49
987.5,993.57,992.71
985.6,993.27,991.71
984.7,993.25,991.28
984.1,992.7,990.16
984.0,992.81,991.3
984.1,993.84,991.66
984.4,991.94,988.83
984.6,993.77,993.06
984.9,994.15,990.48
984.7,995.55,993.96
985.0,992.68,992.31
985.6,992.17,991.78
986.3,994.47,994.67
986.8,994.15,993.86
987.9,993.72,992.91
988.7,993.28,992.2
989.4,994.02,993.76
990.5,994.52,995.25
991.8,993.91,994.29
992.5,994.43,994.58
992.6,993.09,992.87
992.7,993.23,995.3
993.1,995.15,995.36
993.5,994.64,995.6
994.1,995.1,994.18
996.7,994.83,995.89
997.2,996.06,996.97
997.7,997.07,997.55
997.7,997.75,997.58
997.6,997.21,997.65
997.4,998.45,997.85
997.2,997.95,997.78
996.9,997.51,996.81
996.5,997.27,996.67
996.2,996.09,994.83
995.9,995.21,994.6
995.5,994.52,994.38
995.7,993.69,993.91
996.2,994.14,994.23
996.6,992.96,994.09
996.3,994.0,993.27
996.2,994.05,995.7
996.1,994.33,996.49
996.2,995.08,996.52
996.5,993.3,997.44
996.8,994.65,996.47
996.9,993.96,996.33
997.1,994.3,996.02
997.4,993.23,997.12
997.1,993.82,997.63
997.0,994.39,996.62
997.2,996.07,998.14
996.8,996.27,997.04
996.2,993.74,995.27
995.4,993.93,994.71
994.5,994.29,994.88
994.2,995.55,993.93
993.2,993.01,992.64
992.5,991.82,990.39
992.8,991.32,991.55
992.4,991.6,990.04
993.1,992.62,990.71
993.4,992.39,991.28
993.8,992.01,993.75
994.1,992.18,995.31
994.3,992.63,994.84
994.2,992.67,993.15
993.7,992.43,991.4
994.0,992.26,989.34
994.4,992.51,991.0
994.6,992.99,991.95
995.0,992.45,991.61
995.4,991.87,989.51
996.1,993.1,991.78
996.3,993.2,993.04
996.8,995.02,994.03
997.4,994.48,993.53
997.7,993.47,993.02
997.8,995.9,994.57
998.0,996.02,993.99
997.9,996.23,993.8
998.6,994.29,992.13
998.1,994.09,993.23
999.0,994.89,992.13
999.2,993.83,991.77
999.8,993.86,992.38
1000.3,993.78,992.46
1000.6,992.72,992.03
1000.9,994.16,992.89
1001.2,993.04,992.57
1001.0,993.37,992.53
1001.0,994.25,993.37
1001.2,992.47,992.47
1001.1,993.0,992.62
1001.2,993.47,992.57
1001.9,993.55,992.86
1002.5,993.93,993.35
1002.7,994.35,994.92
1003.0,995.15,995.16
1003.4,994.66,995.2
1003.5,995.26,995.42
1003.0,995.54,995.2
1002.7,995.36,994.96
1002.9,994.44,994.06
1002.5,994.52,994.26
1002.3,994.62,995.52
1002.3,994.2,995.17
1002.6,993.88,994.62
1002.5,994.08,995.45
1002.2,993.84,995.59
1002.4,992.83,993.16
1002.6,993.61,995.3
1002.6,993.16,993.62
1002.5,992.86,993.1
1002.1,992.84,993.05
1001.9,992.89,993.53
1002.0,992.73,993.51
1002.3,991.63,992.13
1002.3,991.37,992.0
1002.4,992.14,991.93
1002.4,993.05,992.81
1002.4,993.49,993.47
1002.9,993.67,995.16
1002.7,993.96,995.86
1002.8,995.04,996.73
1002.5,994.81,995.66
1001.9,995.03,995.88
1000.9,995.4,995.77
1000.2,994.73,995.95
999.7,994.65,995.86
998.9,993.05,993.1
998.4,993.22,993.82
998.0,992.16,992.29
997.6,991.94,992.06
997.8,991.6,992.36
997.7,991.9,992.44
997.5,991.51,992.35
997.0,990.95,992.16
996.5,991.41,991.74
996.2,991.91,992.42
996.3,991.49,992.29
996.1,992.36,992.48
995.9,991.09,991.6
995.9,992.06,992.2
995.8,990.7,988.54
995.9,993.35,992.91
995.3,991.82,991.85
994.3,991.52,992.01
994.1,990.93,992.05
993.5,990.42,991.73
993.0,989.44,991.58
992.3,989.73,991.52
991.7,987.7,989.85
991.4,989.12,990.5
991.1,988.81,989.62
990.8,988.48,988.12
990.4,988.87,987.98
990.3,989.86,990.09
991.2,989.93,989.32
990.6,989.95,987.3
990.3,991.39,990.42
990.2,990.58,990.25
990.1,990.77,990.61
990.1,992.1,990.99
990.0,991.4,990.02
990.6,991.31,989.13
990.8,992.44,990.54
991.2,992.24,990.71
991.1,992.34,989.83
990.7,992.35,991.98
990.6,991.61,991.93
990.4,993.06,992.42
989.8,992.19,992.34
989.3,990.8,991.77
988.7,988.57,991.21
987.8,990.1,992.37
987.5,990.83,993.33
987.4,989.04,990.42
988.2,989.85,989.94
989.2,991.49,990.52
989.4,993.76,991.21
988.6,992.22,990.91
990.2,994.05,990.84
992.1,994.07,990.7
992.5,994.6,992.37
992.3,995.61,992.83
992.6,994.67,992.21
992.4,994.5,992.23
992.1,993.65,990.92
992.5,994.15,991.44
992.6,994.0,991.23
993.5,993.7,991.26
994.4,994.38,991.92
994.5,993.62,991.17
995.2,994.12,992.43
995.8,993.96,993.97
995.7,994.4,993.43
994.4,994.96,994.09
994.1,994.95,994.17
994.1,994.5,993.41
993.4,994.1,994.12
993.3,994.64,993.34
993.2,993.74,993.3
993.5,993.5,993.86
994.0,993.7,993.98
994.1,993.24,993.53
994.2,993.65,993.3
994.0,993.01,993.29
993.5,993.04,993.19
993.5,992.23,992.76
993.1,992.34,993.42
993.4,992.04,993.07
993.4,989.74,993.01
993.3,992.39,993.07
994.0,993.31,993.63
995.2,991.64,991.16
995.4,992.19,992.88
996.3,993.02,995.03
996.8,992.45,992.68
996.9,993.32,994.82
997.1,991.81,993.56
997.2,991.84,993.14
997.1,992.5,994.62
997.1,991.74,993.29
997.1,991.33,992.56
996.7,991.86,994.54
996.9,990.55,992.93
997.0,990.66,992.88
997.1,991.05,992.66
997.8,991.1,992.82
997.8,991.44,994.09
998.0,991.66,993.43
997.9,992.41,996.48
997.5,992.92,996.98
996.9,991.7,994.51
997.3,991.95,994.25
997.1,992.37,995.01
997.2,992.3,994.75
997.5,992.77,994.74
998.0,993.17,992.05
998.3,992.8,994.3
998.5,993.09,996.24
998.8,995.72,999.17
998.6,995.83,999.35
998.6,995.71,999.13
998.3,996.38,999.47
997.9,996.31,999.21
997.4,995.31,998.68
997.0,994.72,998.17
996.8,994.35,997.43
996.4,994.53,997.9
996.5,994.4,997.28
996.7,993.7,996.93
996.8,994.06,997.28
996.9,993.98,997.22
996.8,993.35,997.18
996.6,993.71,998.15
996.5,994.07,998.28
996.6,992.68,996.37
996.4,992.36,997.11
996.7,993.72,996.63
996.9,992.88,996.64
997.2,994.42,996.65
997.4,994.64,997.31
997.3,994.97,997.52
997.8,996.65,998.44
997.7,996.44,998.24
997.4,996.93,998.06
997.1,997.1,998.58
996.5,996.15,997.94
996.3,996.71,998.06
995.8,996.23,998.01
995.8,995.24,996.84
995.3,994.85,996.28
994.9,993.76,995.27
995.2,993.83,994.68
995.6,993.59,994.67
995.4,994.08,994.52
995.3,991.13,994.69
994.8,993.55,994.55
994.4,993.84,995.61
994.0,993.76,995.76
993.6,993.36,997.04
993.1,994.29,995.44
992.5,993.97,994.75
992.7,992.99,994.64
992.9,993.3,993.38
992.5,993.03,993.78
992.1,993.22,994.14
992.0,993.07,995.02
991.4,993.63,994.8
991.3,991.45,992.1
991.0,992.12,993.31
990.8,994.52,995.09
990.6,994.14,992.29
990.3,992.35,995.17
991.7,993.8,990.66
992.2,993.38,991.14
992.4,993.77,993.43
993.1,992.87,991.66
993.8,994.04,993.88
994.3,992.59,991.41
994.9,993.06,993.4
995.4,992.49,991.79
995.7,992.82,993.43
995.6,992.76,992.75
995.5,992.74,991.95
995.8,993.54,993.83
996.1,993.41,992.17
996.3,994.52,994.29
996.9,993.99,991.84
997.6,994.28,991.33
998.0,993.91,990.5
998.1,993.51,990.71
998.6,993.88,993.83
998.6,993.67,993.86
998.4,993.31,992.76
998.3,994.01,993.07
997.9,994.92,993.29
997.6,994.82,994.58
997.3,995.19,995.8
997.2,993.16,991.43
997.3,993.67,993.22
997.3,993.56,992.74
997.7,993.44,993.08
997.5,993.59,994.19
997.7,993.28,993.95
997.6,994.65,996.98
997.4,994.56,997.89
997.2,994.5,999.06
997.1,993.38,996.05
997.2,994.32,999.37
997.8,993.57,997.31
998.1,992.77,995.98
998.8,992.58,996.71
999.5,994.37,997.68
999.7,995.85,998.68
1000.4,996.44,998.89
1000.6,995.56,997.66
1000.8,997.76,999.13
1000.8,997.9,998.61
1000.3,997.36,998.69
1000.0,997.25,998.38
999.9,997.13,997.88
999.6,996.41,997.9
999.7,996.17,998.02
999.2,995.73,998.96
999.5,994.69,996.96
1000.1,994.24,996.75
1000.1,993.14,995.6
1000.4,990.68,995.88
1000.5,992.5,995.8
1000.7,993.88,995.8
1000.8,992.97,995.67
1001.2,994.0,996.67
1001.4,995.12,997.16
1001.8,994.37,997.18
1001.9,994.48,996.94
1002.3,994.39,997.15
1002.4,994.2,997.83
1002.5,995.26,998.2
1002.3,995.5,998.18
1002.1,995.04,996.8
1002.0,995.38,997.04
1001.7,996.0,998.32
1001.4,995.92,997.22
1000.9,995.96,997.29
1000.3,994.46,996.77
999.4,994.82,995.84
999.0,993.11,995.08
998.8,993.92,994.77
999.0,993.5,994.2
999.4,993.33,993.33
999.7,992.03,993.81
999.5,992.17,994.31
999.5,990.38,994.35
999.4,990.83,995.64
998.4,993.52,996.37
998.3,992.45,993.89
998.0,993.29,994.29
998.1,993.52,994.37
998.9,994.03,995.22
999.4,993.39,994.11
999.4,993.18,993.49
999.7,993.37,992.96
999.3,993.76,993.82
998.8,993.43,993.53
998.2,993.84,994.61
997.5,991.53,993.48
996.9,992.33,994.67
996.2,991.09,993.12
995.5,991.59,993.51
995.4,988.74,993.77
995.1,989.9,994.13
995.2,991.13,993.77
995.4,992.05,993.76
995.1,992.14,993.65
994.9,992.32,992.79
993.7,991.64,990.07
993.7,991.29,989.43
993.7,991.4,988.48
994.4,992.12,989.66
994.6,992.1,990.65
994.2,992.34,989.2
994.8,993.19,990.26
995.2,993.87,991.98
995.2,993.82,990.0
995.0,993.32,988.75
994.8,992.84,991.05
994.8,992.41,991.19
994.3,992.13,992.6
993.9,990.68,992.78
993.4,990.79,990.24
992.5,990.09,991.77
992.4,989.21,992.19
992.4,989.39,993.62
992.2,990.54,994.71
992.6,991.57,995.43
992.9,991.39,994.97
992.8,991.27,994.75
992.9,991.34,993.28
992.9,991.21,993.94
992.8,991.63,993.32
992.7,991.96,992.47
992.9,993.6,994.18
993.2,991.95,991.54
993.5,992.99,992.99
993.7,992.43,992.08
993.9,993.77,993.53
994.0,992.65,992.28
994.1,993.11,994.53
993.6,993.52,994.76
993.0,995.44,994.3
992.6,995.02,994.62
992.3,991.78,992.7
991.5,990.26,992.27
991.2,993.19,993.55
990.8,991.77,992.47
990.6,990.42,992.51
990.5,992.09,992.86
990.9,990.66,992.84
991.5,990.56,993.68
991.8,992.87,993.45
991.8,991.91,993.85
991.7,991.44,994.1
991.7,991.92,994.19
991.5,992.0,994.14
991.8,992.63,993.89
991.9,993.86,994.01
992.0,992.27,993.51
992.1,992.8,993.68
992.6,991.06,993.75
992.6,992.95,994.03
992.8,992.75,993.56
993.2,991.61,994.06
993.0,993.01,993.19
992.2,992.5,993.22
992.0,991.63,992.94
991.7,991.99,992.8
991.4,990.33,992.4
990.8,991.06,992.43
989.9,991.38,992.22
990.2,991.2,992.51
990.2,992.15,993.21
990.1,991.79,993.26
990.1,992.02,993.85
989.5,992.09,993.49
989.9,992.58,992.26
989.2,992.7,991.58
988.8,992.28,992.06
988.2,991.93,991.76
988.0,993.25,992.76
987.5,992.15,992.18
988.3,992.44,990.74
987.6,993.21,992.74
987.4,993.66,991.17
987.0,993.05,991.89
987.4,993.02,993.02
987.8,993.16,991.79
987.7,994.14,991.92
987.4,993.91,993.96
987.3,993.57,992.84
987.3,992.93,991.85
987.5,992.38,989.38
987.9,992.68,989.83
988.1,993.77,991.55
988.2,992.8,991.2
988.6,993.03,991.17
988.4,992.63,991.59
988.3,990.74,992.75
988.2,992.81,992.08
988.9,993.39,992.82
990.0,992.18,989.76
990.5,991.96,990.57
991.3,993.37,994.81
991.6,992.85,994.58
991.9,993.04,994.98
992.4,992.8,993.92
993.0,993.57,995.43
993.2,994.1,996.58
993.2,994.48,996.19
993.5,995.45,997.53
993.6,993.8,995.19
993.5,994.69,997.13
993.4,994.0,996.95
993.9,993.43,996.42
994.0,993.57,996.33
994.3,993.73,996.52
994.8,993.47,996.23
995.0,993.13,994.89
995.1,992.98,996.19
995.3,993.34,995.97
995.3,993.04,994.59
995.3,993.53,998.08
995.7,991.02,994.42
995.9,993.58,995.18
996.1,991.96,994.36
996.3,992.24,994.24
996.6,993.5,995.17
997.2,991.63,992.4
997.7,993.06,994.26
998.1,992.63,995.41
998.5,991.95,994.83
998.6,992.85,997.39
998.5,992.57,996.99
998.4,992.54,996.82
998.3,992.44,996.56
998.4,991.99,996.57
998.7,992.75,997.82
998.8,992.26,997.05
998.6,992.7,996.99
999.2,992.72,996.91
999.6,992.72,999.71
999.7,992.86,997.9
999.8,992.61,996.68
999.9,993.48,999.01
1000.1,993.63,998.36
999.8,992.92,996.4
999.8,993.55,997.26
999.7,993.77,996.35
999.8,993.53,998.66
999.9,993.57,995.84
1000.5,992.84,996.5
1001.0,994.38,998.06
1001.0,995.72,998.87
1001.8,994.17,996.32
1002.2,995.87,998.81
1002.3,996.61,998.38
1001.6,996.96,998.99
1001.7,996.68,998.89
1001.2,996.63,998.93
1001.1,996.32,998.33
1000.9,995.79,997.82
1000.7,994.99,997.22
1000.3,994.67,997.32
1000.7,995.8,997.74
1000.8,994.99,997.27
1000.7,995.19,996.52
1000.7,995.17,996.44
1000.4,994.76,996.74
999.8,993.15,995.31
999.7,992.61,995.6
999.7,994.76,995.44
999.8,993.42,994.97
1000.1,994.28,994.82
1000.6,994.45,995.85
1000.6,996.21,997.63
1000.9,994.08,996.85
1000.9,996.04,997.45
1000.6,996.31,998.25
1000.5,996.45,998.71
1000.0,995.52,998.13
999.7,995.89,997.9
998.8,995.53,998.11
998.5,993.72,995.07
998.2,993.48,994.02
998.2,994.0,995.84
998.0,993.64,996.3
998.4,993.57,995.55
998.6,992.61,993.32
998.7,992.89,994.44
998.6,993.02,995.55
998.2,992.17,994.79
997.8,993.38,995.85
997.3,993.63,996.6
996.8,993.63,996.32
997.0,994.34,996.93
996.9,995.16,996.58
997.7,993.85,991.91
997.4,991.29,992.78
997.2,992.32,991.77
997.7,993.5,992.73
997.9,993.35,992.25
997.9,993.49,992.23
997.6,992.72,992.68
997.5,990.97,992.97
997.5,994.56,993.44
997.1,993.45,992.81
996.8,994.64,995.06
997.0,992.87,993.2
997.2,994.69,995.27
997.0,991.93,993.48
996.9,993.73,996.95
997.0,993.52,996.66
996.9,993.49,994.3
997.0,992.31,994.84
996.8,991.85,994.47
996.6,991.94,993.95
996.5,992.73,994.32
996.6,992.33,993.34
996.6,993.25,993.64
996.8,992.51,995.14
997.3,993.25,995.9
998.0,992.72,993.57
998.2,993.71,994.93
998.6,994.19,997.16
998.6,995.25,997.22
998.7,994.5,994.96
998.9,996.28,997.43
998.5,996.24,996.29
998.3,996.36,997.23
998.2,995.33,997.03
998.0,996.08,996.26
997.8,995.28,996.71
997.6,994.77,995.18
997.9,995.36,995.72
997.8,995.3,995.59
998.0,994.6,995.09
998.0,993.49,994.09
997.9,994.11,994.89
997.9,994.52,995.68
998.0,992.83,995.22
997.9,993.59,995.46
998.0,994.7,997.26
998.0,994.87,995.89
998.1,993.88,995.9
998.0,994.98,996.32
998.2,994.14,995.77
998.7,995.26,997.86
998.8,995.02,996.71
998.9,995.73,998.79
999.0,996.94,997.94
999.2,996.15,997.58
999.1,996.85,998.64
998.6,996.78,999.5
998.5,995.85,999.47
998.4,997.07,1000.43
998.6,996.15,999.83
998.6,995.66,1000.44
998.7,995.04,999.27
999.1,995.51,999.78
999.5,994.56,998.24
999.5,995.06,998.86
999.5,995.44,999.14
999.8,995.57,999.37
999.7,993.32,995.45
999.7,994.22,995.61
999.8,995.05,996.9
1000.0,995.31,997.87
1000.3,994.46,996.31
1000.8,994.58,994.99
1001.2,994.39,995.93
1001.7,994.05,997.83
1002.0,995.3,998.13
1002.2,996.34,999.8
1002.3,996.85,999.83
1002.2,996.77,999.59
1001.9,997.4,999.42
1001.5,997.5,1000.4
1001.1,996.44,999.37
1000.9,996.25,999.6
1000.6,996.84,998.57
1000.6,996.04,998.67
1000.3,995.28,998.18
1000.6,991.81,996.87
1000.7,994.44,997.43
1001.0,994.04,996.71
1000.9,993.68,995.97
1001.0,992.83,996.29
1001.1,991.54,997.49
1000.8,995.27,997.41
1000.3,994.25,996.72
1000.2,994.62,996.99
1000.3,993.77,996.62
1000.4,994.33,997.69
1001.0,995.09,998.09
1001.0,994.32,997.96
1001.0,996.03,998.21
1000.8,995.17,997.06
1000.6,996.26,998.39
1000.1,996.81,998.34
999.9,997.11,998.29
999.2,996.5,997.8
998.8,996.07,997.19
998.3,995.0,996.71
997.9,993.63,994.46
997.6,993.21,995.35
997.7,994.03,995.48
997.8,994.63,996.35
997.8,993.62,995.04
997.7,993.48,995.37
997.8,994.28,995.94
997.9,993.07,996.94
997.4,993.96,997.34
997.0,994.13,996.6
996.9,994.6,997.41
996.7,994.29,997.93
996.4,993.65,998.09
996.5,995.42,998.3
996.5,993.9,996.22
996.8,994.09,996.57
997.1,994.5,996.98
997.2,994.9,995.74
997.3,994.77,997.21
997.1,993.8,996.96
996.8,994.81,996.33
996.5,995.63,996.31
995.9,994.31,995.75
994.8,994.51,996.82
994.5,992.26,997.76
994.5,995.32,996.94
994.2,993.84,997.27
994.0,995.44,997.72
993.9,995.13,997.09
993.9,994.98,997.3
993.6,992.44,998.18
993.2,996.22,996.55
992.8,995.74,996.93
992.5,995.03,996.2
992.6,993.02,992.53
992.6,993.97,991.64
992.9,991.33,991.25
993.2,992.7,991.79
993.6,995.21,991.04
993.4,993.06,991.15
993.6,993.23,991.84
994.1,993.1,994.01
994.4,993.96,995.31
994.6,993.94,997.41
994.8,992.68,996.06
994.8,993.43,996.15
995.2,992.55,997.52
995.3,993.14,998.93
995.3,992.75,999.29
995.5,992.33,997.79
995.8,993.16,1000.54
995.9,993.77,1000.37
996.1,993.16,999.39
996.1,993.26,998.58
996.1,994.13,1000.26
996.1,994.04,997.92
995.9,993.72,996.04
996.0,992.37,994.74
996.1,993.94,995.32
996.6,993.24,993.96
997.0,993.76,995.54
997.3,994.59,997.29
997.5,996.61,999.61
997.8,996.34,999.01
998.0,996.87,998.84
997.8,997.13,998.94
997.6,995.92,997.7
997.1,996.63,998.18
996.6,995.0,997.7
996.1,996.12,999.31
995.9,995.7,997.92
995.9,994.47,997.58
996.0,993.82,995.93
996.1,994.22,996.37
996.2,993.86,995.88
996.2,993.33,994.9
996.2,993.33,994.49
996.2,993.57,995.88
996.1,993.77,995.78
996.6,993.36,996.18
996.2,994.63,998.04
996.1,995.29,998.45
995.8,994.75,997.78
995.6,993.59,996.8
996.2,994.46,998.38
996.6,994.39,998.03
997.0,994.12,994.94
997.2,994.05,993.85
996.7,991.76,994.3
997.0,994.26,994.38
996.3,995.02,996.16
995.9,992.67,993.3
995.1,994.36,995.56
994.6,993.82,995.22
994.1,994.1,995.42
994.5,993.41,994.54
994.3,992.88,994.13
994.7,993.05,994.97
994.4,992.23,992.79
994.9,992.74,992.17
995.0,993.15,994.68
994.6,992.96,993.61
994.6,991.61,994.93
994.8,992.24,994.15
995.4,993.79,996.71
996.2,993.46,995.53
996.9,992.91,993.48
997.4,992.67,993.55
997.6,993.14,994.76
998.2,993.52,994.82
997.8,994.06,995.13
997.6,992.72,994.55
997.4,993.55,994.7
997.2,993.81,995.09
997.0,994.57,994.43
996.7,993.29,994.2
996.8,993.89,994.04
997.1,993.8,993.8
997.5,994.25,994.61
998.0,994.23,994.56
998.2,992.56,992.43
998.6,990.95,993.43
999.0,991.16,994.02
999.1,991.08,994.92
999.2,992.92,994.85
999.2,991.61,996.66
999.3,991.87,998.29
1000.3,996.0,997.79
1000.4,991.89,997.15
1001.2,994.24,996.65
1001.6,993.99,995.04
1002.2,994.67,995.18
1002.3,995.28,994.66
1002.2,995.81,995.85
1002.1,995.1,995.81
1002.0,996.73,995.68
1001.9,995.15,995.76
1001.3,995.55,994.58
1001.1,993.94,993.18
1001.1,991.59,993.23
1001.0,991.11,993.53
1000.7,993.29,992.87
1000.5,993.59,994.24
1000.7,992.44,993.64
1000.6,993.21,994.5
1000.7,994.52,994.68
1000.8,993.21,994.86
1000.7,993.42,994.2
1000.9,993.68,994.42
1000.7,993.77,995.22
1000.7,993.49,995.63
1000.9,993.42,995.27
1001.0,994.93,996.09
1001.3,994.74,996.33
1001.4,994.13,995.27
1001.2,994.93,995.71
1001.4,995.24,996.22
1001.0,994.67,995.79
1000.6,995.56,998.21
1000.7,995.37,996.91
1000.1,995.56,996.91
999.9,994.22,994.43
999.8,994.31,995.11
999.3,994.16,994.81
998.9,993.48,994.34
998.5,992.7,992.17
998.5,992.73,992.64
998.7,992.3,993.07
998.7,990.81,994.84
998.7,993.1,994.65
998.9,993.72,994.28
998.8,993.24,994.09
998.8,993.19,993.49
998.6,994.08,995.29
998.6,994.41,995.36
998.7,993.99,994.47
998.7,994.94,994.97
998.8,994.31,995.41
999.0,994.73,995.01
998.8,995.07,996.19
998.6,995.58,998.18
998.6,996.13,998.29
998.4,996.44,998.44
998.1,996.24,998.73
997.1,995.04,998.25
996.3,994.19,996.85
996.3,995.05,997.2
996.6,993.53,994.84
996.4,994.36,996.15
996.5,993.78,995.74
996.0,993.41,994.75
996.3,993.2,994.88
996.7,992.82,995.35
996.5,992.92,993.53
996.3,993.01,993.86
995.4,993.37,993.88
995.7,994.01,995.56
995.5,994.66,995.97
995.8,994.0,994.33
995.9,994.12,994.44
996.1,994.28,995.34
996.2,994.16,995.39
996.1,995.09,996.04
996.4,994.61,996.75
996.2,995.33,997.38
996.4,996.0,998.92
996.3,996.41,998.94
996.3,994.78,998.49
995.9,995.53,998.27
995.5,992.84,993.75
995.6,993.32,995.11
995.1,994.16,995.17
995.8,990.82,995.62
996.0,992.56,993.91
996.2,992.95,993.93
996.0,993.1,993.47
996.2,991.65,994.03
996.3,992.71,994.35
996.6,994.25,995.87
996.1,993.02,995.52
996.5,993.9,995.81
996.5,993.7,995.35
996.7,993.4,995.34
997.1,994.17,995.25
997.2,992.81,993.28
997.7,994.46,996.17
998.7,993.46,995.92
998.6,993.24,995.33
998.4,993.17,994.31
998.6,994.78,996.84
998.7,994.72,997.58
998.7,995.52,997.5
998.1,996.46,998.19
998.2,995.3,996.47
998.0,996.33,997.26
997.6,995.52,997.22
997.8,993.6,995.58
997.9,993.94,996.82
998.1,993.47,995.35
998.2,992.81,994.95
998.3,992.17,994.99
998.4,991.67,993.92
998.2,991.65,993.1
998.1,992.92,995.19
997.9,992.81,994.52
997.8,993.07,994.38
997.7,993.94,995.49
997.7,992.62,993.65
998.0,992.32,993.33
998.1,992.8,994.45
998.4,993.05,995.08
999.1,992.68,993.84
999.2,993.9,994.43
998.9,992.94,995.5
999.0,992.55,994.65
998.7,993.49,996.43
998.1,993.33,996.24
997.8,992.21,994.72
997.5,993.33,996.18
997.3,992.69,995.66
997.6,991.29,993.0
997.3,991.73,994.52
997.5,991.37,993.33
998.0,991.83,995.48
998.1,991.92,994.33
997.9,992.2,994.49
998.0,991.23,994.44
997.3,991.29,991.98
997.0,991.67,993.05
996.7,992.55,994.63
997.1,993.02,995.52
997.2,993.06,994.8
997.9,992.01,994.05
997.9,992.46,994.47
998.3,992.55,994.9
998.6,992.23,993.12
998.5,992.47,994.86
997.8,993.08,996.26
997.3,992.26,994.34
997.4,991.98,993.03
996.8,992.39,994.43
996.6,992.65,995.9
996.6,992.48,997.25
999.6,993.1,995.81
999.9,993.14,996.14
1000.3,992.58,995.48
1000.3,994.44,997.74
1000.2,994.56,997.89
1000.1,995.34,997.69
999.9,995.65,997.42
999.4,995.43,997.38
999.3,994.68,997.04
999.1,993.88,996.55
999.4,993.56,996.62
999.6,992.99,996.55
1000.1,993.66,996.57
1000.1,991.93,994.82
1000.3,992.59,994.96
1000.1,993.01,995.36
999.9,992.38,994.18
1000.3,993.72,996.23
1000.4,993.05,995.93
1000.0,992.91,994.96
1000.2,992.93,995.92
1000.2,992.94,995.15
1000.9,992.61,995.12
1001.5,993.86,996.2
1002.1,994.09,996.35
1002.4,993.09,995.73
1002.8,994.39,996.92
1003.6,994.94,997.25
1003.6,994.84,996.91
1003.4,994.93,997.23
1003.3,995.9,997.66
1002.9,995.21,997.7
1002.5,994.81,996.71
1001.5,993.66,995.16
1001.6,993.57,995.72
1001.3,993.16,994.75
1001.7,993.61,995.74
1001.9,993.33,993.92
1002.4,992.49,993.84
1002.4,991.73,993.71
1002.7,992.64,994.09
1003.1,993.17,993.88
1003.1,993.63,995.03
1003.3,992.91,994.04
1003.4,993.01,994.66
1004.0,993.38,995.26
1004.6,994.03,995.46
1004.7,993.31,994.88
1004.9,995.84,995.89
1005.0,994.21,995.16
1005.4,993.93,996.02
1005.8,995.55,996.54
1006.0,996.89,997.08
1005.6,996.07,997.03
1005.2,996.73,998.26
1004.4,996.21,997.03
1003.7,995.18,995.4
1003.2,995.01,995.83
1002.9,994.35,995.53
1002.7,992.34,995.46
1002.8,993.07,993.92
1002.7,993.37,994.19
1003.0,993.96,994.52
1003.2,994.32,994.56
1003.4,994.53,995.93
1003.0,994.08,995.39
1003.0,990.7,994.5
1002.8,993.56,995.05
1003.1,993.32,994.6
1002.9,993.78,994.65
1003.1,993.12,994.98
1003.3,993.93,995.84
1003.5,994.3,996.61
1003.4,994.34,996.49
1003.1,996.87,997.85
1002.8,996.48,997.16
1002.3,995.29,995.61
1001.6,994.59,995.72
1001.0,993.85,994.01
1000.6,993.74,994.37
1000.3,992.66,993.03
1000.6,992.62,993.6
1000.3,992.6,993.18
1000.2,992.95,993.55
1000.2,992.94,993.4
1000.0,993.13,993.81
999.7,993.4,994.58
999.6,993.21,992.86
999.5,991.09,993.82
999.4,991.73,993.77
999.9,992.93,994.92
1000.2,991.38,995.42
1000.4,993.31,996.21
1000.7,994.4,996.81
1000.6,992.86,997.66
1000.5,994.69,996.63
1000.4,994.84,996.4
999.8,993.94,996.11
998.9,994.64,992.5
997.9,994.96,993.85
997.2,994.24,991.59
996.6,994.17,992.0
996.4,994.26,992.29
996.1,993.38,992.34
996.0,992.69,991.8
995.8,991.58,991.1
995.6,992.43,991.85
995.4,991.34,991.99
995.2,991.96,991.63
994.9,992.89,993.3
995.2,993.19,994.44
995.5,993.09,994.18
995.4,992.92,994.43
995.3,992.73,995.14
995.2,993.37,995.11
995.7,993.44,995.0
995.6,994.56,993.94
995.7,993.49,996.82
995.3,993.49,995.61
994.8,993.8,996.31
994.2,993.91,996.22
993.6,993.51,996.82
993.1,992.71,993.75
992.6,991.04,994.56
992.3,991.76,993.58
992.6,991.19,992.89
992.6,992.77,993.16
993.0,992.43,992.93
992.6,991.58,994.05
992.9,993.07,994.03
992.5,992.97,994.43
992.5,994.11,995.03
993.1,993.87,993.5
993.0,994.12,994.37
993.5,994.26,994.26
993.2,993.93,994.51
993.3,992.91,992.26
993.3,993.19,992.19
993.3,993.54,992.16
993.1,993.36,992.55
993.2,994.22,994.07
993.4,994.77,992.66
992.9,994.95,992.56
992.8,993.09,991.79
992.5,994.63,992.55
992.7,995.05,993.28
992.3,994.82,992.31
991.3,995.31,994.2
991.0,993.42,992.31
990.7,993.1,991.92
990.9,993.08,992.56
990.7,993.48,994.2
990.5,993.81,994.88
990.8,993.9,995.34
991.0,993.51,994.4
991.7,994.26,995.37
992.1,993.86,995.74
992.1,995.7,995.33
992.2,995.85,995.96
992.6,995.85,994.85
992.5,995.94,995.82
992.6,996.57,993.11
992.7,997.02,995.84
993.3,996.43,996.0
993.8,997.71,996.49
993.8,997.22,997.59
994.2,997.3,999.82
994.1,996.37,998.7
993.7,997.16,999.26
993.3,997.11,997.33
992.9,996.33,997.92
993.4,996.79,996.12
993.7,995.22,990.92
994.0,996.05,992.87
994.2,997.04,994.4
994.8,996.15,993.09
995.2,996.99,996.28
995.8,996.96,994.94
996.0,996.13,993.53
996.4,995.07,994.4
996.3,994.37,993.18
996.1,995.43,996.81
996.1,995.3,997.73
996.5,996.44,997.66
996.6,995.54,997.07
997.1,996.5,997.3
997.6,995.73,996.79
997.9,995.89,995.57
998.0,995.72,995.08
998.6,995.46,995.87
999.0,997.01,999.18
998.9,997.51,998.15
999.0,997.75,998.66
998.8,997.59,997.14
998.5,996.82,994.53
998.0,997.49,994.42
997.7,995.14,990.93
997.5,996.84,993.84
997.5,997.29,993.68
997.5,998.32,995.89
997.4,996.85,994.11
997.4,998.13,995.24
997.4,998.17,995.98
996.9,997.54,996.44
996.5,995.99,994.53
996.1,997.03,994.56
995.7,996.78,996.21
995.6,997.66,994.77
995.1,997.75,994.82
994.9,997.11,994.53
994.6,996.61,995.78
994.7,997.29,995.93
994.5,997.55,996.48
994.6,995.83,996.08
994.5,997.89,997.38
994.4,997.79,995.92
993.9,998.58,998.04
993.3,998.36,997.57
992.7,998.72,995.99
991.8,998.32,996.7
991.5,996.91,995.03
991.2,997.18,994.73
991.3,997.95,997.32
991.2,998.26,997.02
991.3,998.24,996.77
991.1,997.7,997.28
990.8,997.68,996.63
990.7,996.54,994.8
990.2,996.9,996.06
989.9,996.37,995.97
989.6,997.47,997.11
989.4,996.8,996.83
989.0,997.15,996.03
989.0,996.6,996.08
988.9,996.9,997.06
989.3,997.6,996.78
989.3,998.61,996.5
989.7,998.98,997.33
989.9,999.93,999.56
989.7,998.32,997.28
989.4,998.81,998.7
988.9,998.12,995.38
988.2,998.49,995.66
987.6,998.13,996.11
987.4,998.23,994.96
987.1,997.74,995.6
987.2,997.75,994.23
987.7,998.57,995.31
988.0,999.15,996.07
988.0,998.04,996.18
988.0,997.54,997.0
988.0,998.59,998.6
988.1,998.36,999.22
987.8,998.85,999.3
987.6,998.93,999.1
987.5,998.29,998.2
987.3,999.1,998.45
987.5,999.07,996.41
987.5,998.51,998.02
988.0,998.6,998.52
988.0,998.69,999.63
988.1,998.57,998.68
988.3,998.55,998.97
988.6,997.47,999.62
988.5,998.42,1000.3
988.4,998.03,998.65
987.7,997.51,996.58
987.2,996.88,995.06
987.2,995.66,993.59
986.9,996.1,995.78
987.0,994.89,992.93
987.2,996.59,995.22
987.5,995.55,996.09
987.8,996.67,995.55
988.1,995.97,995.6
988.3,996.65,996.81
988.4,996.83,996.65
988.4,997.38,996.51
988.5,996.95,995.57
988.2,998.72,998.51
988.0,997.94,997.66
988.0,997.67,996.36
988.2,998.58,998.0
988.9,999.37,997.42
989.2,999.05,997.21
989.5,999.66,998.16
990.2,998.24,997.01
990.0,998.71,999.86
990.1,997.47,997.27
989.7,996.55,996.74
988.9,996.54,996.57
988.2,997.44,998.72
988.1,997.74,995.97
987.9,997.54,996.8
988.3,996.13,996.54
988.0,995.84,994.68
988.0,995.72,995.19
989.4,995.48,995.39
988.4,995.14,992.71
989.3,995.57,994.19
989.6,995.13,994.54
989.7,994.06,991.3
989.3,992.97,988.58
989.6,994.21,991.66
989.3,993.58,992.62
988.6,994.44,991.53
989.1,993.95,992.76
989.6,992.9,990.96
990.0,994.8,993.03
990.9,993.92,993.82
991.2,992.95,992.59
991.8,993.89,993.99
991.7,994.03,994.77
992.0,994.51,994.38
991.9,993.66,993.81
991.6,995.02,995.09
991.8,995.15,995.33
991.5,993.87,994.74
991.7,993.71,995.1
991.8,993.91,995.84
992.3,992.8,993.58
992.9,991.89,992.07
992.8,991.67,991.82
993.1,991.2,989.79
993.2,990.99,990.67
993.5,990.75,990.73
993.4,991.63,991.6
993.2,991.39,991.63
993.2,991.37,991.29
993.0,991.61,990.12
992.9,992.07,991.35
993.1,992.1,992.68
992.9,991.85,988.66
992.7,992.33,990.09
992.5,992.29,991.52
992.0,992.65,990.97
991.4,992.45,990.12
990.3,993.39,992.31
988.6,992.27,989.13
988.5,993.72,993.28
987.2,992.36,990.37
987.1,992.5,990.31
987.4,992.52,989.98
986.8,991.93,989.13
986.5,992.41,989.55
986.3,992.46,991.55
985.3,992.52,989.74
984.7,992.19,989.76
984.0,991.62,987.98
983.9,991.8,986.3
983.9,992.16,986.3
983.3,992.34,987.56
983.5,991.11,987.78
983.9,990.79,990.23
984.3,991.34,990.48
985.2,990.26,990.84
986.5,989.94,990.03
986.5,989.79,989.25
988.5,988.78,988.29
989.4,989.46,990.44
990.1,989.44,987.08
990.5,989.59,986.53
991.8,991.87,992.76
992.7,990.01,988.07
993.6,990.55,987.12
994.3,991.44,990.55
994.8,991.64,995.41
995.7,991.4,995.84
996.1,991.11,992.72
996.4,990.59,991.56
996.4,991.48,992.12
996.4,991.66,993.65
996.3,992.34,996.48
996.3,992.85,997.08
996.5,993.47,995.92
996.8,992.78,994.85
997.1,992.43,989.69
997.2,992.33,988.12
997.3,993.89,989.75
997.4,993.1,989.5
997.3,993.9,993.85
997.2,994.48,992.94
997.3,995.64,994.22
997.3,997.49,997.09
997.0,994.13,993.71
996.4,994.77,995.62
995.7,994.72,994.05
995.6,993.77,993.2
995.5,993.91,990.51
995.6,995.07,995.75
995.8,992.83,995.3
995.7,992.98,992.38
995.6,994.0,993.6
995.6,994.66,993.35
995.3,994.66,993.86
995.3,994.13,995.53
995.0,994.06,992.97
995.1,993.93,992.58
995.4,992.79,992.75
995.4,992.08,991.29
995.4,992.82,996.36
995.5,992.81,995.78
995.7,993.9,997.17
996.4,994.3,996.49
996.9,992.93,993.92
997.3,994.55,994.48
997.5,992.74,991.43
997.4,994.17,993.53
997.6,994.32,992.18
997.1,995.33,994.45
996.6,994.63,994.67
996.5,994.29,993.2
996.5,994.67,994.06
996.8,994.9,994.78
997.1,995.26,996.06
997.2,995.26,994.81
997.3,995.83,996.32
997.4,995.83,996.56
997.4,995.55,996.91
997.2,994.23,995.09
997.2,992.77,995.0
997.0,994.91,996.79
997.0,995.57,997.38
996.5,994.96,997.68
996.4,995.75,998.0
996.6,994.81,996.12
996.8,996.2,998.1
997.0,995.12,996.72
997.7,995.41,996.32
997.7,996.03,999.22
997.7,997.03,998.52
996.7,995.68,996.64
995.9,994.9,994.66
995.5,996.49,996.64
994.8,996.57,995.4
994.9,994.3,994.09
994.7,995.05,993.78
994.7,995.49,995.71
994.8,996.39,996.08
994.8,995.26,997.63
994.9,995.69,997.85
994.7,993.2,997.95
995.0,993.19,1000.52
994.8,993.53,1003.41
994.6,993.88,1003.44
994.8,993.96,1003.34
994.6,993.97,999.44
994.5,993.94,999.12
994.4,995.59,998.57
994.5,996.44,998.67
994.3,995.82,998.5
994.0,996.78,999.48
993.8,993.98,998.96
993.5,996.06,998.05
993.0,996.54,998.69
992.4,996.66,1000.04
991.7,996.09,997.38
991.1,996.14,997.11
990.1,995.5,997.08
989.8,995.01,996.57
988.1,994.73,994.52
988.7,994.21,995.83
989.4,995.22,996.56
989.3,994.24,995.7
989.3,993.95,995.97
989.4,994.28,995.76
989.5,994.08,994.29
989.1,993.19,992.35
988.8,993.5,992.28
988.3,992.95,991.64
987.6,994.68,995.52
986.8,993.5,994.47
986.7,994.18,996.0
986.5,993.47,994.46
986.0,994.53,995.59
985.9,994.15,995.75
985.6,993.92,995.78
985.2,994.08,994.61
982.8,993.88,995.97
982.7,994.03,995.23
982.8,993.12,992.2
982.9,993.3,992.85
982.7,993.84,993.11
982.5,993.06,991.07
982.4,993.2,992.47
982.2,993.73,993.94
981.9,993.28,992.55
981.8,992.93,991.43
981.5,993.06,991.27
981.2,993.22,991.74
981.5,993.78,992.42
982.0,994.6,992.68
982.3,993.92,991.6
982.6,994.74,993.01
982.9,994.17,994.8
983.3,994.75,994.67
983.6,994.32,992.51
984.1,994.56,992.42
984.4,994.52,992.1
984.7,994.26,989.36
984.8,995.57,994.65
985.2,996.64,996.58
985.9,995.27,993.83
986.0,996.06,994.92
986.2,995.23,997.18
986.4,994.19,996.72
986.4,996.2,996.5
986.7,995.88,996.23
986.8,995.37,997.78
986.5,995.5,997.93
986.3,996.51,998.98
986.1,996.29,998.94
985.4,996.11,998.73
985.4,995.73,997.85
985.0,995.76,998.61
984.8,995.7,998.98
984.2,993.24,998.29
983.4,995.75,999.33
982.5,995.93,998.44
981.5,996.03,998.93
981.2,996.8,998.77
980.2,996.25,999.57
981.9,995.27,996.11
983.4,993.89,993.6
984.5,995.88,998.39
985.8,994.27,996.16
988.6,993.56,994.07
989.9,993.07,991.72
990.8,992.7,987.31
991.6,993.06,989.62
992.4,994.61,992.2
993.0,995.04,993.31
993.8,993.68,993.7
994.4,994.69,991.92
996.0,994.85,993.82
996.6,995.49,994.98
997.5,995.55,992.66
998.2,996.17,995.72
999.0,996.6,998.1
999.3,996.69,996.98
999.8,997.45,998.64
999.7,996.82,997.88
999.1,996.87,998.53
998.9,997.22,997.98
998.8,997.24,997.83
998.7,997.0,996.77
998.7,995.19,995.23
999.2,995.84,996.13
999.3,995.25,995.83
999.5,995.45,994.3
999.8,994.87,994.21
999.7,995.54,994.59
999.8,995.61,994.28
999.3,995.16,994.29
999.9,994.55,993.74
1000.1,994.62,993.15
999.8,995.55,995.3
1000.0,995.69,994.94
1000.3,995.18,995.76
1000.4,995.24,996.25
1000.5,995.63,998.21
1000.1,996.85,997.35
999.9,996.45,995.66
999.1,996.57,995.18
998.1,995.83,992.89
996.7,996.27,996.5
995.5,994.64,992.63
995.0,994.7,992.83
994.6,995.16,993.97
994.6,993.39,995.52
994.7,995.16,994.71
994.6,993.76,995.44
994.7,993.73,993.03
995.0,994.39,996.51
994.6,994.31,995.54
994.4,994.47,996.41
994.6,994.64,994.0
994.6,993.96,992.06
994.5,995.74,994.27
994.6,995.42,994.18
994.6,994.1,993.07
995.0,993.46,992.18
995.1,994.18,993.35
995.5,993.22,994.5
996.5,994.38,995.62
997.1,994.21,995.51
996.9,994.29,996.44
996.2,993.84,994.63
995.3,991.75,991.11
994.4,992.67,993.79
994.2,991.4,990.45
994.1,990.5,990.81
994.5,991.53,993.48
995.0,991.96,993.42
995.5,993.05,994.02
995.3,994.23,994.24
996.3,994.02,995.94
996.5,993.91,995.78
996.5,994.7,995.98
996.2,993.73,995.41
996.4,993.24,993.91
997.0,994.09,994.03
996.8,994.76,993.42
996.9,995.6,994.48
997.1,995.53,993.81
996.6,994.08,990.97
996.8,993.35,988.33
997.1,993.92,990.25
997.0,994.18,990.64
996.9,993.98,990.58
996.8,993.49,991.75
996.3,994.11,993.02
995.9,993.44,993.5
996.0,992.75,994.47
996.2,994.19,995.76
996.2,991.0,995.71
996.9,994.19,993.83
997.1,993.12,993.23
997.0,993.35,993.16
996.7,993.28,993.57
996.7,992.03,994.46
996.6,993.25,996.65
996.4,992.08,995.93
996.2,992.6,996.08
996.3,992.31,995.34
996.2,992.14,993.98
995.6,993.16,996.17
995.3,990.13,996.01
995.1,992.21,994.75
994.7,992.8,995.36
994.7,992.72,994.04
995.0,994.67,996.44
994.7,992.68,994.73
993.9,993.15,994.58
993.5,992.39,993.35
992.9,992.64,991.47
992.6,992.69,992.86
993.2,992.37,994.02
993.3,993.92,995.35
993.1,992.23,993.53
993.1,992.88,993.46
993.0,992.37,993.73
992.8,992.82,994.6
992.9,991.49,993.92
993.3,993.34,995.72
993.3,992.3,994.08
992.7,992.47,995.08
992.4,993.98,996.24
992.8,992.5,994.53
992.5,992.35,993.67
992.7,992.66,994.69
993.0,994.02,995.9
993.2,992.82,994.9
993.1,992.26,993.73
993.4,992.25,994.74
993.6,993.05,994.37
993.8,991.9,992.02
993.7,992.69,994.52
993.6,991.42,992.32
993.3,993.09,994.72
993.2,992.05,992.96
993.2,992.23,993.31
993.1,991.92,992.8
994.3,992.99,993.69
995.6,993.34,992.49
996.2,994.29,993.11
997.5,995.86,993.47
998.5,994.65,990.12
999.3,996.3,993.55
1000.0,995.7,990.99
1000.8,997.12,994.61
1001.7,996.26,992.74
1002.1,997.44,994.45
1002.8,997.96,994.65
1003.5,996.8,988.9
1004.0,997.21,993.89
1004.3,997.24,993.96
1004.5,997.31,995.11
1005.2,997.14,993.92
1005.3,995.48,990.01
1005.2,995.49,992.96
1005.3,995.94,997.44
1004.7,995.45,995.61
1003.6,996.17,996.07
1002.5,995.77,995.44
1002.5,996.49,997.18
1001.8,996.05,998.56
1002.1,995.19,1000.29
1001.8,993.64,995.26
1001.8,993.67,995.11
1001.8,994.21,999.6
1001.4,993.91,1000.46
1001.2,993.78,999.25
1000.4,992.85,999.21
1000.2,992.7,1000.65
999.7,993.35,996.65
1000.0,994.57,999.94
999.1,993.66,1000.1
999.0,994.27,1001.93
999.3,994.84,1001.92
999.5,994.99,1000.21
999.3,993.96,999.62
1000.0,993.68,997.04
999.8,993.55,995.77
999.9,994.05,996.83
999.6,995.56,999.07
999.0,995.11,997.28
998.5,994.12,994.67
997.8,994.02,992.36
997.8,991.29,989.75
998.9,993.78,992.64
999.2,994.36,993.36
998.8,993.88,992.0
999.1,994.16,991.28
999.4,994.87,993.08
1000.1,994.7,992.29
999.8,995.75,992.94
999.6,997.43,992.32
999.5,998.0,990.05
999.5,999.52,994.54
999.4,999.6,994.9
999.7,998.88,994.33
1000.1,998.88,997.61
1000.5,1000.13,996.94
1001.1,999.17,997.34
1001.6,1000.24,1000.51
1001.9,1000.71,1002.14
1002.1,1000.35,1000.38
1001.9,1000.68,1001.84
1001.3,1000.43,1000.04
1001.0,1001.48,1000.86
1000.8,1000.71,1001.29
1000.8,1001.18,1002.29
1000.7,1002.57,1003.08
1000.9,1000.48,1002.17
1001.4,1001.3,1001.8
1001.6,1001.48,1003.74
1001.6,1001.08,1003.74
1001.6,999.63,1003.43
1001.5,1001.08,1002.74
1001.0,1000.62,1003.84
1000.4,1001.79,1004.59
1000.0,1001.76,1004.78
999.4,999.62,1003.93
998.8,1000.36,1003.23
998.3,998.76,1000.05
997.7,999.37,999.34
997.0,999.19,999.74
996.7,999.82,1002.02
996.4,998.45,1000.85
996.2,996.82,996.01
996.0,998.77,995.41
996.0,1000.46,997.69
995.9,997.86,992.62
996.1,996.62,995.99
996.9,996.04,996.23
997.6,995.14,994.54
997.8,997.05,996.01
998.6,997.17,997.1
999.6,996.73,997.96
1000.1,995.98,995.62
1001.0,994.47,993.08
1002.4,994.09,993.58
1003.6,994.01,993.36
1003.9,993.53,991.63
1004.6,994.67,992.09
1005.1,995.15,993.4
1005.4,994.92,992.17
1005.5,996.13,994.31
1005.7,995.37,993.02
1006.3,996.47,997.66
1006.7,996.16,997.04
1007.1,996.94,1000.16
1007.8,996.19,997.83
1008.0,996.79,999.87
1007.9,998.38,999.42
1007.5,997.46,996.43
1006.9,999.18,998.29
1005.8,998.89,996.9
1005.1,999.49,998.22
1004.7,999.41,1000.28
1004.3,998.44,997.26
1003.7,997.95,996.94
1003.8,998.83,998.61
1003.9,998.57,999.49
1003.6,999.36,998.54
1003.5,997.35,995.07
1003.7,997.21,994.62
1003.5,996.96,993.89
1003.2,997.59,995.63
1003.1,997.09,993.83
1003.1,999.05,998.93
1002.6,998.81,998.57
1002.4,998.22,997.46
1002.5,998.63,997.84
1002.4,999.27,999.01
1002.4,997.84,995.05
1002.6,999.62,999.76
1002.7,998.87,997.22
1002.5,999.12,999.37
1002.3,998.76,997.93
1001.5,997.41,995.84
1000.7,997.86,999.91
1000.0,996.76,997.82
999.9,996.84,999.06
999.8,996.87,998.71
999.4,996.71,996.94
999.6,995.75,994.9
999.9,997.2,996.38
999.4,996.42,996.73
999.2,997.17,999.91
999.1,998.25,999.31
998.6,997.39,997.16
998.4,998.03,996.94
997.8,997.9,996.37
997.9,997.09,995.27
997.1,996.9,994.19
996.8,996.48,993.56
996.6,997.22,993.33
996.6,996.88,993.0
996.3,996.93,994.34
996.7,997.26,994.63
996.4,996.82,994.12
996.6,997.89,994.51
996.3,996.96,995.35
995.4,997.4,994.68
994.8,996.18,994.72
994.9,997.36,996.31
994.1,996.73,996.7
995.1,996.84,997.0
996.1,995.85,997.09
996.4,995.35,997.52
997.2,996.53,996.93
997.5,997.52,996.01
998.0,995.9,996.42
997.9,993.61,995.99
997.6,993.57,996.38
997.4,993.59,997.2
997.5,992.94,995.58
997.5,995.38,996.54
997.5,995.18,994.84
997.9,992.56,998.33
998.6,994.59,994.16
998.8,995.7,996.64
999.5,995.33,997.42
1000.1,994.17,996.57
1000.4,996.0,997.22
1000.6,997.3,1000.58
1000.6,996.21,997.65
1000.2,995.23,996.31
999.7,995.2,996.31
999.6,995.43,995.38
1000.0,995.96,997.08
1000.3,995.07,994.9
1000.4,995.96,997.36
1000.7,996.04,996.52
1000.7,995.86,994.74
1000.6,996.26,995.73
1000.6,994.49,995.9
1000.8,994.68,996.69
1000.7,992.57,997.06
1000.6,992.71,996.66
1000.6,995.73,997.31
1000.7,995.21,997.15
1000.8,994.98,999.49
1000.9,994.92,999.03
1001.2,994.52,994.13
1001.2,994.93,995.61
1001.2,994.52,992.89
1001.0,995.14,993.7
1001.1,995.8,995.17
1001.0,996.46,995.66
999.9,995.31,993.33
998.9,995.84,993.09
997.7,996.92,993.24
997.2,996.17,995.1
996.8,996.41,995.5
996.5,993.45,996.46
995.9,996.11,995.58
995.7,996.29,995.87
995.3,995.97,996.99
994.9,995.92,997.89
994.3,996.47,996.69
993.7,995.64,996.74
992.8,995.85,998.18
992.2,996.54,997.95
991.3,995.84,997.16
990.2,996.69,998.77
989.1,995.81,998.2
988.5,995.78,999.6
986.5,995.51,998.87
985.7,994.83,994.8
985.4,995.57,997.06
984.7,995.22,995.27
984.3,993.87,990.25
984.3,994.11,991.13
983.4,992.96,988.32
983.1,992.69,990.28
982.9,992.97,993.07
983.3,992.59,991.79
983.8,992.02,993.16
984.7,993.02,993.27
985.1,993.31,993.3
985.7,994.11,993.66
986.0,994.46,994.58
986.6,994.92,995.61
987.7,995.86,996.6
988.7,996.03,996.15
989.5,996.17,995.95
989.9,996.58,997.02
990.7,997.39,996.68
991.5,997.6,996.52
992.2,996.54,994.87
993.0,996.63,995.6
993.6,996.58,996.09
994.7,996.11,994.85
995.4,996.76,995.9
995.8,998.01,998.92
996.0,997.32,998.45
995.7,997.17,997.66
995.9,997.59,997.42
996.1,997.24,997.11
996.1,996.52,996.1
996.5,995.62,997.23
996.7,995.26,999.31
996.9,995.4,1000.92
997.4,994.99,997.6
996.4,995.23,998.95
996.0,994.59,998.31
995.3,993.03,995.69
995.0,992.18,992.24
995.2,994.23,995.46
993.7,993.55,992.02
992.2,994.02,993.54
991.4,993.34,991.7
990.2,993.98,992.21
990.0,993.85,991.48
989.4,993.43,990.75
989.5,993.65,991.97
989.4,992.85,988.96
988.6,993.38,991.73
986.9,993.97,992.81
985.6,993.04,989.81
984.5,994.45,992.75
983.5,994.31,991.47
982.8,995.06,991.55
982.3,992.68,987.76
982.2,993.47,992.65
981.9,992.51,990.82
992.2,993.97,993.36
993.3,994.14,990.34
994.6,996.17,994.5
995.4,996.99,993.32
996.6,996.87,993.55
996.6,998.14,991.18
996.9,996.43,989.37
997.1,997.46,991.57
997.5,997.38,992.16
997.7,996.85,992.86
997.9,996.71,991.99
997.7,997.86,994.44
997.6,997.21,995.39
997.5,997.57,994.12
997.4,997.5,992.74
997.2,997.41,992.84
997.3,997.52,990.48
997.9,998.03,995.01
997.9,997.69,996.45
998.0,999.68,996.83
998.3,997.83,994.63
998.9,997.82,993.35
999.3,997.42,993.11
999.7,997.26,998.69
1000.4,995.84,1001.67
1000.4,998.82,998.92
1000.8,1000.13,1003.35
1001.4,998.86,999.14
1001.6,999.07,1000.32
1001.8,1000.23,1002.35
1002.1,1000.33,1001.13
1003.0,1000.1,998.74
1003.7,998.16,994.64
1004.1,999.61,998.74
1004.6,999.31,997.62
1005.0,999.64,997.87
1005.7,999.21,997.6
1006.5,999.89,998.56
1006.8,999.01,997.15
1007.3,998.03,996.2
1007.3,998.33,999.35
1007.6,998.85,1000.12
1008.0,998.03,998.68
1008.3,998.54,1002.2
1008.3,998.88,1002.63
1008.8,998.87,1003.23
1009.2,999.36,1003.0
1009.8,998.05,1001.94
1010.1,997.82,1001.69
1010.3,995.21,998.27
1010.2,999.57,999.79
1010.4,997.85,996.18
1009.4,996.49,994.15
1008.9,998.65,995.92
1008.8,997.14,994.55
1008.3,996.61,994.31
1007.7,995.64,993.8
1007.7,996.02,994.59
1008.2,996.27,994.25
1008.3,995.73,993.37
1008.3,996.9,994.61
1008.2,997.68,996.46
1008.1,995.98,996.31
1007.9,997.22,995.77
1007.8,997.89,996.76
1007.9,997.32,997.32
1007.9,998.49,998.24
1008.0,998.25,998.6
1007.0,998.22,996.59
1007.3,997.8,995.12
1007.8,996.86,996.11
1008.5,998.79,999.52
1008.6,997.44,999.58
1008.2,997.96,996.07
1007.8,998.19,996.45
1007.2,998.1,997.83
1005.8,997.44,996.13
1005.0,999.51,997.81
1004.4,997.43,995.56
1003.7,996.9,995.56
1003.2,998.08,996.06
1003.2,997.71,997.31
1003.4,997.6,997.83
1003.3,997.61,998.2
1003.4,997.66,998.42
1003.1,997.93,996.66
1003.0,996.58,994.47
1002.5,996.66,993.74
1002.6,996.5,993.06
1002.8,998.08,995.35
1003.3,997.02,992.92
1003.5,997.35,993.84
1004.0,997.24,993.7
1004.4,998.43,994.8
1004.7,997.59,992.77
1005.2,997.8,995.75
1005.7,997.79,995.64
1005.8,998.22,996.27
1006.2,997.93,995.94
1006.0,996.53,992.3
1006.0,997.04,994.03
1005.8,998.23,996.98
1005.6,996.8,994.07
1005.9,997.63,995.61
1005.8,997.8,998.61
1005.9,998.29,997.12
1006.3,998.73,996.27
1006.7,998.52,995.79
1007.5,998.19,996.13
1008.0,999.8,998.52
1008.2,999.29,998.19
1008.2,1000.29,998.3
1008.1,1000.52,998.55
1008.1,1000.91,998.85
1008.5,1000.5,997.85
1008.3,1001.21,998.93
1008.0,1000.78,997.42
1008.2,998.08,998.23
1008.4,998.13,997.72
1008.6,999.26,998.53
1008.4,999.49,998.88
1007.9,1000.22,1000.3
1007.5,1000.63,1001.23
1006.8,999.43,998.33
1005.9,998.53,997.02
1005.1,997.82,995.32
1004.0,997.88,994.68
1003.4,996.88,996.9
1003.1,997.39,997.34
1002.7,998.01,996.88
1002.3,997.42,996.44
1002.2,997.4,996.31
1001.7,997.87,996.63
1001.7,998.85,997.29
1001.5,998.64,997.16
1001.3,998.65,997.41
1001.1,999.92,998.22
1001.0,998.34,995.91
1000.5,998.36,995.15
1000.2,998.7,994.75
1000.0,998.63,996.65
1000.1,998.25,994.99
1000.0,997.7,994.18
999.9,997.96,994.5
1000.3,997.47,994.44
1000.8,998.13,998.09
1000.8,995.73,992.58
999.9,996.27,994.18
999.6,994.39,995.83
999.4,996.83,993.94
999.4,995.1,993.86
999.8,995.84,995.69
1000.2,996.76,997.63
1000.4,996.44,998.61
1000.7,996.28,998.62
1000.6,994.04,998.23
1000.9,994.3,995.47
1000.9,996.37,996.62
1000.6,996.28,995.22
1000.4,994.77,1003.53
1000.1,996.44,1003.47
1000.0,997.31,1002.6
999.5,997.33,1001.62
999.5,996.15,998.49
998.7,997.67,1000.19
998.0,996.86,997.92
998.5,996.65,995.72
998.2,997.56,997.38
997.5,996.31,994.45
996.7,996.85,998.73
995.5,996.15,997.32
994.1,996.05,997.42
991.6,995.02,996.37
991.0,995.51,996.61
990.1,995.7,996.26
989.9,995.75,996.01
989.6,994.05,993.15
989.4,994.7,994.47
989.0,995.15,995.8
988.6,995.77,996.9
987.9,994.61,996.5
987.5,994.73,997.62
987.0,994.72,997.98
986.9,993.14,994.21
987.3,993.69,994.47
987.4,994.2,995.45
987.1,993.67,994.41
987.9,993.17,993.82
989.7,994.64,997.91
990.8,994.15,994.35
992.1,995.13,996.99
992.6,995.14,995.89
993.1,996.71,997.54
993.3,994.93,992.13
993.5,995.26,993.78
994.2,996.55,997.17
994.4,996.32,995.93
994.6,997.29,996.04
995.2,997.7,997.09
995.8,997.38,997.32
996.1,997.72,996.38
996.7,997.56,994.5
997.0,999.07,994.96
997.5,999.91,995.01
997.5,1000.23,994.85
997.6,1000.02,996.82
997.5,999.83,998.33
997.2,1000.63,1000.15
997.2,999.92,1001.97
997.4,1000.4,1003.12
997.4,1000.97,1002.96
997.2,1000.22,1003.23
997.3,1000.88,1001.98
997.1,1001.51,1003.12
997.4,1000.21,999.82
997.7,1000.29,1002.18
996.9,998.77,997.07
995.8,999.47,998.78
994.9,998.72,999.14
994.0,998.86,998.96
993.8,998.07,1000.92
993.9,997.72,1001.34
993.7,997.78,999.17
993.7,998.12,1000.91
993.9,998.62,1000.07
993.5,997.96,997.24
993.4,998.42,997.11
993.3,998.08,995.06
993.6,998.53,995.75
994.2,998.99,996.05
994.4,999.74,996.87
994.5,998.76,996.23
994.7,999.47,996.31
994.8,999.04,996.77
995.3,999.44,994.45
995.8,998.88,995.3
996.1,996.39,995.26
996.8,994.68,996.17
997.2,997.94,998.57
997.4,998.67,997.64
997.5,997.79,995.23
996.7,997.23,995.77
996.8,999.3,997.0
996.6,997.51,994.83
996.9,997.2,995.32
997.0,996.62,994.82
997.0,996.05,994.06
997.6,996.43,993.86
998.0,996.18,997.58
998.1,995.1,996.05
998.3,994.58,995.96
998.5,994.93,998.1
998.4,994.84,995.81
998.4,993.89,992.79
998.4,994.71,997.33
998.5,994.33,994.93
998.9,995.66,996.48
999.4,994.86,995.06
1000.2,995.22,994.86
1000.9,994.29,991.58
1001.3,995.29,995.08
1001.3,994.59,993.09
1001.7,994.06,992.1
1001.1,995.83,997.16
1000.1,995.24,993.97
999.5,995.13,993.36
999.0,995.09,994.33
998.5,994.18,992.95
999.0,994.84,997.53
999.0,994.43,995.39
998.1,994.77,1002.29
998.3,993.03,994.48
998.5,993.62,994.14
997.5,993.44,994.9
996.6,993.88,997.46
995.4,992.2,993.47
994.4,991.02,995.41
993.3,993.15,997.16
991.9,992.7,994.29
990.5,993.15,996.78
989.5,992.24,992.18
989.0,993.4,993.34
988.5,994.54,992.84
988.0,994.22,992.43
987.7,993.41,991.64
987.6,994.27,992.67
987.8,993.5,991.71
988.4,994.73,991.06
988.5,994.2,990.09
989.0,994.74,990.51
989.1,996.19,993.04
989.8,995.25,992.49
990.9,995.45,992.71
991.9,994.78,991.81
992.9,995.68,993.69
993.5,995.53,993.44
993.8,994.91,993.91
993.9,994.19,992.42
993.7,995.08,990.67
994.0,995.42,993.38
994.3,996.02,994.47
994.3,996.23,997.51
994.5,995.26,997.52
994.6,995.0,996.83
994.9,992.63,997.39
995.2,995.58,997.77
996.0,994.94,1001.66
996.6,995.35,999.49
996.8,996.25,1002.49
996.8,995.34,1000.43
995.8,996.75,999.38
994.7,995.71,997.58
993.9,996.91,998.8
993.1,997.21,996.48
992.7,996.05,997.57
993.0,996.23,995.05
992.7,995.52,994.51
992.7,995.56,995.67
992.8,995.18,995.29
991.7,994.77,994.02
991.7,994.69,994.68
991.6,995.71,997.36
991.8,994.53,993.66
991.9,994.31,992.48
990.7,994.07,992.82
990.9,995.09,994.44
990.7,994.79,992.9
991.0,994.7,991.54
990.9,995.8,994.14
991.2,995.82,992.02
992.3,995.63,993.61
993.3,996.45,997.6
994.2,997.52,999.06
995.2,998.56,1000.71
995.7,996.21,995.59
996.0,994.51,992.7
996.4,995.57,996.43
997.3,995.36,995.01
998.3,996.12,998.91
999.1,996.27,1000.52
999.8,996.17,1000.56
1000.6,996.16,999.6
1001.2,995.09,997.83
1001.7,996.59,1002.37
1002.2,995.93,998.51
1002.6,995.46,998.04
1003.1,996.91,998.74
1003.9,995.81,995.03
1004.4,996.68,996.75
1005.1,995.67,994.08
1005.7,996.53,994.71
1006.4,995.75,995.69
1007.4,995.4,994.65
1008.1,996.08,995.7
1009.5,996.31,996.08
1010.3,997.91,997.74
1010.8,996.83,997.36
1011.2,997.0,997.08
1010.9,995.64,992.87
1010.8,997.87,997.74
1010.4,998.44,998.11
1009.9,997.19,995.5
1010.1,998.55,998.3
1010.5,997.35,997.52
1010.7,998.31,1001.81
1011.0,997.91,1001.87
1011.1,997.33,1002.54
1011.1,999.71,999.76
1011.1,1001.13,998.86
1010.6,1000.11,998.94
1010.5,1000.69,1000.28
1010.1,1001.15,999.62
1009.6,1000.06,999.01
1009.0,1000.81,1002.15
1008.8,1000.26,1001.98
1008.6,998.75,1000.45
1008.2,999.38,1001.13
1008.1,1000.66,1001.62
1008.1,1001.08,1005.18
1008.0,1001.63,1002.78
1007.7,1001.66,1002.17
1007.8,1001.75,1001.86
1006.7,1000.08,1001.16
1005.3,1001.53,1000.1
1003.9,1001.9,999.96
1003.0,1001.35,999.29
1002.5,1001.53,999.94
1001.8,1001.32,1000.35
1000.8,1000.45,1000.25
1000.5,1000.13,999.15
999.6,999.36,998.35
999.6,999.05,998.01
999.4,1000.2,999.08
998.3,999.97,998.97
997.8,998.44,996.92
996.9,998.42,997.89
996.0,998.39,998.43
995.2,999.26,998.93
994.6,999.32,1002.13
993.4,999.03,1003.03
992.5,999.29,1002.96
991.5,998.49,1001.49
991.2,996.21,1000.1
990.6,994.94,1000.81
989.5,992.57,999.49
988.5,995.96,1000.52
987.8,995.7,997.78
986.7,993.93,998.15
986.1,994.37,996.5
985.5,992.2,997.28
985.5,994.1,994.71
985.9,994.57,996.81
986.4,995.77,998.53
987.4,994.45,994.8
988.2,997.23,997.47
989.2,998.17,1000.08
989.5,997.09,997.91
990.4,995.66,994.36
991.1,996.54,995.57
991.6,997.27,996.53
991.9,996.64,998.18
992.4,998.18,995.83
992.8,998.84,998.37
993.2,998.63,999.48
993.7,1000.45,997.99
994.3,1001.0,999.82
994.4,1001.4,998.47
994.6,1001.72,998.57
994.8,999.74,995.8
994.7,999.69,996.46
994.7,999.78,997.9
994.1,1000.39,997.34
993.9,1000.9,998.55
993.8,998.98,996.85
994.5,999.48,998.5
994.8,999.67,1000.43
995.5,999.47,1001.17
996.0,999.61,1002.25
996.4,999.14,1002.52
996.9,1000.19,1003.95
997.5,1000.22,1002.49
997.6,1000.39,1002.18
997.9,999.86,1000.86
998.2,1001.58,1003.34
998.7,1001.08,1001.55
999.2,1002.11,999.01
999.8,1003.58,1002.25
1000.4,1002.6,1001.67
1001.1,1002.08,1002.89
1002.0,1000.89,1000.37
1002.7,1002.37,1002.31
1003.4,1002.19,1002.74
1003.9,1002.79,1000.82
1004.4,1002.36,999.9
1004.3,1001.85,1001.24
1003.7,1002.64,1000.76
1002.8,1002.81,1002.56
1002.7,1003.19,1000.41
1002.5,1001.39,1000.19
1001.8,1000.46,998.08
1001.8,1000.86,998.99
1001.4,1000.95,1001.87
1000.5,999.1,998.5
998.8,999.47,1001.39
997.7,998.8,999.26
996.9,998.38,997.73
996.4,998.5,996.92
994.9,1000.51,998.68
994.0,999.27,992.56
992.8,999.33,992.52
991.6,999.8,993.82
991.0,998.82,992.85
991.1,997.65,991.23
991.0,996.86,993.97
991.1,998.43,995.99
990.9,997.57,992.29
990.4,997.69,989.39
990.1,996.98,987.36
990.1,998.26,987.83
990.4,996.92,984.05
990.6,997.11,985.45
991.3,996.33,986.71
991.7,996.7,990.88
992.0,996.33,991.17
991.9,995.37,988.68
991.7,996.66,992.99
992.0,995.44,991.15
991.5,995.08,986.36
991.3,995.64,990.72
991.2,996.46,991.83
990.5,996.25,991.25
990.5,996.18,990.39
989.8,998.13,993.96
989.3,996.11,995.15
988.4,996.86,993.62
988.1,996.6,992.59
987.9,996.18,994.52
987.8,995.99,995.0
987.8,995.32,992.21
987.2,996.49,995.65
987.2,996.26,994.33
986.9,994.22,989.12
986.8,994.49,990.64
986.9,994.43,989.84
987.3,994.32,990.76
988.1,994.99,993.2
988.4,994.83,993.06
989.0,994.86,991.86
989.9,994.65,992.41
990.3,994.3,993.54
990.4,994.66,995.56
990.7,996.94,995.5
990.9,995.11,996.66
991.4,995.43,996.16
991.2,994.99,996.34
991.0,995.34,996.51
990.5,995.56,994.85
989.9,995.17,993.11
989.8,993.81,989.0
989.4,991.07,989.06
989.4,991.11,991.27
989.5,994.64,992.04
989.0,994.43,995.17
989.0,993.53,991.63
988.6,994.08,991.51
987.9,994.7,991.24
987.7,994.62,989.06
987.6,994.0,988.0
987.8,994.1,987.89
988.2,994.19,987.36
988.6,993.2,986.57
989.2,993.23,987.91
989.7,992.66,988.63
989.7,994.36,989.85
989.9,993.52,987.81
990.3,993.53,989.04
990.4,993.39,990.58
990.5,993.52,990.77
990.6,993.87,991.06
992.1,994.32,990.74
992.6,994.19,993.14
992.9,992.68,991.59
993.8,993.91,990.3
994.3,993.78,990.07
994.8,994.75,991.91
995.5,995.21,990.78
995.9,994.3,993.04
995.6,994.98,993.92
995.5,994.98,992.12
995.2,995.35,992.36
994.5,994.93,993.68
993.9,995.84,994.28
994.2,995.61,994.85
994.3,995.91,996.81
993.7,995.77,995.65
993.5,996.16,996.58
993.2,995.76,996.78
991.8,994.02,992.9
992.0,995.22,995.38
991.0,996.1,995.12
990.1,994.7,993.17
989.2,993.57,990.89
988.4,993.58,990.64
987.6,994.16,991.5
986.9,993.96,990.93
986.2,993.71,990.63
985.5,994.25,989.78
985.0,992.91,987.97
984.9,992.93,990.17
984.5,992.57,991.5
984.8,993.49,995.87
984.9,993.41,996.69
984.7,994.12,994.92
984.8,993.49,994.67
985.0,994.63,996.05
985.5,994.43,996.06
985.9,994.41,994.22
987.1,995.21,997.95
988.3,993.92,995.59
988.9,994.31,995.53
989.6,996.19,997.8
989.7,995.68,1000.34
990.5,995.04,998.63
990.8,994.81,1001.12
990.7,995.05,1000.22
990.8,997.04,999.41
990.8,996.97,998.93
990.6,995.61,998.07
991.1,995.65,999.01
991.3,994.32,997.64
991.6,995.46,997.54
991.7,995.57,998.02
992.3,995.68,998.09
993.1,996.09,1000.19
994.1,996.18,999.5
994.2,996.36,1000.31
993.8,997.01,997.95
994.4,997.74,998.26
994.6,997.14,996.6
995.1,997.11,995.09
995.5,997.58,996.86
995.6,998.26,998.85
995.9,997.76,998.35
996.7,996.41,998.43
996.3,996.62,997.93
996.7,996.44,999.23
995.9,997.1,999.3
995.8,996.83,999.91
995.6,996.97,1000.41
995.6,996.42,1000.05
995.2,995.9,996.56
994.3,994.81,994.29
994.1,994.9,992.69
993.6,995.0,993.39
993.7,994.42,991.97
993.8,994.84,994.36
993.7,994.83,997.09
994.3,994.75,994.92
994.5,995.46,995.89
994.4,995.16,994.65
994.4,994.63,993.9
994.7,995.41,995.19
995.3,994.79,995.27
996.6,994.53,995.2
997.7,993.97,994.4
999.0,993.9,995.99
1000.1,993.07,991.8
1000.6,994.82,995.06
1001.6,994.29,994.64
1001.8,996.3,996.11
1001.5,995.28,994.85
1002.8,996.2,993.88
1003.2,996.96,995.95
1003.3,996.24,995.63
1003.2,996.79,997.62
1003.7,996.54,1000.92
1003.5,997.87,999.83
1004.0,998.32,998.89
1003.8,998.15,998.72
1004.2,998.02,1000.5
1004.3,997.67,997.94
1004.7,997.55,999.19
1004.9,997.14,993.81
1004.3,996.53,992.73
1003.3,997.91,996.33
1002.2,997.21,994.7
1001.3,996.77,993.85
1001.0,996.59,992.92
1000.4,996.39,994.34
999.7,996.01,997.59
999.0,996.34,997.9
997.8,995.52,994.35
996.6,995.35,995.94
995.1,995.06,993.1
994.3,993.74,986.24
993.7,994.95,993.11
993.5,994.75,993.12
992.9,996.06,996.17
992.4,996.37,996.04
992.1,996.24,996.28
991.6,995.76,994.71
990.7,994.51,992.65
990.5,994.92,992.93
990.7,994.34,993.19
990.7,994.69,993.19
990.6,995.25,993.5
990.0,995.61,993.24
989.2,996.27,994.37
988.7,996.71,993.44
988.2,995.39,994.2
987.6,994.9,994.44
987.7,995.31,994.6
987.8,995.04,994.67
987.4,994.77,993.38
986.8,994.05,990.09
986.3,994.0,992.23
985.9,995.4,994.42
985.7,995.29,995.28
985.7,994.82,993.27
985.2,994.38,990.31
984.8,994.86,993.02
984.7,995.34,992.85
984.3,994.99,992.88
984.3,994.34,990.4
984.4,994.98,993.41
984.4,994.6,992.24
984.4,995.44,994.42
984.4,994.87,992.67
984.7,996.06,996.18
984.5,995.19,993.57
984.3,995.15,991.2
983.9,995.03,992.09
983.8,993.91,989.28
984.3,993.88,993.09
984.8,994.22,994.74
985.5,993.5,991.67
985.9,995.02,994.95
986.2,994.13,992.24
986.0,994.07,993.5
985.8,995.26,996.28
985.8,994.15,995.52
985.4,994.2,995.83
984.9,993.49,992.91
983.4,993.7,995.03
983.1,993.27,994.39
983.0,993.32,992.74
982.0,992.16,990.39
981.2,993.23,992.81
980.5,993.0,990.12
980.7,991.86,990.52
983.0,993.87,994.87
985.4,994.54,992.76
986.8,994.62,991.89
987.0,996.39,992.13
986.9,995.98,991.13
986.9,996.84,992.58
987.3,996.04,991.07
987.9,996.73,989.16
988.8,997.22,991.09
989.5,997.85,991.45
989.7,997.84,991.69
990.2,997.9,990.59
990.6,997.48,988.18
990.6,997.99,993.02
990.9,996.88,990.6
991.1,996.38,990.38
991.3,997.4,994.11
991.3,996.89,993.89
991.5,996.6,993.55
992.4,996.78,994.3
992.9,997.18,994.88
993.7,997.63,996.33
994.1,997.73,996.97
994.5,996.58,999.42
995.0,997.5,1000.7
994.9,997.59,999.05
995.0,997.41,997.49
994.8,997.93,998.4
994.7,997.24,997.38
995.0,996.51,995.57
995.7,997.95,999.18
996.8,997.16,998.37
997.3,998.51,999.87
997.7,997.22,997.61
997.8,998.15,999.22
997.9,998.87,998.24
997.8,999.19,999.86
997.9,997.98,997.3
998.2,997.75,996.32
998.0,999.39,997.21
997.7,998.35,996.14
998.1,999.01,997.03
998.5,997.79,995.69
998.7,998.47,998.11
999.1,999.0,998.84
999.6,997.52,995.35
1000.4,999.21,997.94
1000.8,999.37,999.73
1001.0,998.94,1002.76
1001.4,998.68,1000.51
1000.8,999.67,999.7
999.9,998.4,996.41
999.5,999.35,998.69
999.6,997.9,997.4
999.4,998.32,999.0
999.7,997.58,999.27
999.8,998.08,999.17
999.9,998.06,997.47
1000.1,996.66,998.62
999.8,996.94,996.17
999.8,996.61,995.24
999.6,996.68,994.39
998.9,996.63,994.79
998.5,996.48,993.83
998.6,996.15,994.2
999.0,996.72,996.41
999.1,996.43,996.34
999.0,995.97,995.01
999.8,995.73,994.05
1001.0,997.26,997.56
1002.1,996.74,998.12
1003.4,997.67,999.12
1004.4,998.3,999.3
1005.2,1000.94,1002.55
1005.6,1000.63,1002.25
1005.9,999.43,999.2
1006.3,1000.89,1000.98
1006.7,1000.74,999.3
1007.4,1000.01,999.62
1008.4,999.0,1000.48
1009.0,999.62,1001.11
1010.2,999.81,1002.5
1010.9,999.91,1002.19
1011.3,999.58,1001.85
1011.9,999.32,1001.91
1012.5,1000.42,1001.79
1013.1,1000.34,1004.52
1013.4,1000.52,1004.91
1013.8,1000.84,1005.21
1014.5,999.3,1004.9
1014.9,1000.67,1005.29
1014.9,1000.65,1004.54
1015.4,1000.91,1003.62
1016.2,1001.59,1005.43
1016.5,1002.17,1005.08
1016.7,1000.98,1004.76
1017.1,1001.22,1002.31
1017.5,1005.14,1002.87
1017.2,1003.55,1002.33
1016.6,1000.74,1002.09
1016.3,1003.48,1002.33
1016.0,1002.39,1001.77
1016.4,1001.76,1002.35
1015.9,1001.21,999.32
1016.4,1001.39,1002.28
1016.6,1000.2,998.95
1017.3,1001.24,1002.69
1017.2,1000.32,997.98
1017.0,999.92,997.04
1017.1,1000.66,999.71
1017.0,1000.51,998.03
1016.7,999.94,997.56
1016.5,999.67,997.48
1016.7,998.82,995.51
1016.9,998.48,996.92
1016.3,998.91,996.68
1016.0,998.94,996.08
1016.3,998.88,996.4
1016.6,999.06,995.93
1017.3,998.11,995.32
1017.6,998.3,994.96
1017.2,999.43,998.35
1016.1,1000.1,1000.93
1015.4,998.95,996.33
1014.7,997.96,997.6
1013.9,997.31,996.9
1013.9,997.7,996.66
1013.8,996.62,996.72
1013.8,997.66,997.8
1013.5,997.47,996.08
1013.3,997.52,996.22
1012.9,996.79,998.6
1012.1,997.92,999.82
1011.8,997.63,999.87
1011.6,997.46,998.08
1011.2,996.29,996.89
1011.2,997.83,998.06
1011.4,997.96,1000.06
1011.3,997.98,997.16
1011.0,998.16,996.46
1011.2,1000.24,998.95
1011.3,998.74,997.97
1011.2,999.26,998.88
1010.8,998.74,1000.89
1010.4,998.96,1000.78
1010.4,999.62,1001.13
1009.6,999.86,1001.5
1008.8,1000.49,1002.93
1008.1,999.69,1002.05
1007.5,999.25,1000.94
1007.4,998.19,1000.5
1006.6,998.56,999.32
1006.2,999.07,999.14
1006.2,998.06,998.05
1006.2,998.61,996.57
1006.3,998.27,997.12
1006.1,998.56,997.21
1006.0,998.4,997.85
1005.3,999.22,997.23
1004.6,997.64,997.84
1004.1,998.41,997.04
1003.8,998.69,996.96
1003.4,998.28,996.0
1002.5,997.65,998.41
1001.8,997.13,993.06
1001.8,998.63,994.71
1001.5,997.81,995.84
1001.5,997.69,995.93
1000.9,998.66,997.22
1000.2,996.13,995.08
998.8,996.42,995.14
997.1,994.57,992.35
996.0,994.08,991.01
995.5,994.8,993.15
995.3,994.38,992.62
994.4,994.6,990.45
994.1,993.29,989.8
993.7,993.25,990.71
993.3,992.88,988.06
992.9,994.09,990.4
992.4,994.06,988.37
992.1,993.01,989.35
991.7,993.38,990.18
991.1,993.15,989.37
990.8,993.99,991.17
990.5,993.72,990.69
989.9,993.92,988.53
989.8,993.4,988.17
990.4,992.96,989.11
990.4,994.46,990.73
990.1,993.5,988.11
990.2,993.77,990.1
990.4,993.67,988.5
989.7,994.25,990.21
989.1,993.31,987.19
988.8,995.13,990.28
988.5,994.58,989.55
988.6,993.81,987.8
988.7,993.66,985.73
988.9,995.21,990.9
988.7,994.74,991.32
988.6,994.99,991.78
988.1,994.81,992.93
987.9,994.51,992.37
987.6,996.11,992.46
987.1,996.22,994.84
986.6,996.69,994.97
986.6,996.5,996.22
986.2,996.38,996.87
985.8,997.09,997.73
986.0,996.55,993.7
986.1,998.73,998.77
987.2,997.94,993.75
987.6,998.95,994.9
988.6,1000.55,996.06
989.4,1001.92,999.52
990.0,1000.33,996.63
990.5,1000.49,996.69
991.3,999.75,995.86
992.8,1000.64,996.24
994.0,1000.19,996.96
995.4,1000.47,997.06
996.8,1001.19,998.85
998.1,1001.09,998.96
999.0,1001.89,999.52
999.6,1001.51,999.25
999.9,1000.76,998.5
1000.3,1001.02,1000.67
1000.6,1000.39,997.49
1000.9,1001.49,999.95
1001.4,1000.17,1001.01
1001.8,1000.7,1000.84
1002.4,1000.7,1003.01
1002.8,999.84,1004.44
1002.7,1000.38,1004.58
1003.1,1001.77,1007.11
1003.7,999.61,1004.62
1004.4,1000.04,1001.94
1004.1,1001.18,1001.47
1004.9,1000.32,1000.72
1004.0,1001.37,998.96
1003.6,1000.14,994.12
1002.8,1000.88,997.45
1002.5,1000.78,997.39
1002.1,997.88,995.46
1002.2,1000.11,999.15
1002.0,999.09,1000.53
1002.2,998.1,999.3
1002.2,998.94,1000.69
1002.0,999.06,999.06
1001.9,998.14,998.1
1001.9,998.1,996.17
1002.1,998.54,993.17
1002.0,998.53,992.94
1002.4,996.99,987.63
1002.7,997.52,989.32
1003.0,998.7,992.88
1003.4,998.64,993.91
1003.6,998.37,994.13
1004.4,998.58,993.08
1004.8,998.93,995.73
1005.2,999.4,999.88
1005.3,999.41,1001.06
1005.1,999.25,1000.25
1004.5,997.1,1000.99
1004.5,1000.49,999.94
1004.4,999.03,996.78
1004.8,999.26,995.96
1005.5,997.97,999.02
1005.9,998.47,997.96
1006.2,998.05,997.0
1006.7,996.91,997.91
1006.7,995.32,997.26
1006.8,994.94,997.19
1006.8,994.96,997.58
1007.0,993.0,997.64
1006.9,995.55,997.83
1006.7,996.01,1000.99
1007.1,992.42,995.16
1006.8,992.34,996.12
1006.6,995.27,995.64
1006.3,996.33,1000.14
1006.9,996.29,998.66
1006.9,996.45,997.57
1006.7,997.49,999.24
1006.8,997.3,998.32
1006.9,996.54,998.66
1006.3,997.12,998.19
1005.4,997.41,1000.31
1004.7,996.87,998.32
1004.6,996.97,997.85
1004.4,997.13,998.59
1004.6,997.1,1000.16
1004.6,995.8,997.49
1004.5,996.24,997.18
1004.2,996.16,997.86
1004.1,995.13,995.18
1004.0,995.27,994.39
1003.9,995.01,992.52
1003.5,993.64,990.2
1002.9,993.27,989.81
1002.2,993.11,988.75
1002.1,995.85,994.19
1001.9,994.91,992.85
1001.8,994.63,993.13
1001.5,994.98,992.34
1001.7,995.33,994.27
1001.6,996.54,996.19
1001.7,994.5,992.47
1001.5,994.72,994.55
1000.8,996.77,996.85
1000.1,995.24,995.3
999.4,994.66,993.52
998.7,995.35,992.98
998.8,995.47,991.77
999.0,994.35,990.2
998.9,994.12,987.41
998.8,994.28,987.25
998.8,992.42,986.86
998.5,993.97,989.54
998.5,993.44,989.71
997.9,993.49,988.67
997.9,992.56,986.56
997.6,992.35,986.65
997.4,992.87,987.57
997.6,992.16,985.91
997.7,992.37,987.61
998.1,992.25,984.09
998.7,990.49,985.83
998.9,990.46,983.91
999.5,990.37,990.88
1000.1,992.92,992.38
1000.4,990.56,991.2
1000.1,990.66,991.18
999.8,993.95,991.32
999.3,994.85,988.31
999.0,993.91,988.75
999.3,993.85,987.45
999.7,993.62,988.64
1000.1,993.45,987.86
1000.6,993.27,987.34
1000.7,992.49,983.59
1000.9,993.01,986.44
1001.0,992.58,986.29
1000.9,991.64,981.91
1001.2,991.62,983.33
1001.1,991.15,984.02
1001.1,992.35,986.46
1000.9,990.81,981.77
1000.9,992.27,983.99
1001.0,990.86,984.19
1001.0,991.42,984.98
1000.9,992.82,985.63
1001.1,993.2,987.37
1001.5,992.91,989.91
1001.6,992.36,990.88
1001.8,992.11,991.06
1001.0,991.93,991.79
1000.5,990.3,989.18
999.3,993.41,988.31
998.3,992.58,985.64
998.0,993.24,986.48
998.1,991.89,984.09
998.0,992.8,989.0
998.2,991.77,987.41
998.0,991.71,985.93
997.7,992.47,989.43
997.3,992.48,991.18
997.0,992.69,988.97
996.4,992.37,989.73
996.2,991.64,986.46
995.8,993.2,993.12
995.6,993.27,992.29
995.2,993.08,990.69
994.9,993.47,992.02
994.8,993.39,990.74
994.6,993.09,990.0
994.5,993.25,991.07
994.5,993.06,988.71
994.7,993.93,991.13
994.4,993.96,992.5
993.8,994.11,992.31
992.5,993.01,989.23
991.6,993.99,991.18
990.4,994.44,993.03
990.2,993.81,992.12
990.3,993.01,991.82
989.8,992.93,989.56
990.0,992.27,987.8
989.6,991.88,987.38
989.2,991.89,987.13
988.8,991.16,986.24
988.6,991.38,986.59
988.7,991.7,988.51
988.9,992.78,988.57
989.8,993.83,988.84
991.2,992.98,986.26
991.5,992.85,988.26
991.7,993.73,987.59
992.6,995.29,989.43
993.1,994.73,988.83
993.3,994.42,987.62
993.4,994.56,987.44
993.9,996.67,992.46
994.1,994.94,991.16
993.7,996.38,991.91
993.5,995.09,989.53
993.4,996.36,990.83
993.6,996.28,990.21
994.2,996.05,990.79
994.3,994.17,989.97
994.8,995.98,988.35
995.2,998.13,993.01
995.5,997.76,994.46
995.5,998.33,994.77
996.0,997.41,995.43
995.7,995.86,1000.8
995.8,995.54,1000.68
995.8,993.48,1002.83
996.1,997.05,1003.31
995.8,996.6,1001.74
995.6,994.17,1001.19
995.5,997.25,1003.44
994.9,996.73,1002.77
995.2,997.12,1000.88
995.3,996.91,999.78
995.2,995.92,997.76
994.8,996.0,997.15
994.3,996.03,999.08
994.1,995.87,998.7
993.8,995.79,998.97
993.7,995.6,997.27
993.6,995.05,998.38
993.7,994.73,998.17
994.0,994.2,998.69
993.7,993.71,996.34
993.7,993.87,997.92
993.5,993.07,995.01
993.1,993.24,999.36
992.7,993.04,997.65
992.0,993.54,996.86
991.6,993.2,998.13
991.0,993.21,996.62
990.6,993.74,994.92
990.3,993.96,994.85
990.0,995.04,995.5
990.0,993.61,993.51
989.6,993.09,993.52
989.1,993.01,993.95
988.9,992.78,992.39
988.6,994.65,997.29
987.6,992.44,991.31
987.1,993.38,991.5
986.5,992.71,990.91
986.4,993.17,989.06
986.6,992.63,988.24
986.8,993.13,989.99
986.9,993.07,986.98
987.1,992.94,987.65
986.9,992.84,987.13
986.9,992.31,987.26
986.5,991.8,987.11
986.4,992.52,986.35
986.2,992.7,987.26
986.1,993.12,988.51
986.0,992.86,989.08
986.1,992.96,988.21
986.3,993.63,989.84
986.6,993.14,989.07
986.7,992.45,985.83
987.1,993.0,988.28
987.8,992.06,987.12
988.4,990.87,985.96
988.6,991.65,988.49
989.1,992.22,989.91
989.3,992.22,990.31
988.9,991.09,986.84
988.7,992.65,990.46
989.1,990.95,987.95
989.4,993.1,990.77
989.7,993.16,990.21
990.0,993.5,991.66
990.7,993.67,988.87
990.6,994.89,991.82
990.6,994.39,990.52
990.5,994.39,991.22
990.8,994.59,987.83
990.7,994.81,992.8
990.5,994.72,990.17
990.5,994.79,990.61
990.2,994.64,991.9
990.2,994.96,993.39
990.0,993.67,991.75
990.2,995.45,993.55
990.1,995.06,992.98
990.2,995.75,995.45
990.2,993.87,992.82
990.1,993.37,993.9
989.8,993.88,995.35
989.0,994.03,994.28
988.7,994.42,995.86
988.4,995.1,995.94
988.4,995.01,995.8
988.9,995.23,996.22
989.1,993.15,992.72
989.2,995.36,995.99
989.2,993.68,991.85
989.4,993.78,992.57
989.4,994.13,993.76
989.4,993.62,991.78
989.4,994.78,994.37
989.2,994.95,996.19
989.2,995.17,997.28
989.3,994.83,994.28
989.3,996.27,998.78
989.1,996.06,999.27
989.3,996.16,997.92
989.7,994.64,995.91
990.0,994.55,995.83
990.2,995.77,999.33
990.5,993.92,998.51
991.2,993.34,996.63
991.3,994.43,998.86
991.5,994.69,1000.35
991.6,995.94,998.95
992.2,995.28,999.7
992.9,995.35,999.54
993.6,994.74,998.83
994.6,993.98,994.64
995.7,993.97,994.02
996.3,994.66,994.57
996.9,994.72,995.65
997.5,994.72,996.05
997.7,995.38,996.48
998.6,993.44,995.76
999.1,994.32,996.95
999.7,993.91,996.1
1000.6,993.5,997.28
1000.9,993.1,996.59
1001.6,992.91,997.62
1002.1,993.45,995.15
1002.9,995.22,996.99
1003.8,996.25,996.29
1004.0,996.08,995.18
1004.7,996.64,996.74
1005.2,996.1,995.18
1005.1,997.3,995.09
1004.8,997.77,998.1
1004.6,998.97,998.07
1004.2,998.15,996.59
1004.6,997.83,997.4
1004.6,995.96,993.85
1004.7,997.55,997.66
1004.8,996.63,994.09
1004.4,997.54,997.61
1004.3,996.33,995.84
1003.8,997.04,995.95
1003.4,996.85,993.59
1002.9,997.49,995.0
1002.6,995.82,992.37
1002.6,995.2,991.2
1002.8,994.42,990.88
1002.6,994.72,991.82
1002.5,996.46,994.95
1002.6,995.14,990.42
1002.0,995.22,991.14
1001.4,995.64,994.0
1001.3,995.76,997.19
1000.4,995.89,996.92
1000.1,996.04,996.85
998.9,995.76,993.52
997.6,996.56,995.53
996.8,997.14,994.18
996.7,995.67,987.34
996.5,995.23,986.92
996.6,995.79,990.6
997.0,996.1,993.01
997.2,994.76,992.71
996.9,995.04,991.92
997.1,995.5,996.07
997.1,995.05,996.95
997.1,996.25,997.3
996.7,995.17,995.79
996.5,996.12,999.12
996.6,996.27,998.91
996.7,996.37,998.66
996.3,995.75,996.33
996.3,995.31,996.59
996.3,994.07,997.32
996.2,996.56,999.08
996.2,996.15,997.38
996.8,996.23,998.3
997.3,996.64,1000.42
997.0,997.89,1000.11
996.1,996.73,998.1
995.4,997.8,998.49
995.3,997.38,998.38
996.1,996.82,996.06
996.8,998.11,998.16
997.5,997.81,997.87
998.2,997.3,997.44
998.9,996.17,996.98
999.3,995.45,996.01
999.6,997.81,999.15
1000.2,998.08,998.72
1000.8,997.3,998.71
1000.9,997.01,996.2
1001.4,997.02,999.31
1002.2,996.36,995.83
1003.1,998.59,999.57
1003.3,997.67,998.49
1003.8,999.2,1000.33
1004.5,999.04,1000.96
1005.4,998.82,999.6
1005.9,999.56,999.35
1006.7,998.87,999.34
1007.3,1000.93,1001.7
1006.7,1000.69,1001.19
1006.1,1000.16,999.64
1005.7,1000.54,998.56
1005.7,1001.04,999.04
1005.4,999.59,998.15
1005.4,999.95,999.17
1005.8,999.3,998.64
1005.8,998.92,999.38
1005.8,999.06,999.38
1005.7,998.5,997.95
1005.8,998.52,998.95
1005.1,999.81,1000.1
1004.8,997.72,995.58
1004.4,998.88,1001.25
1004.0,999.46,1002.71
1004.4,999.33,1001.93
1004.0,998.05,1000.55
1004.1,999.0,1001.84
1004.2,997.17,1000.4
1004.4,998.16,1001.14
1004.2,997.63,1000.33
1004.0,998.6,1004.6
1004.0,998.43,1001.43
1003.3,999.26,1001.74
1002.1,998.97,1002.12
1000.4,998.45,998.9
999.3,999.22,999.73
1000.2,998.71,999.34
1000.1,998.17,998.68
998.8,998.64,999.68
998.0,998.25,999.31
997.8,996.97,998.1
996.7,996.45,996.37
996.1,996.7,999.02
996.1,996.24,995.68
995.9,996.74,996.33
995.5,995.96,993.73
994.4,994.66,992.09
993.1,993.92,990.81
992.5,995.13,993.1
991.7,994.85,992.44
990.6,993.97,992.0
989.4,994.01,992.28
988.9,994.58,994.16
988.3,994.77,994.94
987.9,994.75,998.03
987.2,992.87,994.38
987.2,994.71,998.27
986.6,994.41,997.58
985.7,994.82,997.53
985.2,993.97,998.06
984.2,994.53,997.84
984.3,993.86,996.56
984.7,993.61,997.79
984.4,995.02,999.31
984.9,995.24,1000.96
984.9,993.55,998.55
984.8,994.65,1000.06
984.6,993.78,999.78
984.5,995.36,999.13
984.9,992.69,999.62
984.7,994.38,1000.42
984.7,993.74,998.54
985.2,993.51,998.97
985.4,994.33,999.09
985.7,993.82,999.42
986.1,993.77,998.59
987.1,994.26,998.18
988.1,994.48,996.35
989.2,994.54,999.07
990.2,994.24,997.47
991.4,995.38,998.43
991.9,995.65,998.84
992.4,996.97,997.46
993.1,997.42,996.19
994.0,996.74,994.74
995.3,996.47,995.98
996.4,996.47,996.94
998.0,997.48,997.01
998.8,996.15,996.1
999.1,997.11,999.41
999.5,996.21,999.3
1000.7,997.19,1001.24
1000.8,996.51,1001.16
1001.8,995.02,999.53
1002.5,995.32,1000.44
1003.1,997.33,1003.46
1003.5,995.64,1000.97
1003.7,995.9,1002.49
1003.2,997.41,1000.76
1003.4,994.56,997.14
1004.3,997.45,1000.64
1004.0,996.92,998.63
1004.2,995.21,995.37
1004.6,996.69,998.39
1003.3,994.56,992.36
1003.4,995.83,996.3
1002.2,996.77,998.02
1001.3,995.45,995.51
1001.3,994.74,991.94
999.7,995.21,992.32
998.9,994.19,989.49
998.9,995.1,995.2
997.1,993.92,992.32
996.6,993.34,991.16
995.0,993.82,995.3
993.6,993.18,992.4
993.9,993.01,995.48
992.0,992.61,992.18
990.2,992.78,993.57
987.9,992.0,992.04
986.7,991.15,991.94
984.3,991.0,991.11
981.5,990.27,989.77
979.5,990.34,992.69
977.7,991.62,993.54
976.8,991.28,992.13
973.3,991.22,990.07
972.0,990.83,988.14
970.0,991.18,986.95
965.8,991.67,987.93
963.8,991.62,989.54
962.8,992.38,988.78
961.4,993.42,990.77
960.7,993.83,992.61
960.1,994.21,995.86
960.5,993.44,994.47
961.0,992.91,991.74
961.2,992.27,991.57
961.7,991.07,987.51
962.6,991.52,988.22
963.2,991.19,989.64
964.8,992.57,992.35
966.5,994.13,993.86
968.4,993.37,991.99
970.8,994.85,995.75
971.9,995.58,996.07
973.1,996.35,995.45
974.8,995.8,994.78
976.4,995.39,993.57
977.6,995.87,993.74
979.0,996.37,995.67
980.0,995.94,996.05
980.7,995.34,995.47
981.2,996.49,998.05
980.9,996.22,997.99
981.4,995.51,996.27
981.6,996.57,997.28
982.0,996.15,995.94
982.2,996.25,997.69
982.1,995.98,1000.78
982.2,995.39,998.98
981.8,994.87,999.38
981.8,996.21,1001.7
982.2,996.25,997.76
981.7,996.38,997.23
980.9,995.77,995.48
979.9,995.55,997.47
979.1,994.98,996.38
979.0,994.19,996.62
978.7,994.16,994.71
978.5,994.24,993.94
979.0,993.8,993.09
980.3,993.91,992.67
981.4,994.36,992.76
983.1,995.51,996.9
985.1,995.66,998.62
987.1,996.24,997.39
988.7,997.05,996.77
989.5,995.69,993.74
989.6,997.32,997.29
990.9,996.61,996.57
991.3,997.41,999.14
992.3,997.54,998.06
993.2,997.28,1000.13
993.5,998.39,1001.39
994.2,997.24,1001.35
994.1,997.85,1003.02
993.8,998.13,999.24
993.2,995.68,997.58
993.4,995.92,995.41
991.7,995.49,996.47
990.8,994.38,992.89
990.3,995.07,999.65
990.0,994.58,996.18
987.7,994.54,998.4
987.0,992.7,993.59
985.2,990.83,995.63
983.3,935.71,991.9
980.3,986.08,989.6
978.1,986.35,990.4
976.1,985.74,990.49
973.8,986.72,989.26
970.6,986.56,990.62
967.7,987.4,989.16
964.7,990.36,987.6
963.7,991.72,990.49
962.5,991.51,989.34
961.2,991.29,992.35
960.6,992.18,991.33
961.0,991.87,990.77
961.5,992.53,994.47
961.9,992.9,993.35
962.7,991.53,992.06
963.5,992.86,991.72
964.3,992.55,992.37
965.4,993.11,993.09
966.9,993.78,995.65
968.4,993.64,989.71
970.2,994.99,990.08
972.0,994.0,991.28
974.0,994.28,989.71
975.9,994.3,992.3
977.7,994.51,993.13
979.6,995.8,996.4
981.5,996.29,994.32
982.4,996.21,993.66
982.7,997.06,992.93
983.7,997.73,995.23
984.1,997.46,992.05
985.3,997.02,992.24
986.4,998.65,994.62
987.6,998.74,998.28
988.0,998.62,998.82
988.0,997.87,996.4
988.8,999.14,998.59
988.7,999.34,998.42
988.9,999.45,998.62
989.4,1000.72,1002.59
989.9,998.41,1006.83
990.4,999.35,1009.31
991.3,999.71,1010.91
991.8,1000.72,1010.81
992.6,999.76,1009.77
993.4,1001.07,1010.19
994.5,1001.48,1008.72
995.8,1001.42,1005.89
997.0,1001.29,1000.3
997.7,1001.98,1001.56
998.7,1002.71,1002.77
999.1,1002.82,1004.08
999.3,1001.81,1003.28
999.7,1004.44,1005.53
999.5,1002.03,1004.36
1000.1,1001.89,1003.94
1001.0,1000.83,1004.92
1001.9,1001.71,1009.81
1002.3,1000.96,1013.79
1002.5,1001.16,1015.09
1002.2,1000.72,1014.62
1002.1,1001.6,1015.09
1001.8,999.96,1012.85
1001.8,1000.52,1011.29
1002.0,1000.46,1011.09
1002.0,999.87,1008.35
1002.4,1000.49,1014.04
1002.1,1000.54,1013.55
1002.2,1000.96,1014.6
1002.0,999.77,1012.73
1002.4,999.77,1013.42
1002.6,999.16,1011.76
1002.7,998.73,1010.52
1003.1,999.32,1013.37
1003.0,999.5,1013.02
1002.1,1000.85,1010.78
1001.9,1001.1,1009.96
1000.9,1001.47,1005.86
1000.2,1002.29,1006.42
1000.7,1001.65,1008.4
1000.9,1000.99,1009.39
1001.4,1001.65,1016.37
1000.8,1000.32,1014.31
1000.5,1001.2,1015.86
1000.4,1001.18,1017.11
1000.1,998.9,1011.86
999.7,1000.15,1015.77
999.1,999.32,1012.04
998.6,1000.38,1014.36
998.0,999.52,1013.29
997.8,999.05,1015.47
998.0,999.81,1013.55
997.4,1000.76,1013.83
997.4,1000.8,1013.5
997.5,1000.27,1013.12
997.6,1000.4,1011.56
997.7,1000.26,1010.14
997.8,1001.84,1012.14
997.6,1002.23,1012.4
997.3,1002.62,1011.49
996.3,1002.01,1009.92
995.5,1001.91,1008.67
995.2,1001.67,1009.02
994.8,1002.81,1010.87
994.9,1002.96,1010.33
995.0,1002.21,1009.11
995.1,1001.54,1009.31
994.6,1000.55,1007.19
994.6,1001.3,1009.03
994.3,1000.76,1005.3
994.0,1000.0,1004.22
993.5,1000.04,1002.07
992.6,1000.72,1004.09
992.8,1000.92,1004.83
992.9,999.9,1004.02
992.4,999.88,1004.67
992.1,1001.09,1003.0
991.4,1000.91,1002.14
991.3,1000.68,1006.23
991.9,999.62,1005.66
992.5,1000.86,1009.36
992.8,1000.18,1006.1
992.3,999.98,1004.86
991.6,1000.33,1006.23
991.8,1000.79,1002.81
992.5,1000.25,999.5
993.2,1000.59,1000.8
993.9,1000.06,1001.81
994.4,1000.29,1002.52
994.4,999.17,1001.66
994.3,999.01,1001.64
994.4,999.08,1001.57
994.9,999.29,1001.07
995.0,999.31,1000.83
994.8,998.34,1001.74
994.8,998.69,1001.03
994.7,995.9,998.4
994.6,995.94,999.91
994.5,996.8,1005.77
994.8,997.63,1010.25
994.7,997.6,1004.67
994.9,999.78,1005.41
995.9,999.87,1005.01
995.8,1000.49,1005.9
995.2,1000.58,1003.37
994.6,999.47,1001.76
994.8,999.39,1001.93
995.1,999.85,1003.45
995.5,1000.41,1004.43
995.8,1000.15,1008.04
996.2,998.16,1003.77
996.2,997.83,999.45
996.2,997.56,999.68
996.6,997.44,998.05
996.9,997.99,1001.0
997.1,996.57,1001.91
997.1,996.95,1003.12
996.8,996.23,1002.99
997.3,996.91,1003.95
997.3,996.33,1006.06
997.4,996.62,1004.59
998.3,998.1,1008.74
999.0,997.39,1005.06
999.6,998.8,1004.27
1000.7,997.75,1000.04
1001.2,999.42,1002.65
1002.0,1000.89,1001.4
1002.4,1000.96,1000.57
1001.8,1000.38,999.74
1002.0,1001.42,1001.37
1002.0,1000.98,999.73
1002.7,1002.53,1001.47
1003.6,1000.64,1001.31
1004.2,1001.62,1002.76
1005.0,1000.63,1004.31
1005.1,1000.2,1001.88
1005.6,998.77,1001.14
1005.6,998.3,1000.67
1005.5,999.06,1003.43
1005.6,999.08,1000.79
1005.6,999.41,998.73
1005.5,998.53,998.54
1005.9,998.89,999.05
1006.3,1000.08,1000.48
1006.7,999.67,999.32
1007.4,1000.09,1000.68
1008.4,999.52,1000.06
1009.3,1000.26,999.91
1009.7,1000.9,1004.05
1010.6,1001.55,1002.86
1011.7,1003.28,1006.6
1011.4,1002.32,1004.16
1011.4,1002.96,1004.5
1011.8,1002.05,1002.7
1011.9,1001.3,1002.54
1012.4,1001.55,1001.01
1012.9,1001.15,1001.6
1013.4,1000.96,1003.63
1013.8,1001.95,1003.14
1014.2,1000.58,1003.09
1014.4,1000.43,1004.01
1014.5,1000.73,1001.77
1014.4,1003.08,1004.37
1014.4,1001.56,1002.95
1014.6,1001.31,1002.77
1015.1,1001.61,1003.31
1015.0,1001.76,1003.41
1014.7,1001.41,1003.67
1015.0,1001.44,1003.93
1015.1,1002.77,1005.26
1015.1,1003.08,1004.38
1015.1,1004.1,1005.08
1015.0,1003.98,1006.95
1014.9,1004.07,1009.1
1014.0,1003.77,1004.57
1012.6,1002.37,1002.67
1011.5,1004.36,1005.39
1010.6,1002.77,1001.15
1009.8,1002.58,1002.43
1009.5,1000.49,1004.16
1009.3,1001.58,1005.26
1008.7,999.97,1007.96
1008.3,1000.61,1004.01
1008.0,999.6,998.75
1006.7,999.83,999.25
1006.4,1001.34,1000.94
1006.0,999.93,997.38
1004.9,999.98,997.7
1004.0,1000.32,996.74
1003.8,999.89,997.44
1003.0,998.64,993.29
1002.8,998.51,992.45
1002.4,997.66,993.36
1002.0,996.2,995.7
1001.6,994.66,991.51
1001.7,995.09,995.23
1002.3,995.49,997.39
1002.3,994.63,994.41
1002.3,994.94,995.96
1001.9,993.8,993.38
1001.6,993.35,992.2
1001.6,994.16,992.53
1001.8,994.77,992.05
1004.6,992.97,989.07
1007.7,1002.81,993.65
1004.9,992.32,988.99
1007.7,1002.69,994.93
1004.5,993.93,991.8
1007.7,1002.61,994.37
1004.4,993.27,990.86
1007.7,1002.43,996.23
1003.9,994.63,993.63
1007.7,1002.33,995.74
1007.7,1002.26,995.91
1003.6,993.75,995.15
1007.7,1002.21,996.51
1003.4,993.69,999.14
1003.3,993.48,999.7
1007.7,1002.14,996.76
1007.7,1002.08,997.31
1003.0,993.32,998.99
1007.7,1002.01,997.78
1002.4,992.47,997.74
1002.4,992.31,993.37
1002.2,992.23,995.2
1002.0,993.04,994.62
1001.4,992.76,996.01
1000.7,993.41,996.5
1000.6,992.86,995.64
1000.4,993.32,995.45
1000.8,993.34,995.06
1001.1,992.4,996.35
1001.6,993.16,993.87
1001.7,991.48,990.68
1002.2,993.33,991.44
1002.5,992.5,991.56
1003.1,992.97,992.98
1003.2,990.69,992.76
1002.9,990.73,994.52
1002.6,992.83,993.21
1002.8,992.82,994.28
1002.6,994.65,998.6
1002.5,993.63,994.92
1001.9,992.68,994.54
1000.7,993.23,995.6
1001.0,993.11,994.25
1000.6,992.26,993.0
1000.4,993.33,995.17
1000.1,992.72,992.33
1000.0,991.89,991.68
999.4,992.8,991.62
998.3,993.15,990.64
997.0,992.77,990.18
996.8,990.05,987.25
996.3,993.11,988.46
996.5,992.41,988.99
996.9,993.05,987.66
997.4,992.41,987.62
998.2,991.96,985.92
997.6,992.42,986.42
997.6,992.12,986.14
997.1,992.42,982.64
997.7,991.57,984.25
998.1,992.37,985.36
997.9,991.57,984.75
998.9,992.65,986.13
999.1,991.48,986.27
999.7,991.9,987.78
999.1,992.49,988.04
998.7,992.48,985.43
999.3,991.53,985.34
999.7,993.22,987.67
998.9,993.14,990.83
999.6,989.89,991.48
998.8,992.54,993.04
998.3,993.71,994.03
997.6,992.47,993.6
996.5,991.43,992.91
995.6,991.61,989.27
994.8,992.41,988.1
995.1,991.99,988.47
995.1,993.49,986.57
995.2,991.16,983.96
994.3,991.78,987.69
993.2,991.59,984.22
992.5,991.91,982.73
991.8,992.38,984.72
991.4,990.96,984.92
991.9,991.19,982.59
993.2,990.29,980.49
993.2,991.49,985.27
994.0,991.73,986.17
994.6,992.18,986.87
995.5,991.56,985.51
996.1,989.37,986.8
997.1,992.6,986.79
997.4,992.96,987.42
998.7,992.66,991.48
999.2,993.98,993.45
999.0,993.22,991.16
998.7,992.49,990.69
998.7,992.06,991.34
999.0,992.6,989.7
999.8,992.2,991.02
1000.6,993.26,990.21
1001.6,990.81,987.53
1001.6,992.36,986.84
1001.9,992.47,987.45
1001.7,992.92,987.69
1001.7,992.28,987.93
1002.1,992.88,990.64
1002.0,992.84,989.82
1001.8,994.37,991.06
1001.6,993.41,989.07
1001.6,991.95,989.39
1001.9,993.38,990.77
1002.6,992.55,988.82
1002.7,992.6,990.85
1003.0,992.71,989.77
1002.0,994.22,993.1
1002.4,992.04,991.66
1001.8,991.73,993.12
1001.9,992.2,993.0
1000.9,993.22,991.95
1000.3,993.84,991.29
999.1,992.37,985.73
998.5,992.88,985.06
998.4,992.09,989.06
998.4,993.13,986.22
998.5,991.76,983.18
998.1,991.76,983.81
997.7,991.89,984.34
997.1,991.66,984.07
996.6,990.98,983.56
996.2,990.64,987.48
996.0,991.71,987.15
995.8,990.69,987.45
995.9,990.31,982.24
995.9,991.4,985.12
996.1,990.89,984.36
996.0,991.37,983.98
996.6,990.38,987.55
996.6,989.21,985.36
997.2,989.65,980.74
997.7,990.13,984.13
998.4,991.98,986.22
998.8,990.21,987.27
998.8,991.75,988.61
998.6,992.26,990.49
998.4,992.47,989.62
999.1,993.72,990.51
999.6,994.13,990.53
1000.3,993.77,991.06
1000.7,994.31,991.55
1001.1,996.09,991.57
1001.4,995.54,992.42
1001.5,995.4,992.92
1001.3,996.16,991.39
1001.8,995.98,993.65
1001.4,994.81,988.92
1001.0,994.75,992.84
1001.1,994.69,993.48
1001.0,994.88,995.69
1000.6,993.78,993.77
1000.6,994.99,999.07
1000.6,993.43,996.51
1000.9,995.19,998.54
1000.9,993.8,998.57
1000.7,994.66,998.62
1000.6,996.31,999.98
1000.2,995.71,1000.87
999.1,995.11,997.08
998.1,995.49,995.6
997.3,995.12,995.58
997.0,995.14,997.31
996.5,995.06,996.01
996.2,994.96,997.23
995.2,994.88,995.29
994.6,993.44,991.29
994.1,993.11,991.28
993.7,993.94,994.14
993.2,994.15,993.04
992.5,993.97,992.26
991.5,992.66,989.15
990.7,992.36,988.26
990.8,992.39,988.51
990.4,993.75,991.55
990.0,993.59,990.43
989.6,993.35,991.03
989.7,992.91,988.55
990.0,993.7,989.88
990.7,993.38,994.35
990.9,994.01,995.17
991.2,994.0,994.56
991.2,995.57,996.6
991.3,994.61,994.82
991.3,994.07,993.46
991.2,996.0,995.24
992.1,994.98,993.75
993.3,994.52,992.52
994.1,994.4,994.61
994.7,994.53,995.11
995.3,995.85,996.77
996.1,995.75,996.64
996.5,994.67,994.72
996.8,996.19,998.29
997.0,995.64,995.26
997.6,995.33,994.94
997.7,996.25,995.78
998.1,995.12,994.26
998.4,994.42,994.31
998.8,994.69,995.69
998.9,994.76,997.93
999.1,995.15,1000.43
999.7,995.03,1000.88
999.6,996.19,1000.52
999.8,997.19,1002.85
999.7,996.89,1002.8
999.6,995.96,1000.79
998.8,995.48,998.19
998.3,995.14,994.63
997.6,995.46,995.46
997.5,995.48,995.88
997.1,994.56,993.16
996.4,994.02,993.73
996.2,994.07,994.54
995.3,996.0,998.56
994.7,994.06,995.65
994.4,993.46,993.58
993.8,992.48,990.7
994.3,992.86,990.61
994.3,993.24,992.85
993.4,992.44,992.43
993.3,992.23,993.14
992.6,992.79,994.65
992.6,993.07,994.88
992.4,993.49,995.23
992.0,993.4,994.19
992.3,993.77,994.54
992.1,993.66,995.77
991.9,994.58,997.15
991.6,994.77,995.95
991.9,996.14,996.11
990.7,994.74,993.2
991.2,997.35,1001.59
991.3,995.24,999.53
991.8,995.18,998.78
992.6,994.01,999.04
993.5,995.3,998.15
994.2,993.73,993.14
995.0,993.58,994.56
995.2,994.39,998.66
995.6,994.18,997.19
996.0,994.37,998.28
996.4,994.21,994.35
996.8,994.02,992.34
996.9,994.78,993.78
997.6,994.66,993.17
997.5,993.53,991.51
997.9,994.42,995.32
998.2,994.85,995.21
998.7,995.32,993.74
999.0,994.71,993.64
999.9,995.19,995.99
1000.3,995.11,996.77
1000.7,995.86,996.69
1000.9,996.1,998.33
1000.4,995.66,995.87
1000.0,995.74,995.04
999.6,996.01,995.26
999.6,994.94,995.47
999.7,995.19,995.38
999.9,994.4,996.57
1000.1,994.66,995.41
1000.4,992.97,993.78
999.9,993.93,991.27
999.9,993.37,991.86
999.8,995.03,991.83
999.7,995.57,990.54
999.5,995.94,993.09
999.9,995.44,993.42
999.8,995.32,994.28
999.5,993.98,993.81
999.3,993.85,992.35
999.4,993.85,993.66
999.4,994.83,996.57
999.3,994.65,996.38
999.6,995.57,998.47
999.9,995.42,1000.97
1000.2,995.4,998.94
1000.0,994.71,998.98
999.4,995.05,999.2
998.5,995.08,1000.14
998.0,995.27,999.86
997.8,995.58,999.67
997.3,995.5,998.25
997.5,994.64,998.94
997.8,994.46,999.28
998.0,992.72,997.48
998.0,994.08,996.2
997.6,993.86,994.73
997.3,993.05,995.81
997.1,994.04,998.23
996.9,992.35,996.6
995.9,994.08,1000.68
996.2,994.95,999.69
996.0,995.41,1001.47
996.0,994.74,1000.82
996.3,994.8,1000.6
996.6,994.07,1000.66
996.8,994.96,1000.69
997.0,994.81,997.39
997.5,995.57,999.84
998.1,997.05,999.65
998.2,997.57,1002.64
997.8,995.54,997.98
997.3,995.83,1007.15
996.7,994.7,998.42
996.9,995.1,998.28
996.8,994.03,997.73
997.2,994.04,997.15
997.5,994.55,993.46
997.6,992.29,994.47
997.6,993.16,993.75
997.5,994.16,995.34
997.6,993.57,994.93
997.3,993.19,995.83
997.5,993.37,993.16
997.5,992.82,994.35
998.0,992.71,991.62
998.2,993.41,993.69
998.7,994.34,996.32
998.6,993.71,995.91
999.1,993.28,995.26
999.1,994.46,996.16
999.5,994.13,995.88
1000.0,994.71,995.77
999.8,994.86,996.66
999.5,994.89,996.47
999.6,995.04,995.7
999.3,995.07,995.97
999.2,994.5,995.61
999.6,994.97,994.42
999.9,994.52,995.94
1000.1,994.0,995.85
1000.3,995.16,996.54
1000.3,994.57,995.8
1000.2,994.46,994.86
1000.7,994.02,993.49
1000.9,993.8,990.93
1001.3,993.56,990.66
1001.0,994.0,991.74
1000.7,993.54,993.22
1000.8,990.95,993.03
1000.5,993.05,993.57
1000.6,994.39,993.97
1002.0,994.14,993.28
1003.0,993.51,995.45
1003.0,993.24,996.27
1003.0,993.2,997.5
1002.4,993.03,997.79
1002.6,993.28,999.38
1002.5,994.23,1000.11
1001.4,995.03,1000.67
1001.4,994.53,995.0
1001.7,995.67,993.94
1001.4,994.59,994.16
1001.6,994.36,992.62
1002.1,994.52,995.84
1001.9,993.73,993.07
1001.5,991.99,994.44
1002.0,993.86,993.59
1000.8,994.45,994.07
1001.4,994.73,993.97
1001.3,994.55,996.17
1001.1,994.9,994.35
1001.4,995.16,996.53
1001.1,994.89,998.19
1001.2,993.94,997.52
1000.2,995.1,996.96
1001.5,994.38,996.1
1002.1,992.85,999.48
1001.8,995.62,998.48
1001.7,997.09,1001.39
1001.7,995.9,999.49
1001.5,997.43,999.4
1000.2,995.24,998.49
998.9,998.35,998.37
997.5,996.63,998.81
998.3,997.27,997.9
998.9,996.19,996.42
997.9,996.91,997.57
997.4,995.61,995.8
996.8,995.72,995.21
996.3,995.22,994.38
996.8,996.14,994.92
995.7,995.98,994.15
994.7,995.65,993.69
993.9,995.39,991.28
993.3,995.74,992.6
993.4,996.08,993.3
992.8,996.25,992.27
992.3,996.29,994.15
991.8,995.8,992.69
991.1,997.18,995.56
990.5,996.54,994.98
990.1,996.3,995.39
990.0,996.08,995.32
988.8,996.59,996.01
988.4,995.45,992.18
986.8,995.65,991.92
986.1,994.81,988.78
985.4,995.19,992.01
984.7,993.94,993.63
984.0,995.11,994.77
984.2,993.75,993.31
984.5,993.95,994.18
983.8,994.9,992.8
983.6,992.52,992.35
983.6,994.18,991.97
983.5,993.94,992.35
983.5,993.44,992.85
984.3,994.45,994.23
985.1,993.85,991.33
986.3,996.09,992.16
986.8,995.92,991.47
986.7,996.17,992.34
986.8,995.83,991.49
987.1,996.21,993.27
987.3,996.59,994.41
987.7,996.64,994.31
987.9,997.06,995.62
988.1,998.06,998.14
987.9,998.67,999.07
987.1,996.71,993.41
986.8,996.31,995.05
986.3,995.22,991.3
986.5,995.78,993.0
986.5,995.58,993.4
986.7,995.09,993.71
987.2,995.96,995.48
988.0,995.36,995.26
988.0,998.38,995.47
988.6,996.52,991.82
988.9,997.38,994.18
989.7,997.55,993.14
989.6,998.27,995.69
989.6,997.5,995.59
989.7,998.18,995.09
989.4,997.14,996.87
990.2,997.2,998.58
990.8,997.8,1002.59
991.3,997.01,998.36
992.0,999.52,1001.03
992.8,999.19,1001.4
994.0,997.55,1001.58
994.4,999.88,1000.21
994.8,998.55,998.01
994.3,999.66,1000.21
994.7,998.62,997.08
994.7,999.79,999.56
995.1,999.27,998.81
995.3,999.18,998.87
995.4,999.75,999.1
996.4,998.32,999.15
996.3,998.1,998.38
996.4,996.27,998.19
997.2,998.48,998.78
996.9,999.37,999.55
997.2,999.65,1001.08
996.9,999.15,999.67
996.9,998.55,999.1
997.7,997.11,997.42
997.5,998.13,997.76
997.2,997.48,998.29
997.5,997.34,996.1
997.4,998.29,998.71
997.6,999.07,999.63
998.1,999.52,1000.37
998.2,999.5,1001.0
998.3,999.56,1002.31
998.5,998.27,1002.29
997.5,998.97,1000.82
996.5,999.28,1001.93
996.7,997.94,1000.32
996.5,998.71,1001.42
996.4,998.25,1001.25
996.3,997.27,999.86
996.3,998.05,999.65
996.1,998.68,999.27
996.1,998.89,998.64
995.8,997.68,998.74
995.6,997.8,998.26
995.4,998.16,1000.25
995.5,997.98,1000.69
995.3,997.89,1001.03
995.1,996.85,1001.39
994.5,996.57,999.26
994.4,997.28,1000.19
994.0,996.83,997.73
993.2,996.81,997.68
993.4,996.09,999.17
993.0,997.16,1000.46
993.7,996.35,996.51
993.3,999.36,1000.67
992.5,1001.3,1001.47
991.3,998.2,999.2
990.7,999.08,1001.57
990.0,998.33,1000.59
989.8,997.43,998.51
989.4,997.61,998.48
988.8,997.04,996.4
988.5,995.19,994.36
988.3,997.09,995.47
987.7,998.6,996.22
988.5,998.11,996.57
988.9,997.35,996.79
988.9,997.13,995.62
989.4,997.2,996.3
989.9,998.41,997.86
990.6,998.97,998.96
991.0,995.9,997.01
991.4,995.66,997.29
992.2,997.6,999.24
992.5,996.64,997.57
993.4,997.4,1002.24
994.7,1000.09,1004.05
995.5,1000.69,1002.59
996.2,999.5,995.53
996.3,1001.33,1001.54
995.9,997.78,998.75
995.9,999.3,998.67
996.5,999.53,999.83
997.4,1000.06,999.88
998.0,999.62,1000.29
998.7,1001.13,1000.94
998.9,1001.35,1000.04
999.4,1001.49,999.96
999.3,999.73,1000.82
999.2,1000.92,1000.29
999.7,999.35,999.38
999.9,998.59,998.2
1000.3,998.66,998.73
1000.5,998.57,998.63
1000.6,998.38,998.47
1001.4,998.84,999.56
1001.5,997.97,999.33
1002.3,999.31,1000.38
1002.9,998.81,999.42
1003.1,999.09,1001.49
1003.4,998.05,999.77
1003.2,999.61,1000.86
1002.5,998.99,999.1
1001.6,999.6,1000.8
1001.0,997.86,998.39
1000.9,999.4,997.86
1000.6,999.35,999.28
1000.4,999.0,997.55
999.3,997.58,996.41
999.1,997.82,997.21
998.3,998.32,997.85
996.9,997.21,997.08
996.3,997.01,995.02
995.4,997.76,995.11
993.6,997.63,995.17
991.7,998.03,994.93
988.7,996.77,995.72
987.8,996.46,993.39
987.1,994.29,990.65
986.4,993.67,985.47
987.1,993.0,987.07
988.7,995.45,995.82
990.9,995.15,993.1
992.4,996.54,997.39
994.0,997.02,996.73
995.8,998.73,997.34
996.4,999.87,998.2
997.1,999.84,994.81
997.5,1002.52,1001.06
997.7,1003.58,1001.75
998.7,1002.25,1001.07
999.6,1002.67,1002.53
1000.1,1002.59,1000.72
1000.3,1002.41,1000.51
1000.7,1002.51,1000.7
1001.2,1001.53,998.54
1001.7,1001.54,999.55
1001.5,1001.21,1000.35
1001.3,1001.93,1000.67
1001.3,1000.56,998.25
1001.1,1002.28,1001.07
1001.1,1000.77,998.91
1000.7,1000.18,999.27
1001.0,1001.1,1000.46
1001.1,1001.61,1001.4
1000.5,1001.5,1000.02
1000.7,1002.23,1000.19
1000.3,1003.09,999.34
999.3,1002.03,998.85
998.4,1002.27,1000.37
997.1,1001.9,998.57
996.4,1002.41,997.88
996.1,1001.01,996.31
996.0,1001.61,998.89
996.5,1000.45,997.97
996.6,1001.38,998.87
996.4,1000.84,999.15
996.5,1000.18,997.45
997.2,1001.17,997.51
997.2,999.91,995.87
998.8,1001.07,998.28
999.2,1001.41,1000.57
999.7,1003.18,1000.98
1000.0,1003.81,1001.68
1000.1,1005.16,1003.24
1000.5,1003.75,1004.09
1000.8,1004.38,1005.4
1001.2,1003.32,1004.52
1001.3,1004.42,1003.7
1001.2,1005.35,1002.18
1001.0,1006.19,1004.57
1000.8,1005.81,1004.4
999.7,1004.76,1004.13
998.5,1005.06,1005.61
996.9,1002.39,1000.34
995.8,1001.61,999.49
994.8,1000.88,999.56
993.4,999.46,997.86
992.3,999.24,998.06
991.7,999.34,999.28
991.0,997.82,998.34
990.1,997.18,998.69
990.2,998.62,999.82
990.5,997.93,997.68
989.9,997.74,993.64
989.5,997.71,994.28
989.1,997.85,994.58
988.3,996.94,994.11
987.4,997.64,992.56
987.0,998.66,994.23
987.6,998.58,993.75
987.9,997.67,994.95
988.3,998.64,994.94
988.8,998.82,994.56
989.0,999.54,992.13
989.4,998.97,992.85
989.4,1000.61,992.3
989.5,999.57,992.58
989.2,999.7,993.69
989.9,1000.37,996.07
990.6,1001.2,996.25
991.3,999.0,992.73
992.2,1000.06,995.64
993.0,999.41,996.57
993.5,1000.15,997.48
994.4,995.65,998.43
995.1,996.45,999.84
995.5,996.35,1000.1
995.9,996.19,999.56
996.2,997.54,999.67
996.4,994.49,999.32
996.7,996.63,997.4
996.9,999.49,1000.24
997.4,999.65,1000.17
997.7,998.06,1000.67
998.5,999.76,1003.49
999.0,998.91,1002.84
999.3,998.69,1002.4
999.7,1001.44,1002.99
999.9,999.56,1003.32
999.3,999.93,1000.42
998.5,998.55,1001.08
998.1,998.71,998.85
998.0,1000.02,999.46
998.4,999.39,998.66
998.8,998.76,999.59
999.2,998.01,999.18
999.6,997.24,997.52
1000.1,997.63,997.43
1000.5,997.62,996.7
1000.5,997.51,996.48
1000.4,998.26,999.62
1000.9,998.69,999.07
1000.7,998.52,998.76
1000.8,998.18,998.27
1000.7,998.0,997.86
1000.4,998.73,998.46
1000.6,997.41,998.93
1000.7,998.07,997.8
1001.0,998.56,997.92
1001.2,999.63,999.55
1001.0,999.66,1001.14
1001.5,1000.26,1001.73
1001.0,999.89,999.86
1000.6,999.35,999.01
999.2,999.39,999.06
998.6,997.54,997.9
997.9,997.95,997.74
998.0,996.39,993.45
998.1,998.59,997.84
998.5,996.95,996.2
998.3,997.18,995.84
998.1,996.98,995.4
997.8,996.42,994.72
997.7,996.29,992.79
997.4,997.14,993.98
997.4,996.69,993.6
997.2,997.44,995.17
996.6,997.1,995.02
995.8,996.84,994.61
995.2,996.89,994.7
995.0,996.06,993.01
994.7,997.3,996.59
994.4,998.39,996.48
994.1,998.37,996.72
993.5,997.62,996.16
992.4,997.2,995.82
992.1,996.49,995.99
990.9,996.93,996.81
989.7,997.04,996.87
989.4,995.57,994.43
989.0,994.59,994.06
988.8,995.59,996.83
988.9,995.22,995.99
989.3,995.56,997.36
989.3,997.04,998.08
989.3,996.64,996.9
989.5,995.29,996.72
989.6,998.81,997.02
989.4,997.89,994.99
988.3,997.75,994.31
988.1,999.05,996.05
987.8,998.78,998.25
986.9,999.43,996.4
986.5,998.47,996.17
986.0,995.51,995.56
985.7,996.67,996.46
986.4,997.27,998.68
986.5,996.6,998.88
986.6,998.09,998.94
986.7,997.57,998.32
986.7,998.16,995.46
986.0,998.7,997.52
985.3,998.32,996.28
984.9,998.2,996.62
984.7,995.12,996.7
984.3,997.4,996.94
984.3,999.36,999.74
984.7,994.64,997.05
984.7,994.98,998.13
984.2,997.41,997.42
984.0,996.25,994.82
983.6,996.2,998.49
983.0,997.68,997.6
982.9,997.36,999.32
983.0,996.9,999.72
983.0,998.75,998.64
983.2,997.59,996.87
983.3,997.77,997.74
983.9,998.08,997.61
984.5,997.93,1000.22
985.0,997.58,1000.23
985.3,998.6,999.09
985.3,999.19,1000.17
985.2,999.29,1001.14
985.4,999.0,1001.29
985.4,998.27,1001.99
985.3,999.62,1002.42
985.3,997.93,998.38
985.6,998.49,997.2
986.1,997.01,995.78
986.7,997.05,997.75
987.1,994.41,998.8
988.1,993.37,995.83
989.2,991.42,994.95
990.4,991.03,992.16
991.1,990.84,994.08
991.5,992.81,997.72
992.2,993.36,995.94
992.4,994.44,997.21
993.0,993.24,992.24
993.4,994.57,993.98
994.0,995.79,998.46
995.1,996.65,1000.72
995.4,996.36,1000.52
996.4,997.54,997.91
997.0,999.57,999.94
997.9,998.68,996.38
998.1,998.85,996.41
997.8,1001.28,1001.19
997.6,1000.86,1000.84
997.5,1001.52,1003.24
997.3,999.82,999.49
997.2,1000.38,1000.2
996.4,999.32,999.97
996.0,998.12,1000.52
995.5,997.48,1000.36
994.7,997.03,995.96
994.5,997.63,993.65
994.4,997.64,993.93
994.3,997.4,993.83
993.3,998.08,995.69
992.8,998.33,994.23
991.8,999.29,996.52
991.0,997.95,994.67
989.8,997.78,992.59
988.7,997.93,991.73
988.2,996.98,991.8
987.3,996.1,991.04
987.5,997.4,995.81
987.3,997.37,991.34
987.3,997.32,994.28
987.0,996.66,993.11
986.7,996.87,993.74
986.1,996.84,993.65
985.7,995.75,990.12
985.7,995.52,987.13
985.8,996.06,990.77
986.1,996.02,992.28
986.8,996.99,993.19
987.5,996.48,992.56
987.8,995.89,993.5
988.4,994.98,994.63
988.9,996.05,994.62
989.0,997.41,994.47
989.4,996.39,996.12
989.7,998.63,1000.62
989.7,998.55,998.67
989.6,998.68,1000.12
989.3,997.64,998.59
989.4,998.81,995.54
990.0,996.67,995.25
990.0,997.58,998.33
990.3,998.35,998.25
989.7,999.07,998.66
988.8,998.15,996.06
987.8,998.83,996.41
986.3,997.39,996.48
984.8,997.61,995.73
983.3,995.58,991.96
982.1,995.37,993.81
981.3,992.67,990.26
980.5,994.57,993.13
980.0,994.31,992.24
979.5,994.98,994.39
979.6,995.97,997.88
979.3,995.48,996.83
978.4,995.24,996.52
977.8,994.7,995.11
977.4,993.01,989.29
976.8,992.99,989.74
976.8,992.98,989.28
976.1,992.07,987.7
975.7,992.4,991.07
975.3,993.22,992.81
974.9,993.65,994.04
974.8,992.21,991.27
974.8,992.14,991.38
974.8,992.41,992.34
974.5,994.76,998.09
974.5,994.0,997.06
974.1,993.68,995.45
973.0,993.09,993.41
972.3,994.49,994.73
971.9,994.64,994.78
971.7,993.39,993.68
971.6,993.81,995.14
970.9,994.59,997.22
970.6,994.69,995.45
969.2,994.68,994.3
969.5,994.79,994.38
969.2,994.88,994.19
969.2,994.56,996.25
970.6,993.9,994.0
972.0,994.85,995.1
974.4,997.11,995.09
976.5,996.85,995.77
977.8,997.29,995.97
980.8,998.13,997.0
982.7,998.99,996.52
984.9,999.73,996.08
987.2,999.21,990.06
989.0,1002.1,995.49
991.0,1004.04,995.29
993.5,1005.01,998.71
995.0,1002.91,998.99
996.2,1004.12,1002.63
997.0,1003.52,999.63
998.1,1003.99,999.12
999.4,1003.59,997.57
1000.6,1004.61,1000.1
1001.6,1004.5,999.57
1003.2,1004.6,1001.33
1003.7,1004.78,1001.58
1004.6,1005.31,1004.11
1005.4,1006.18,1004.51
1006.1,1004.81,1005.1
1007.0,1004.16,1000.79
1007.8,1005.14,1001.96
1008.3,1003.36,1000.5
1008.6,1005.12,1002.25
1008.6,1005.83,1003.85
1009.1,1005.23,1006.84
1009.3,1004.82,1006.29
1010.2,1005.08,1006.42
1010.9,1005.17,1008.02
1011.1,1005.97,1007.66
1011.2,1004.91,1007.67
1010.2,1003.71,1004.7
1009.7,1004.03,997.38
1008.4,1002.97,994.29
1007.4,1002.09,993.54
1006.5,1001.4,993.23
1005.9,1001.1,996.06
1005.3,1000.04,994.56
1004.9,1000.27,995.85
1004.6,999.64,993.26
1004.5,999.13,991.17
1004.5,1000.58,990.15
1004.3,1000.28,994.31
1004.0,1000.53,994.37
1003.5,1002.15,997.36
1003.6,1000.8,997.3
1003.6,1000.32,995.75
1003.3,1000.54,996.7
1003.1,1000.16,999.56
1002.7,1002.29,1000.04
1002.6,1001.47,998.12
1002.6,1001.43,996.91
1002.5,1002.11,1000.87
1001.9,1002.4,1001.99
1001.1,1002.09,999.67
1000.9,1001.48,999.86
1000.7,1001.62,998.86
1000.1,1002.17,1000.85
999.2,1000.19,998.49
998.2,1001.03,1001.24
997.7,999.01,995.52
997.6,1000.16,996.63
997.2,999.17,997.19
997.1,999.46,997.78
996.9,997.52,992.75
997.5,997.37,993.84
997.5,997.58,997.08
996.9,997.76,994.9
997.0,998.05,998.62
997.5,996.79,999.62
997.5,996.96,997.25
997.4,998.9,1001.96
997.5,997.01,998.95
998.2,997.24,1000.08
998.2,996.62,1002.08
998.3,996.16,1000.81
998.4,997.74,1000.24
998.2,997.07,997.23
998.5,997.55,996.57
998.2,998.33,996.38
997.4,996.9,994.33
996.5,998.71,996.62
996.1,997.5,995.85
995.8,996.45,995.9
995.2,995.99,995.55
995.2,995.63,996.45
995.2,994.74,995.54
994.9,995.72,996.0
994.8,995.02,995.78
994.6,994.59,993.54
994.4,995.2,995.07
994.1,995.07,994.7
994.2,995.79,995.02
994.7,994.04,991.29
994.5,994.08,992.18
994.2,994.24,992.23
994.0,994.68,991.9
993.7,993.26,989.69
993.2,993.44,990.13
993.1,994.39,992.91
993.0,994.15,992.23
992.3,995.5,996.79
992.0,994.89,992.98
991.0,994.16,989.89
990.0,993.95,990.86
989.0,994.83,994.54
988.1,992.69,989.46
987.8,993.03,990.53
987.1,992.11,990.78
995.0,995.8,994.48
999.0,995.76,995.73
998.2,996.16,996.15
998.0,995.13,994.93
997.6,994.9,996.92
997.7,994.88,995.86
998.0,994.8,994.61
998.1,994.42,993.2
998.2,993.89,993.3
998.6,994.1,994.08
998.7,994.92,994.5
998.9,995.17,995.66
998.7,995.6,996.53
998.9,997.55,998.6
998.6,996.95,996.31
998.5,996.87,997.09
998.3,996.09,993.8
998.1,996.24,995.65
998.2,996.91,995.08
998.1,996.39,994.93
998.5,996.17,996.94
998.4,997.32,1001.34
998.5,996.49,1000.56
998.7,996.32,1000.16
998.5,994.91,1000.44
998.2,995.89,1000.29
997.9,995.41,998.92
997.1,995.3,998.66
996.5,995.01,995.65
996.8,994.65,998.71
1007.7,1001.94,997.07
997.1,994.73,997.22
997.1,994.6,996.46
997.0,993.89,997.07
997.0,992.2,997.49
996.9,994.36,997.4
996.7,994.72,995.65
996.1,994.29,992.95
995.6,994.86,993.56
995.8,993.99,991.81
995.1,994.15,991.52
994.7,993.6,991.25
994.5,992.66,991.03
994.5,993.51,989.6
994.0,993.98,989.44
994.0,992.86,991.24
993.3,993.09,992.47
992.7,992.72,993.31
992.3,993.17,992.47
992.0,993.25,990.5
991.3,991.76,990.72
990.3,992.78,991.38
989.1,993.38,990.63
988.4,993.43,989.99
987.8,992.01,988.3
987.8,990.98,986.08
987.8,991.16,987.1
987.5,990.87,987.38
988.2,990.73,987.88
988.2,991.72,989.84
988.0,989.76,986.78
988.3,991.83,991.42
988.3,993.31,990.42
988.6,993.4,989.68
988.9,994.43,992.34
989.3,994.32,991.74
989.7,992.88,989.79
989.8,993.72,991.0
990.0,993.85,991.2
990.2,994.75,994.49
990.3,997.13,1000.54
990.0,994.53,993.46
990.4,997.75,1000.28
990.1,998.26,1002.91
989.8,996.82,997.48
989.4,999.11,998.64
989.0,999.39,1000.48
989.1,998.49,996.92
989.4,998.96,997.8
990.3,998.89,996.7
991.2,1000.39,1000.91
992.6,1000.57,1000.92
992.7,1000.0,1000.7
992.6,1000.37,1000.68
992.9,999.13,998.41
993.3,1000.95,1000.04
993.8,1000.69,998.31
993.9,999.71,996.91
994.0,1001.62,998.97
994.6,1000.75,999.98
995.6,1000.97,1000.84
996.4,1000.39,999.46
997.1,1002.23,1000.44
997.5,1001.59,1002.09
998.4,1002.97,1004.96
998.7,1000.23,1000.27
998.9,1000.6,998.95
998.7,1001.85,999.72
998.7,999.58,999.09
999.1,1000.29,998.96
999.5,999.98,998.76
999.8,999.94,998.02
1000.0,999.47,1000.06
1000.3,1000.15,997.72
1000.5,995.76,996.38
1000.8,994.76,996.02
1000.8,999.89,1001.42
1000.9,999.44,1001.24
1000.5,1000.06,1001.74
1000.6,999.84,1002.33
1000.4,998.98,1002.18
999.8,999.55,1002.09
999.7,1001.12,1001.66
999.3,999.64,997.63
999.2,999.03,996.66
999.2,1000.52,1001.56
998.7,999.07,998.57
998.0,999.07,1000.91
997.5,998.34,999.05
996.1,997.18,996.07
995.2,996.79,992.79
993.8,996.48,988.95
992.7,994.06,985.18
992.0,994.1,988.43
991.5,993.12,988.85
991.6,994.01,990.29
991.7,993.64,989.94
992.1,994.02,988.03
992.2,994.52,988.65
992.3,994.84,989.35
992.2,994.72,989.12
991.9,994.87,992.6
991.7,995.35,992.44
991.5,996.06,994.86
991.0,995.97,995.54
991.0,994.71,990.99
990.9,997.35,996.8
991.1,996.3,994.71
991.3,996.5,994.53
990.9,996.48,994.68
990.7,997.95,996.35
990.8,998.19,996.99
990.1,997.39,997.83
989.8,996.77,997.39
989.2,995.9,996.11
988.4,995.42,995.65
987.4,994.14,992.36
986.9,994.0,991.93
986.7,993.95,990.31
986.5,993.39,991.02
986.9,994.14,993.0
987.2,993.66,989.79
987.8,994.61,991.87
988.1,995.25,991.81
988.0,995.93,996.24
987.9,995.35,993.96
988.3,996.24,995.2
988.2,996.06,995.05
987.9,996.12,994.06
988.2,995.24,992.86
988.3,995.79,993.54
988.7,996.36,995.45
989.4,997.29,997.92
989.8,996.9,997.37
990.3,997.5,992.08
990.6,999.56,995.99
991.2,998.6,994.95
991.1,998.98,997.39
990.3,999.71,997.32
990.2,998.78,996.52
990.2,998.01,994.32
990.5,996.87,995.03
990.8,995.99,995.14
991.5,995.41,994.36
991.6,995.87,996.93
991.9,996.53,995.69
991.9,995.56,996.21
992.2,997.33,997.23
991.8,997.21,997.05
991.0,996.41,995.64
991.4,995.43,995.22
990.5,995.4,994.94
990.0,995.81,995.17
988.7,995.66,994.17
989.3,995.42,993.45
989.7,994.65,990.02
990.2,993.02,990.04
988.5,993.25,989.27
987.8,991.34,982.59
986.9,992.13,985.24
986.4,992.67,989.3
986.4,993.74,990.3
987.1,993.69,994.6
987.4,992.23,991.89
988.5,993.14,992.35
989.3,991.7,989.57
991.6,991.86,990.2
992.5,990.48,988.21
993.1,991.2,990.08
994.2,991.43,992.26
995.1,992.45,994.7
995.2,990.74,988.96
995.7,992.05,994.21
996.1,991.26,992.21
996.9,991.86,995.67
997.1,991.51,994.81
997.9,991.26,989.68
998.5,991.85,993.51
998.8,991.58,991.17
998.9,991.81,989.9
1000.1,992.88,990.35
1001.2,993.9,990.22
1001.1,994.16,994.67
1000.8,994.87,996.31
1000.6,994.38,997.52
999.9,994.92,997.89
999.2,995.48,1000.04
999.1,995.77,1002.88
998.0,995.46,999.62
997.9,995.06,1001.97
997.5,994.95,1000.49
996.8,995.63,1000.39
996.7,994.33,997.31
996.6,995.26,997.2
995.6,994.89,996.26
995.1,994.95,995.36
994.1,995.53,994.73
993.4,996.88,994.62
993.1,995.17,992.91
992.4,995.06,993.21
991.3,995.06,992.94
990.6,994.46,993.1
989.8,994.55,991.95
989.4,994.01,989.91
987.9,994.41,991.86
986.8,995.14,994.06
986.1,994.88,992.72
985.1,995.42,992.54
983.7,994.6,988.95
983.0,994.84,989.44
982.6,994.89,989.5
984.9,997.55,994.26
985.6,998.13,995.53
985.8,997.83,995.23
986.5,997.94,994.84
986.9,999.13,996.64
986.4,998.06,996.36
986.1,998.33,997.59
986.2,999.39,996.49
986.7,1000.12,1000.57
986.9,1000.38,1001.27
987.4,1001.76,1003.47
987.8,1001.8,1002.93
988.2,1002.05,1004.31
989.2,1001.56,1002.51
989.4,1001.7,999.9
990.0,1002.99,999.89
990.4,1003.62,1003.96
990.2,1003.21,1004.3
990.6,1002.84,1002.49
991.4,1002.28,1002.35
991.9,1002.63,1002.99
992.6,1001.13,1000.19
993.3,1000.33,998.62
994.0,1001.41,998.66
994.5,1001.84,998.58
994.9,1002.66,998.5
995.3,1001.1,999.76
995.3,1000.32,998.98
994.9,1000.49,997.23
995.5,1003.07,999.04
995.4,1001.31,999.42
995.6,1002.75,1001.13
996.2,1001.97,998.58
996.8,1001.93,1000.44
997.7,1001.31,1001.28
998.2,1001.89,1000.12
998.7,1002.47,1000.9
999.0,1001.51,999.16
999.3,1001.17,996.61
999.0,1002.02,997.33
998.9,1001.86,997.05
998.6,1001.16,995.92
998.5,1000.92,996.45
998.4,1001.49,997.98
998.4,1000.66,997.33
998.3,1001.33,1000.28
997.6,999.6,993.03
997.3,1000.17,993.68
996.9,1000.07,993.26
996.2,999.49,993.7
995.4,1000.04,996.51
994.7,999.62,994.15
994.3,999.64,994.4
993.3,999.99,994.84
992.0,1000.52,993.43
990.5,999.12,991.05
989.2,999.63,994.15
987.8,1000.17,996.27
986.8,999.0,994.64
985.2,999.16,995.41
984.5,999.7,996.81
983.5,999.01,994.7
983.0,1000.16,1000.14
982.4,998.31,997.98
982.2,997.65,996.75
981.9,996.67,994.02
982.0,996.62,994.62
981.9,996.39,992.19
982.3,996.0,993.32
982.6,997.57,995.97
983.2,997.07,996.03
983.9,997.98,997.12
984.6,997.76,997.65
984.9,998.33,997.53
985.3,998.44,1001.6
985.5,995.6,1002.02
985.8,998.32,1002.02
986.2,999.57,1001.94
987.1,1000.6,1000.63
988.2,1001.11,1001.04
990.0,1002.45,1000.52
991.0,1003.61,1001.58
992.2,1003.66,1002.39
993.1,1003.7,1000.95
994.3,1004.18,1002.27
995.2,1004.21,1002.89
996.7,1003.13,999.28
997.4,1002.36,997.56
997.8,1003.34,999.03
997.9,1002.06,997.88
998.2,1002.4,999.1
998.8,1002.67,998.79
999.5,1001.43,997.72
1000.0,1001.81,998.16
1000.5,1001.49,999.14
1001.1,1001.03,998.51
1001.3,1000.68,997.96
1001.7,1001.07,998.11
1002.3,1001.45,999.71
1002.6,1001.13,999.65
1002.8,1001.44,999.51
1002.9,1000.93,998.57
1003.3,998.29,999.19
1003.5,999.97,1001.36
1003.8,1000.86,999.17
1004.4,1000.53,1004.08
1004.9,999.61,1000.19
1005.1,1000.34,999.87
1005.5,1002.1,1001.68
1005.7,1003.14,999.52
1005.5,1002.34,999.59
1005.4,1002.74,999.61
1005.3,1001.81,997.69
1004.3,1001.23,997.5
1003.6,1000.3,998.21
1002.9,999.55,998.58
1003.0,999.69,997.82
1003.0,999.35,999.49
1002.6,998.69,1000.02
1002.6,997.85,998.05
1002.3,997.41,998.49
1001.9,998.39,997.26
1001.4,999.62,999.38
1001.2,998.85,997.66
1000.2,999.26,996.61
999.6,998.72,995.27
1000.3,999.78,998.67
1000.4,993.98,990.0
1000.6,995.12,994.37
1000.4,994.34,994.77
999.9,994.27,996.33
998.8,993.74,997.19
998.7,995.54,996.64
998.0,995.05,995.49
997.1,994.58,998.34
997.2,995.95,997.72
996.5,997.12,1000.75
996.6,995.4,996.42
996.5,994.75,997.0
997.3,994.12,995.79
998.0,993.79,994.42
998.9,993.24,997.68
999.4,993.8,999.22
1000.0,993.36,999.45
1000.5,993.84,999.47
1000.5,995.01,1001.19
1000.7,994.2,1000.84
1000.9,993.46,999.1
1001.0,992.73,997.37
1001.4,992.96,999.8
1001.5,993.72,1000.07
1001.8,993.05,997.74
1002.8,994.57,998.4
1003.4,993.33,995.68
1004.3,993.97,995.11
1004.8,994.85,996.45
1005.8,995.56,995.35
1006.0,997.45,997.34
1006.2,999.5,997.55
1006.0,999.73,1000.11
1005.5,1001.93,1003.16
1004.8,1001.23,1002.57
1004.7,1000.27,1000.48
1004.2,1001.66,1001.56
1004.7,1001.63,1001.96
1004.6,1001.06,1000.84
1004.4,1001.04,1001.5
1004.7,1001.74,1001.66
1003.8,1000.35,1001.42
1003.7,999.4,999.79
1003.3,1000.51,1000.05
1003.2,1001.62,999.83
1002.8,1000.21,998.6
1002.1,998.04,996.75
1001.5,997.56,995.9
1001.4,998.26,997.33
1001.3,998.96,998.73
1001.6,999.15,999.6
1001.7,998.44,999.17
1001.7,999.06,999.38
1000.7,1000.47,999.58
1000.5,997.89,993.21
999.6,997.88,990.87
998.5,997.18,992.43
997.6,998.08,995.33
996.6,997.41,995.36
995.3,995.62,995.19
993.6,996.48,993.85
993.4,995.9,992.06
993.1,997.82,996.8
992.7,996.61,993.01
992.0,996.8,994.38
992.3,996.48,993.04
991.8,997.45,994.03
990.9,997.25,993.15
990.5,997.4,993.62
989.6,997.1,993.24
988.9,996.95,993.85
988.1,997.48,994.94
987.9,996.58,990.66
987.6,995.96,988.64
987.9,995.74,991.59
987.6,996.56,992.94
987.6,994.92,990.41
987.6,995.19,991.75
987.0,995.11,988.7
987.0,993.25,985.14
986.7,994.76,986.59
985.2,995.58,992.24
984.1,995.13,989.69
983.6,995.43,990.17
982.7,994.35,990.02
982.2,994.52,991.04
981.3,996.3,990.83
980.7,997.29,993.07
982.2,994.61,994.58
981.6,994.0,989.05
981.2,993.99,989.37
979.6,993.01,989.1
978.0,993.85,991.83
976.3,992.98,990.2
975.6,994.06,993.07
975.2,994.06,995.04
975.3,993.12,991.78
975.5,994.01,993.96
976.4,994.66,995.62
976.5,993.38,994.95
976.7,995.49,997.48
976.3,995.03,996.71
977.2,995.08,993.6
978.1,994.99,991.38
977.7,996.15,993.58
978.7,996.07,989.68
979.7,995.71,988.01
980.6,996.06,992.04
981.7,995.58,990.9
983.0,994.98,988.96
984.3,995.22,986.64
985.3,995.72,987.68
986.6,996.74,990.5
987.2,996.85,990.65
988.1,997.51,992.63
989.1,997.27,990.98
989.7,997.21,992.56
990.1,997.65,992.86
990.8,997.83,993.31
991.1,997.74,992.93
992.2,998.03,994.56
993.3,999.41,997.07
994.1,998.69,995.82
995.1,999.47,996.42
995.7,1001.09,1001.24
996.5,1000.05,998.74
996.9,1000.73,999.69
997.1,1001.59,1001.41
997.3,1002.0,1002.56
997.3,1001.58,1000.89
997.5,1001.05,1001.65
997.8,998.72,997.03
997.8,1000.12,1000.39
998.1,999.3,999.92
998.2,999.57,999.34
998.5,999.18,998.36
998.4,999.33,997.71
998.8,998.63,998.42
999.0,997.99,999.94
999.2,999.29,1002.17
999.5,999.76,997.71
999.3,1000.97,1000.58
999.2,1000.28,1000.7
999.5,999.91,999.8
999.4,999.57,1001.63
999.5,1000.97,1003.87
999.9,1000.82,1002.22
999.8,1001.32,1003.97
999.9,1000.66,1000.2
999.8,999.81,999.56
999.0,1001.33,1002.96
998.0,1000.48,998.86
997.2,1001.33,1001.01
996.4,998.95,998.02
996.1,998.61,997.41
995.9,998.4,998.03
995.5,997.2,995.28
995.6,998.29,998.02
996.1,997.35,998.45
996.1,999.44,998.58
996.7,998.63,998.31
996.8,999.52,997.52
997.0,995.83,997.96
997.1,998.02,1002.65
996.9,1001.14,1002.72
996.9,1001.78,1003.19
997.2,1000.04,1003.45
997.1,1000.23,1002.11
997.2,999.02,1001.24
997.7,998.94,1000.85
998.2,1000.22,1001.47
998.7,1001.41,999.68
998.3,1001.07,1000.28
998.4,1001.35,1001.24
998.0,1002.12,1001.29
997.4,1002.11,1001.66
996.7,1001.94,1001.33
995.9,1000.89,1001.76
995.1,1000.76,1000.94
994.5,999.82,996.86
994.1,998.66,997.21
994.0,997.94,1000.0
993.7,998.64,999.56
993.6,997.15,997.59
992.6,997.59,999.35
992.3,996.84,997.27
990.9,995.45,994.81
990.0,995.93,995.26
987.8,994.38,988.74
987.0,993.74,986.68
985.9,992.54,984.1
985.6,990.76,982.78
985.1,993.24,986.55
985.1,991.67,986.66
984.4,994.08,990.38
985.2,995.16,992.19
985.4,991.93,991.63
985.9,993.84,990.1
987.0,993.09,991.71
987.8,994.68,993.58
988.3,993.03,987.2
989.6,994.57,990.57
990.4,995.41,991.28
991.6,993.05,992.2
992.6,994.08,992.92
993.0,994.19,994.09
993.2,994.33,993.02
993.9,994.3,992.71
994.1,994.63,992.35
994.5,994.7,992.25
994.3,994.04,992.75
994.1,994.4,993.07
994.2,994.86,995.08
993.6,993.99,994.08
993.9,994.58,993.22
994.0,994.68,994.29
994.2,995.02,993.63
994.7,994.93,992.1
994.7,995.62,995.5
995.1,996.63,1001.35
995.4,996.92,1000.55
995.2,996.45,1000.13
995.1,997.87,1001.75
994.2,997.76,1001.98
993.5,996.95,1002.22
992.7,996.34,1001.27
992.3,996.39,998.77
992.1,994.46,997.32
992.3,994.1,998.18
991.6,994.01,995.68
991.3,992.56,994.35
991.9,992.7,991.87
991.6,992.39,988.44
990.9,992.47,989.52
990.8,992.15,988.26
991.0,992.71,986.45
990.2,991.03,985.49
990.7,991.45,987.91
991.1,993.32,986.96
991.2,993.45,987.57
992.2,992.65,988.2
992.8,992.73,990.5
992.5,993.29,993.9
992.5,993.27,994.55
992.3,993.69,994.5
991.5,993.4,992.38
992.0,993.58,993.48
992.0,993.2,994.48
990.1,994.88,997.32
988.3,993.13,992.4
987.5,993.41,992.16
988.9,993.21,991.72
988.0,992.92,992.59
988.5,993.38,992.09
987.5,992.47,991.19
988.0,993.06,990.16
987.3,992.25,989.41
988.1,992.67,988.56
986.9,992.83,987.49
985.4,991.72,988.18
983.9,992.1,988.82
983.1,992.54,988.08
982.9,992.0,989.02
982.2,992.48,989.14
982.6,992.35,989.21
982.0,992.39,989.05
981.2,992.63,989.02
979.9,991.58,989.15
978.8,992.0,989.54
976.8,992.01,991.15
972.7,992.21,991.53
970.1,992.84,988.91
967.5,990.44,984.19
967.0,989.25,975.89
967.9,991.2,982.18
969.8,992.53,984.37
971.2,994.08,987.1
972.2,993.88,984.3
972.7,993.58,983.46
972.2,993.87,987.48
972.1,993.93,988.67
971.7,995.05,991.09
971.4,994.84,989.37
970.5,993.2,989.07
969.7,993.6,991.06
969.3,993.45,989.4
969.0,993.72,989.21
968.6,991.95,984.89
968.3,992.38,988.58
968.0,992.83,992.51
967.9,993.79,994.32
967.8,992.89,991.27
967.7,993.26,991.14
967.9,994.18,993.26
967.3,993.84,994.56
967.1,993.58,993.41
968.0,994.2,993.12
969.0,994.06,993.56
970.2,993.03,991.69
971.4,992.45,990.59
972.7,993.31,993.84
974.2,992.47,994.33
975.1,990.31,989.95
975.5,992.62,991.1
975.8,993.29,991.48
976.5,992.82,990.54
977.0,991.83,987.54
977.7,991.53,986.98
978.1,993.7,991.01
978.4,994.02,989.02
978.8,994.97,990.54
979.3,993.47,990.17
980.6,995.49,993.81
981.0,995.66,995.93
982.2,994.79,995.07
982.5,992.97,991.96
983.2,994.01,993.79
984.2,995.22,996.42
985.2,993.99,993.92
986.2,994.42,997.54
987.1,992.49,992.27
988.1,993.06,994.56
989.4,993.06,994.93
990.5,993.33,997.23
991.4,993.14,996.41
992.2,992.53,996.28
992.7,991.71,994.02
993.2,991.23,992.87
993.7,993.76,997.86
993.8,994.63,997.6
994.5,994.7,995.17
995.1,996.44,999.16
995.4,994.91,997.04
996.5,995.4,998.05
997.6,994.01,995.79
998.2,993.99,992.81
998.9,994.03,996.33
999.8,993.74,996.09
1000.4,996.06,1000.65
1000.3,996.38,1001.4
1000.1,996.69,1001.88
1000.3,997.49,1002.05
1000.9,998.22,1001.69
1001.3,996.6,1000.19
1001.0,998.78,1000.85
1001.3,998.02,1000.8
1001.5,998.04,1000.22
1002.1,998.94,999.53
1002.3,998.37,999.63
1002.5,998.66,1001.13
1002.9,1000.21,999.72
1003.0,998.35,1000.77
1003.1,999.29,1002.02
1002.8,1000.29,1001.39
1003.3,998.4,1000.03
1003.6,997.1,998.87
1003.9,996.52,998.26
1004.2,996.39,1000.64
1004.5,996.87,1002.1
1004.6,998.02,1002.82
1004.5,998.82,1003.06
1004.2,998.52,1003.39
1003.5,999.17,1003.35
1003.1,998.97,1002.17
1002.1,998.97,1001.07
1001.5,999.29,1001.79
1000.9,998.37,1001.44
1000.4,996.29,997.27
1000.0,996.66,998.05
999.6,996.53,997.98
999.3,994.87,998.11
999.4,995.84,997.43
999.2,995.48,996.46
999.2,995.41,997.12
998.8,995.86,997.32
998.1,996.36,998.97
998.0,995.2,995.45
997.8,996.25,995.7
997.2,995.64,994.42
997.3,995.1,992.05
997.7,996.69,997.03
997.6,996.32,995.92
997.0,995.59,994.47
996.5,995.72,994.2
996.3,995.09,992.23
994.6,993.92,991.21
993.3,994.79,993.7
993.3,994.24,992.57
991.6,993.24,991.56
990.0,993.88,991.62
991.5,993.34,991.5
990.9,993.69,992.28
990.5,993.89,993.06
990.7,994.3,992.94
990.7,993.27,991.55
990.4,993.55,992.02
990.4,994.22,995.21
990.0,993.65,991.0
989.6,994.53,993.89
989.1,994.0,992.85
988.6,993.14,991.44
988.5,993.24,992.11
989.0,993.24,991.14
989.5,993.18,989.98
989.9,994.4,988.43
990.5,995.28,990.81
991.2,995.55,991.77
991.5,995.32,995.77
991.6,996.58,995.94
991.8,994.57,996.4
991.8,994.65,995.05
991.8,995.49,997.4
991.4,995.4,995.52
991.4,994.8,995.57
991.3,994.24,994.0
991.3,995.01,994.65
991.2,994.81,996.98
991.7,994.49,996.33
992.0,995.0,996.7
991.6,994.48,994.47
991.3,995.55,997.96
990.9,995.41,996.86
989.7,996.03,997.93
989.4,996.51,997.68
988.7,996.7,997.1
989.3,997.57,996.75
989.4,996.32,992.17
990.5,997.79,998.18
990.7,996.77,996.92
991.1,997.07,997.41
991.3,998.18,999.09
991.4,998.28,998.91
991.5,998.0,997.5
991.8,998.4,996.79
991.7,998.74,997.61
991.7,997.79,996.87
991.5,997.4,996.75
991.3,998.41,998.57
991.6,997.07,998.04
991.9,996.74,997.94
992.4,997.1,998.27
992.9,996.58,999.03
992.9,996.71,999.74
993.4,996.61,998.5
993.5,996.4,998.25
993.5,996.22,999.0
993.2,998.08,999.26
993.2,995.08,997.24
992.8,997.45,997.1
993.3,997.87,995.48
993.3,997.54,997.92
993.7,997.72,999.92
993.8,997.28,996.89
993.9,997.3,996.8
993.8,998.29,1000.78
993.4,997.62,999.95
993.8,1000.69,1000.3
993.5,1000.03,999.79
993.0,999.42,999.49
991.6,998.44,998.56
991.4,998.21,996.79
990.8,998.96,998.09
990.0,997.55,998.65
989.7,998.1,999.36
989.3,997.72,999.5
989.0,998.08,998.13
988.3,997.59,998.96
988.1,996.82,995.75
987.1,997.46,998.78
986.2,998.91,996.42
984.8,996.23,995.56
983.9,996.49,995.34
982.6,995.25,995.01
982.6,994.46,994.48
983.2,995.44,997.07
983.0,995.67,995.77
982.1,995.46,995.48
981.4,996.53,996.09
981.5,995.33,995.04
981.1,995.78,994.42
980.7,996.64,997.26
980.5,997.77,997.0
980.3,995.28,993.5
980.3,995.79,996.09
980.3,996.18,996.84
980.3,996.03,995.62
980.3,996.09,996.32
980.5,995.7,997.14
980.9,995.12,993.84
981.2,996.44,996.7
981.2,995.93,998.71
981.2,995.11,995.23
981.1,994.45,993.68
981.2,993.91,991.8
981.0,993.97,991.07
981.4,992.99,990.41
981.6,993.5,992.07
982.3,993.67,992.0
983.1,993.15,990.99
983.9,994.63,994.63
984.5,995.01,994.66
985.2,996.45,995.27
985.8,996.5,990.72
986.6,997.16,995.3
987.1,995.62,994.01
987.8,997.12,993.24
988.0,995.59,992.96
989.2,995.97,996.89
991.4,994.06,991.9
991.4,995.83,996.15
991.9,996.68,997.49
992.7,996.55,998.09
993.7,995.41,997.77
994.4,996.52,997.27
995.0,997.61,997.0
995.4,997.03,999.85
995.9,997.14,998.28
996.3,997.73,997.14
996.7,997.39,996.64
997.1,997.4,993.75
997.5,998.54,996.86
998.1,997.67,995.83
998.5,999.22,999.47
998.6,998.51,1001.79
999.0,998.6,1001.16
998.8,1000.74,1001.32
998.4,1000.72,1000.86
997.3,1000.95,999.17
996.5,1000.74,997.79
995.4,999.25,1000.02
994.1,998.52,998.7
992.9,997.24,997.5
992.1,993.01,993.82
991.5,992.94,993.46
990.7,994.05,994.36
990.1,994.13,994.55
989.7,993.96,992.96
988.7,994.65,993.82
986.6,993.36,991.15
985.9,993.72,992.26
984.8,993.37,991.7
984.3,993.08,991.44
983.8,992.25,988.9
984.1,992.5,990.84
984.5,993.37,995.39
985.0,992.38,993.8
984.9,993.11,993.51
985.6,994.51,995.96
986.2,993.96,994.73
986.4,994.16,994.39
987.1,998.75,996.67
987.1,997.77,996.27
986.9,997.34,996.29
987.0,997.95,995.27
987.2,999.41,995.05
987.2,997.65,995.38
987.0,996.5,994.48
987.2,994.12,992.01
987.6,993.73,991.8
987.6,993.33,993.99
987.8,996.15,994.11
988.8,997.23,991.95
989.0,996.43,993.61
990.1,996.79,989.29
990.2,998.01,991.82
990.9,997.01,991.38
991.4,997.8,992.46
992.8,997.33,994.0
993.8,994.31,993.65
994.2,998.42,997.29
994.5,999.07,1000.42
995.3,999.2,999.76
995.6,1000.12,1000.49
995.7,999.93,1000.81
995.6,999.22,1000.7
995.9,998.01,997.45
995.7,998.88,999.24
995.3,998.09,997.56
995.7,997.25,998.62
995.9,997.42,997.71
995.6,998.33,999.02
995.9,996.11,996.51
996.8,997.64,999.75
996.7,996.65,997.83
997.3,997.13,999.13
997.0,996.81,996.24
996.8,996.67,996.95
996.9,996.89,997.27
996.9,996.59,995.5
996.2,996.22,994.73
996.4,996.55,994.89
996.4,997.01,996.26
996.1,996.57,995.81
996.4,996.22,994.65
995.9,997.18,998.65
995.3,996.87,998.66
994.6,996.56,996.74
993.4,996.69,996.87
992.0,999.17,999.41
990.7,996.34,996.51
988.3,995.48,995.16
986.8,993.26,988.71
987.9,993.19,990.89
987.1,992.75,990.63
983.9,992.86,992.56
985.2,992.9,989.97
985.7,992.14,988.36
985.9,992.58,991.26
985.4,992.9,992.17
984.6,993.12,991.67
983.9,993.16,993.07
983.0,992.92,992.76
982.5,989.84,993.0
981.9,991.35,993.13
981.3,992.68,993.6
980.8,992.91,994.1
980.5,992.27,993.26
979.8,992.02,991.71
980.4,993.51,993.47
980.8,993.48,993.48
982.0,995.11,994.21
982.8,993.49,991.82
983.5,994.07,992.77
984.3,994.3,994.2
985.3,993.7,992.81
986.0,993.23,991.65
987.3,994.72,995.9
988.2,994.93,995.96
989.2,995.05,994.84
990.6,995.58,996.3
992.1,995.76,997.01
993.0,994.94,997.01
993.6,996.0,997.91
993.9,995.91,996.67
994.6,997.25,998.53
994.7,995.63,997.79
994.8,996.88,998.08
995.6,996.16,998.26
995.9,993.94,996.93
997.2,996.0,997.08
997.2,996.01,997.62
997.7,997.66,1000.06
998.1,994.48,1000.36
999.2,997.22,996.7
999.1,997.17,996.71
998.1,997.8,998.08
997.3,995.84,994.66
996.0,997.35,998.43
995.2,998.63,997.83
994.8,996.92,994.81
995.2,996.45,995.0
995.3,996.72,996.29
995.2,995.1,995.77
994.7,994.25,994.12
995.5,994.49,992.82
994.9,995.33,996.34
995.0,994.57,995.7
995.2,994.55,993.66
994.7,993.62,991.67
994.6,994.33,992.62
995.3,993.59,993.41
996.3,995.13,992.12
996.8,997.5,994.51
998.1,996.77,992.49
999.1,997.71,995.38
999.2,999.07,996.24
999.2,999.25,992.02
999.4,1000.85,995.05
999.0,999.35,993.97
998.6,1000.76,996.19
998.4,999.52,992.23
998.1,999.05,991.66
997.4,999.99,992.73
996.8,999.42,994.38
996.8,997.83,991.54
997.0,997.67,991.98
996.7,998.14,994.41
997.0,998.24,994.39
997.5,998.13,997.17
998.4,999.4,995.99
999.0,998.96,996.4
999.8,1000.07,996.52
999.7,999.96,996.47
999.8,1000.51,996.35
999.9,1000.77,994.34
1000.0,1000.87,995.98
1000.5,1000.61,995.34
1001.0,1000.39,998.49
1001.6,1001.39,1000.84
1002.1,1001.24,1001.01
1002.4,1002.95,1001.5
1002.6,1003.32,1000.11
1002.9,1002.3,996.72
1002.5,1001.85,997.41
1001.9,1001.65,997.11
1001.9,1003.78,1000.77
1001.8,1000.92,998.8
1001.7,1001.22,1001.37
1001.3,1000.31,999.73
1001.4,999.57,1000.16
1001.3,1000.32,998.54
1001.0,1000.03,998.45
1001.3,1000.28,1002.25
1001.8,1000.47,1001.01
1001.4,999.2,998.8
1001.2,1000.77,1001.81
1001.2,999.6,998.2
1000.9,999.98,998.32
1000.9,1001.47,999.77
1001.0,1000.12,999.73
1000.8,1000.49,999.16
1000.8,999.88,1000.34
1001.1,999.2,998.51
1001.4,999.93,1001.9
1001.3,1000.16,1002.32
1001.5,1000.37,999.53
1001.4,1000.57,1001.19
1000.8,1000.37,1000.71
1000.2,999.51,998.31
999.7,1000.49,999.67
999.7,1002.09,999.3
999.1,1001.08,1001.59
999.1,1000.14,1001.22
998.8,999.81,999.9
998.7,998.78,999.35
998.8,998.73,998.83
999.0,998.03,996.87
999.1,997.62,993.67
998.9,997.83,999.16
998.8,997.98,997.85
998.8,996.93,997.15
998.7,997.6,997.58
998.4,998.42,998.64
998.4,998.28,995.99
998.3,998.62,997.01
998.3,998.64,998.81
998.6,998.02,997.13
998.5,999.06,998.92
998.3,998.62,996.75
998.0,997.72,992.53
998.1,997.35,992.62
997.3,997.19,993.17
996.5,996.73,992.55
995.6,997.55,996.1
994.9,996.07,997.05
993.4,996.42,999.01
992.4,996.1,995.75
992.0,996.1,996.4
991.7,996.07,995.42
991.6,996.83,994.62
991.9,994.65,996.76
991.5,997.13,995.74
990.7,995.56,993.03
990.5,996.37,995.27
990.1,997.26,995.4
989.3,996.99,994.92
988.3,996.97,995.55
987.7,995.96,991.99
987.3,997.66,996.07
987.2,996.46,993.59
986.9,996.32,991.66
987.4,996.4,993.74
987.9,996.89,994.13
987.4,997.2,995.89
988.1,996.08,992.73
987.5,995.12,991.86
987.2,995.5,993.17
986.8,996.94,997.16
986.5,996.77,996.15
986.1,996.21,996.41
986.6,996.46,995.63
987.2,994.93,994.86
987.9,995.15,994.47
988.8,994.79,994.38
990.0,997.29,996.59
991.1,998.2,996.07
993.4,993.31,993.44
995.3,993.85,991.23
996.8,993.97,992.57
997.5,994.59,995.63
997.7,992.76,991.76
998.9,993.6,994.84
999.7,994.16,998.28
1000.7,994.43,995.16
1001.5,994.42,996.98
1002.1,995.01,997.46
1002.8,993.47,993.43
1003.9,994.33,994.07
1004.7,995.22,993.04
1005.3,995.15,995.86
1005.6,996.52,997.06
1005.7,997.31,998.37
1005.4,996.44,995.56
1005.1,998.35,999.56
1004.9,996.25,997.42
1005.0,997.21,999.31
1005.2,996.95,1000.16
1005.2,997.12,1001.04
1005.3,996.83,1000.01
1005.5,996.68,1000.17
1005.6,995.36,998.46
1005.6,996.73,998.63
1005.8,996.81,999.62
1005.8,997.35,997.77
1005.7,997.14,998.46
1006.0,995.33,999.22
1006.0,996.69,999.2
1006.0,996.19,997.97
1006.6,995.52,996.52
1006.7,996.1,998.94
1006.7,998.1,999.65
1006.8,997.58,998.24
1006.5,998.15,999.27
1006.5,998.96,999.66
1006.3,999.68,999.6
1005.9,998.72,997.91
1005.3,998.82,998.54
1004.5,997.92,997.65
1004.2,996.78,996.29
1003.9,997.38,996.45
1003.4,996.56,995.49
1002.9,996.08,995.65
1003.3,995.42,994.25
1003.4,995.21,993.61
1002.8,993.71,989.99
1002.7,993.25,991.07
1002.5,994.07,991.09
1001.9,995.21,992.22
1001.6,996.0,993.44
1001.5,994.53,989.97
1000.2,995.44,992.76
1000.0,997.19,995.1
1000.9,997.02,996.35
1000.4,996.71,996.38
999.7,995.65,992.13
998.8,995.39,994.76
998.3,996.57,997.91
997.8,996.65,996.42
997.0,994.94,994.15
996.1,995.89,996.19
996.5,994.45,992.51
994.8,993.51,991.47
993.2,993.19,991.4
992.0,992.61,990.2
991.0,992.67,990.39
991.3,992.36,988.17
991.2,992.99,990.45
990.4,992.11,989.4
989.8,991.9,988.69
990.6,992.43,992.05
988.0,991.65,984.51
988.7,991.38,986.55
988.1,991.35,985.27
988.2,991.89,985.77
988.4,991.11,985.7
988.7,990.95,986.49
989.0,991.84,990.33
989.4,992.16,992.72
990.0,992.37,991.2
990.6,992.16,990.36
990.8,993.37,990.68
991.1,990.89,987.82
991.4,991.87,990.04
991.3,991.36,988.89
991.3,990.7,987.38
991.7,991.97,990.6
991.9,991.67,991.14
992.0,993.08,993.12
992.9,991.39,991.13
993.8,992.1,991.66
994.0,992.93,994.28
994.6,992.08,992.67
993.7,992.95,993.99
993.5,992.83,993.25
992.2,993.62,992.69
991.9,992.57,989.07
992.8,993.7,991.38
992.2,992.66,989.97
993.2,993.48,991.26
992.7,994.13,991.88
992.9,994.2,992.82
993.3,994.7,992.81
993.5,995.04,993.26
994.0,995.12,993.13
993.5,995.23,994.43
993.1,995.52,993.54
992.1,996.26,992.1
990.8,995.64,990.37
989.9,991.02,988.68
990.7,991.11,989.88
991.4,992.0,990.74
991.2,991.7,990.33
991.4,992.22,990.77
991.3,993.38,991.4
991.1,992.95,991.89
990.7,992.67,991.82
990.6,992.89,992.24
990.3,992.43,992.31
990.4,992.3,990.72
989.8,993.13,994.62
989.4,993.62,994.66
989.1,992.15,992.34
989.8,992.08,992.42
989.5,993.58,993.26
989.0,993.37,993.44
988.6,993.95,995.86
989.4,995.1,997.14
989.7,993.51,994.3
989.7,992.82,994.81
989.7,994.02,995.19
989.8,993.2,993.69
989.3,993.3,995.4
989.2,995.1,997.41
988.9,994.48,996.24
988.6,992.67,993.37
988.7,994.84,995.14
988.9,992.93,995.03
989.7,994.09,994.73
990.9,995.48,995.76
991.0,995.02,993.99
991.1,996.37,995.92
991.3,996.15,995.23
991.5,993.85,995.48
991.4,996.36,996.58
991.6,996.76,996.91
992.5,995.87,997.24
993.3,996.27,998.25
993.8,996.06,999.3
994.2,997.9,1001.6
994.0,997.5,1001.44
993.8,996.74,998.95
993.7,996.58,996.91
993.4,998.13,1000.42
993.0,998.65,1000.32
992.7,998.66,1001.63
992.3,997.9,1001.46
992.0,996.11,998.61
991.3,995.7,998.47
990.3,995.62,998.02
989.8,994.95,998.45
990.1,991.77,997.28
989.9,993.77,995.13
990.2,993.46,995.95
990.3,992.63,993.99
989.7,991.82,991.34
989.0,993.69,995.04
988.4,992.82,995.83
988.4,992.63,996.4
988.8,993.72,997.08
988.8,993.29,996.26
989.9,993.09,994.37
990.2,994.74,997.25
990.5,993.35,995.92
990.4,994.28,996.86
990.7,993.66,991.31
991.1,993.55,992.36
991.3,994.31,993.49
991.8,994.31,992.5
992.0,993.41,992.18
992.3,993.64,991.61
992.2,992.21,990.22
992.7,995.52,993.85
992.7,998.43,994.95
993.3,996.18,994.49
993.4,995.8,995.15
994.3,993.3,995.62
994.4,996.07,996.08
994.7,996.7,996.27
994.6,996.86,994.79
994.5,995.79,991.18
994.5,996.99,994.78
994.6,997.98,993.99
994.8,997.1,992.03
994.7,996.95,994.64
995.3,997.11,996.05
994.6,996.94,995.07
994.4,997.33,995.01
993.3,996.61,994.87
993.1,997.92,997.66
992.5,997.92,996.86
991.9,998.03,998.77
991.3,997.19,997.91
991.7,994.7,995.39
990.6,992.76,993.53
989.7,994.53,994.18
989.6,993.25,993.84
989.8,993.34,994.89
989.8,994.72,996.03
990.0,992.62,993.26
990.4,993.95,994.99
990.8,991.44,991.92
990.7,992.03,991.84
991.2,993.66,993.2
990.9,993.27,993.66
992.3,991.54,991.19
992.1,993.81,993.7
992.3,990.51,991.9
992.7,990.39,992.68
993.6,992.13,991.89
994.4,992.25,992.93
995.5,993.65,991.39
996.1,994.7,992.33
996.8,994.9,994.48
996.5,995.15,995.63
997.1,997.39,995.52
997.4,997.61,997.01
997.5,996.79,994.92
997.6,997.45,994.54
997.2,995.58,993.43
997.2,994.99,993.33
997.2,996.63,993.06
997.0,996.75,993.55
997.1,997.45,994.5
997.1,996.83,994.72
997.0,996.8,994.91
996.5,996.64,996.08
996.2,996.68,996.87
996.3,997.13,997.77
996.0,996.24,997.43
996.2,992.89,996.6
995.3,996.07,996.15
995.7,996.14,997.37
995.9,997.08,999.02
995.9,995.03,997.58
994.2,996.59,998.23
994.2,995.88,995.83
993.4,995.27,994.2
992.8,996.98,993.04
992.1,995.82,993.39
991.1,995.19,995.53
990.0,994.54,994.56
989.5,993.3,992.16
988.6,994.17,993.69
989.2,993.31,993.13
989.8,991.88,991.12
991.1,992.44,993.92
991.7,993.18,994.7
992.0,991.9,993.68
992.9,993.11,995.18
993.1,993.69,994.35
993.7,995.06,997.92
994.1,993.92,994.82
994.2,993.65,993.1
994.7,994.45,994.64
996.0,995.28,997.11
997.0,995.1,996.15
997.6,994.87,996.36
998.1,995.19,997.29
999.0,995.19,997.4
999.1,996.22,999.63
999.2,997.7,1000.3
999.3,998.2,999.26
999.1,997.99,1000.0
999.1,998.03,999.21
998.6,997.71,999.01
997.8,995.02,995.52
997.8,996.95,996.67
997.8,996.37,997.16
997.3,996.98,997.67
997.5,996.73,997.79
998.0,996.67,997.15
997.4,996.58,996.82
997.6,997.71,995.58
997.1,994.5,996.05
996.4,996.6,997.49
995.7,995.73,995.19
995.4,997.22,997.11
995.7,996.49,996.19
996.0,996.69,996.46
995.9,996.52,997.62
996.4,996.36,996.7
996.1,996.04,997.51
995.8,997.33,997.89
995.8,996.2,997.25
995.3,996.93,996.99
994.3,994.19,992.39
993.8,996.07,995.58
993.0,996.63,996.96
992.3,996.11,995.65
991.9,995.3,996.48
991.2,994.97,997.22
990.6,995.28,997.39
990.3,994.03,997.01
990.1,992.32,996.16
990.2,992.99,992.03
990.0,993.18,992.27
989.3,993.8,993.07
988.4,995.27,995.11
987.6,994.62,995.68
986.9,994.45,994.32
986.5,994.54,995.14
985.4,993.74,995.9
984.9,994.21,996.93
984.3,994.42,998.28
983.2,993.71,995.95
982.2,993.47,995.34
982.8,992.7,991.34
981.8,994.52,994.83
980.5,994.34,996.05
979.7,993.77,995.98
978.4,992.27,992.73
978.1,992.62,992.45
977.6,992.52,993.03
977.9,993.62,991.85
979.0,993.32,993.19
979.2,991.29,995.11
979.7,991.13,994.48
980.9,993.04,994.77
981.5,993.17,991.92
981.8,993.35,993.2
982.4,996.05,995.8
982.9,995.75,996.22
982.7,995.25,996.46
982.8,993.97,994.03
983.3,994.33,996.39
984.4,992.93,991.64
984.7,994.47,997.78
985.4,994.27,996.9
985.8,994.93,994.43
986.0,996.65,998.86
985.7,996.66,998.24
986.4,997.24,998.18
987.0,997.4,996.67
987.0,998.46,997.73
987.6,996.87,996.51
986.6,997.73,999.4
985.7,996.32,997.33
985.5,996.18,996.55
985.3,997.1,998.1
985.8,996.46,997.25
986.3,995.64,996.42
987.0,994.99,993.43
986.4,995.23,995.52
985.8,994.92,994.35
985.3,996.42,996.9
984.7,995.39,997.82
984.7,994.85,997.15
984.7,995.3,995.85
985.5,995.39,995.55
986.0,993.4,991.38
986.2,993.77,995.16
986.7,994.86,994.8
986.4,994.85,996.93
986.0,994.28,995.51
986.3,994.77,996.99
987.9,992.82,996.84
988.5,993.52,997.48
988.7,992.79,993.26
989.1,993.42,994.37
990.4,991.65,994.68
990.8,992.67,995.88
991.3,993.56,995.06
992.0,992.27,992.47
992.5,992.53,991.12
993.0,991.85,989.32
993.0,994.03,993.53
993.1,993.76,992.25
992.6,994.05,990.4
992.3,992.67,987.86
992.2,994.09,988.36
992.9,993.6,987.38
993.0,993.01,990.29
993.4,994.85,992.88
993.6,995.5,994.15
993.6,996.62,994.54
993.6,996.62,995.38
993.7,996.03,994.69
993.6,996.58,994.53
992.7,994.98,993.18
992.1,996.14,991.22
991.1,995.15,991.07
990.3,995.58,991.66
989.8,993.43,989.57
989.0,992.49,991.11
988.3,991.6,987.7
988.3,993.05,992.59
987.8,993.51,991.89
987.3,993.54,992.89
986.3,993.28,992.17
986.3,992.86,990.55
987.6,993.8,994.24
986.9,993.62,994.16
986.6,993.84,994.59
986.8,993.41,992.64
986.6,994.51,994.48
987.0,995.05,996.69
987.5,995.18,995.0
987.7,996.77,999.22
988.4,997.59,1000.36
988.8,997.77,999.05
988.9,995.97,996.59
989.2,998.46,999.24
989.2,998.02,998.81
990.1,998.16,999.06
990.3,999.1,999.36
990.1,998.75,998.65
989.9,996.66,997.08
989.6,996.69,998.38
989.7,996.95,1000.37
989.8,996.53,998.97
990.3,996.98,998.56
991.0,995.78,998.16
991.2,995.54,997.6
991.4,995.41,997.47
991.3,994.33,997.69
991.3,993.96,997.67
988.7,993.14,992.52
988.3,991.74,989.01
988.0,993.27,993.24
987.5,993.7,992.99
986.9,992.97,993.68
986.3,991.72,991.69
986.6,993.23,993.07
986.6,994.02,993.85
987.1,995.82,995.12
987.3,993.27,993.83
988.2,994.41,995.97
988.8,993.35,994.62
988.5,992.41,993.81
988.3,994.17,992.46
988.6,995.94,993.71
988.8,995.24,992.64
988.5,994.7,993.12
987.7,995.03,992.76
987.8,994.76,991.05
988.7,995.37,993.67
988.9,996.32,994.44
989.1,995.03,993.96
989.4,995.05,995.38
990.1,993.87,991.01
989.9,993.64,992.5
989.8,994.19,994.6
990.0,995.17,996.53
989.8,993.67,994.12
989.3,993.0,992.48
989.1,992.93,992.55
988.9,993.34,993.9
988.3,993.52,992.84
988.9,993.08,992.53
988.9,992.88,991.67
988.7,992.54,990.31
989.0,991.71,988.91
989.1,993.14,993.12
989.4,992.84,992.18
989.4,992.87,990.27
989.0,992.26,988.68
989.0,992.5,989.68
988.6,993.07,990.01
988.3,994.13,990.2
988.7,993.68,988.67
989.2,992.71,986.95
989.8,992.99,989.43
990.2,992.86,991.32
990.4,993.29,991.05
991.2,994.25,993.8
991.3,994.79,994.41
992.2,994.62,994.26
992.0,994.92,996.12
991.8,995.67,996.98
991.3,996.0,996.0
991.4,996.69,996.9
990.9,996.86,993.84
991.4,995.39,992.48
991.7,995.54,993.94
991.3,995.65,994.01
991.4,995.78,995.76
991.4,995.42,995.46
992.0,994.62,995.96
992.2,995.93,995.62
991.5,995.48,994.95
991.0,994.41,995.35
991.0,991.63,994.22
990.4,992.19,995.92
990.6,994.08,997.6
990.3,995.39,996.87
990.6,995.63,996.25
990.2,995.33,997.34
990.0,995.3,996.87
990.6,995.47,995.66
989.8,996.31,995.67
989.8,995.35,996.96
989.9,992.99,991.97
989.1,992.21,990.45
989.0,991.59,988.37
988.1,994.28,995.99
987.8,993.14,992.17
987.6,991.93,991.52
987.0,992.26,992.08
986.8,991.9,992.25
987.1,992.71,993.72
986.9,992.5,993.82
987.2,993.19,995.27
987.5,992.11,992.95
987.8,991.9,992.7
987.4,991.97,992.53
987.3,991.64,992.99
987.0,992.5,994.56
986.9,992.62,995.25
987.0,992.41,994.02
987.3,993.14,994.28
988.2,993.12,994.98
988.5,994.49,997.44
988.9,994.25,997.43
988.7,996.58,999.22
988.5,995.44,998.24
988.8,996.13,995.98
988.7,996.51,995.87
988.5,996.78,996.0
988.4,997.53,997.11
988.1,997.32,996.84
988.2,995.13,992.31
988.1,994.48,994.15
988.3,994.95,994.74
988.4,994.14,995.06
988.6,994.47,995.4
988.9,993.24,992.37
989.1,994.36,994.48
989.1,993.92,993.67
989.1,995.27,996.73
989.1,994.43,995.74
989.3,990.74,993.81
989.6,990.75,993.09
990.3,992.79,996.27
990.7,992.47,992.66
991.2,993.26,994.96
991.2,995.51,996.25
991.1,994.7,997.09
991.1,995.61,996.28
991.1,995.57,995.74
990.4,993.37,993.52
990.0,994.73,995.56
989.8,994.41,995.94
989.8,992.66,994.18
989.4,993.62,995.06
989.7,991.62,992.75
989.8,990.13,992.5
990.3,990.39,992.24
990.9,992.08,992.85
990.9,991.27,993.11
991.1,992.11,993.23
991.3,992.02,995.06
991.3,992.32,993.91
991.3,991.66,994.62
991.8,992.37,991.36
992.4,993.11,992.09
993.6,993.48,993.27
994.8,994.5,994.89
995.9,994.54,993.61
996.3,996.35,995.57
996.6,998.03,995.14
997.0,997.9,995.78
996.8,998.56,995.45
996.1,999.44,995.31
996.0,1000.17,995.67
996.2,998.28,993.93
995.6,999.4,995.01
995.5,997.91,993.83
994.7,998.42,994.39
995.0,997.67,995.5
994.5,994.72,994.94
994.8,996.94,996.22
995.1,995.48,995.86
994.6,995.51,996.74
993.5,996.06,994.36
994.0,997.16,994.95
993.1,995.41,995.09
992.8,995.42,994.83
992.3,994.32,991.92
991.9,996.3,992.62
991.6,994.78,992.84
991.7,994.54,994.56
992.0,993.19,991.36
992.7,995.48,995.46
992.4,994.55,994.59
992.0,995.11,995.13
990.7,996.51,996.85
989.6,990.44,989.96
989.1,991.54,991.48
988.7,993.05,991.09
988.0,994.44,994.52
988.3,990.08,990.46
988.4,990.96,991.05
989.8,990.81,992.11
990.2,993.89,991.86
991.0,994.26,993.15
992.0,994.37,992.93
992.0,994.18,990.86
991.7,994.04,991.29
991.2,993.83,991.81
990.5,994.0,991.18
990.6,994.93,991.5
990.4,994.17,990.16
990.9,994.58,991.6
990.8,995.09,992.2
990.3,995.54,992.18
990.0,995.21,992.25
989.1,996.26,997.79
989.2,995.38,995.24
988.0,996.44,996.39
987.1,990.6,992.89
986.1,990.47,992.75
985.3,991.3,993.51
984.6,989.96,991.84
983.1,989.61,993.04
981.7,989.11,991.48
982.0,989.2,990.92
981.5,990.14,991.71
981.7,990.86,992.34
982.0,990.56,991.58
981.1,990.36,991.26
981.3,991.55,991.89
980.9,991.63,992.37
981.4,991.26,991.36
981.7,991.86,990.95
982.9,993.2,991.3
983.5,993.79,991.1
983.7,993.5,990.04
984.7,995.75,993.96
985.8,995.03,991.92
986.4,995.19,992.76
986.8,995.87,992.91
987.4,996.36,992.01
987.5,997.3,993.25
988.0,995.49,990.68
988.1,996.03,992.32
988.4,994.97,992.24
988.3,994.42,990.56
988.3,994.02,989.13
989.2,994.04,990.16
990.1,993.1,990.39
990.5,992.25,993.55
991.1,995.42,994.22
991.6,995.16,994.0
992.2,993.94,995.32
992.9,994.04,992.37
992.9,994.1,995.43
993.1,995.18,994.24
992.8,995.14,993.69
993.2,996.18,994.8
993.5,995.42,995.22
993.3,995.96,996.45
993.5,995.23,997.17
993.8,996.98,998.04
993.5,997.9,996.32
993.7,996.91,997.98
993.7,996.73,996.3
993.6,998.11,994.86
993.1,997.33,996.29
992.9,997.43,996.83
992.4,996.16,994.8
992.2,996.1,995.12
991.6,995.42,995.8
991.1,996.5,996.45
991.3,995.87,994.82
991.5,994.66,993.82
991.7,994.03,993.52
991.6,992.95,992.33
991.6,992.56,992.53
991.5,992.86,991.14
991.0,993.06,993.87
990.7,993.76,993.91
990.6,994.05,996.1
990.1,994.81,996.68
990.2,993.94,995.99
990.2,994.62,996.5
990.2,994.26,995.87
990.1,995.36,995.35
989.7,995.9,995.32
990.0,995.8,993.8
990.2,995.5,994.39
991.2,994.07,994.56
987.7,995.35,991.5
986.5,994.72,993.11
986.2,994.29,993.48
984.5,994.22,994.19
985.4,993.26,993.11
985.1,992.96,992.48
985.1,993.6,994.38
987.7,992.77,992.8
986.0,994.04,994.89
986.5,994.22,994.59
986.0,992.44,992.24
986.0,993.01,993.2
986.2,993.42,993.68
986.6,992.38,992.15
987.3,994.25,994.87
988.6,996.05,994.94
990.1,996.3,995.22
990.9,997.23,996.54
991.1,997.97,998.72
991.3,997.91,998.65
991.6,997.64,998.72
991.7,996.98,997.94
992.0,998.22,998.46
992.1,999.01,998.48
992.1,998.33,998.71
992.1,998.19,997.93
992.0,998.75,996.37
992.2,997.88,998.24
991.9,997.46,998.1
991.8,996.98,998.66
991.9,995.82,998.15
991.7,996.06,998.58
992.1,996.47,1000.92
991.9,995.85,999.31
991.3,995.65,996.92
990.6,995.85,996.04
989.9,996.41,996.09
989.4,994.67,997.56
988.3,995.12,997.86
987.9,994.39,995.76
988.9,995.66,997.7
988.7,995.55,998.94
987.1,995.62,997.94
987.1,994.68,997.39
984.9,995.98,997.81
985.9,994.55,996.87
984.6,994.39,993.88
983.4,993.79,994.05
982.5,993.66,994.4
981.3,993.87,994.08
981.0,992.68,991.6
981.0,994.52,994.83
979.2,993.78,993.56
979.0,993.04,992.48
978.6,991.54,989.56
979.5,992.76,993.29
979.1,991.9,993.74
978.9,991.63,994.63
979.5,993.3,995.02
979.9,993.58,994.59
979.6,993.44,995.42
979.4,993.37,993.83
979.0,992.98,992.97
979.4,993.23,993.81
980.5,993.73,994.73
981.1,993.46,994.48
981.5,992.79,992.84
982.1,993.72,995.29
983.2,994.43,994.67
984.6,994.32,994.53
985.4,995.44,995.27
986.1,994.38,993.48
986.1,993.91,993.57
986.6,993.54,991.24
986.8,993.8,992.2
987.2,994.56,994.15
987.5,994.99,995.69
988.9,994.47,997.29
989.6,994.46,995.3
990.0,991.57,994.13
990.5,995.18,995.03
990.6,993.9,994.87
990.5,992.63,993.8
990.5,993.11,995.05
990.6,993.08,994.99
990.9,993.99,996.1
991.4,994.07,995.17
992.0,994.03,995.35
992.6,993.71,994.42
993.5,994.63,995.08
993.3,996.05,998.49
993.9,996.94,998.01
993.9,997.36,997.33
993.9,996.69,996.83
993.8,998.09,999.12
994.0,996.02,997.72
994.0,995.13,996.97
993.6,996.06,997.74
993.5,995.57,995.71
993.6,995.05,996.2
994.2,994.36,996.21
994.7,993.15,993.48
994.5,993.99,995.19
994.9,993.94,994.59
995.7,993.24,992.36
996.1,993.65,993.07
996.6,993.42,992.56
996.6,992.38,991.81
997.0,992.37,990.19
997.4,992.85,992.3
997.7,991.0,988.92
997.8,992.11,991.77
998.7,993.56,995.24
999.5,992.97,993.93
1000.7,993.7,995.07
1001.5,993.62,993.85
1001.7,995.81,998.0
1002.3,996.49,998.2
1002.2,995.99,997.23
1002.3,996.64,997.8
1002.2,995.07,997.49
1002.1,996.3,998.49
1002.0,996.56,997.53
1001.8,994.79,994.04
1001.9,994.94,995.3
1001.9,995.55,997.19
1002.1,995.76,996.93
1002.1,996.41,996.98
1002.4,997.28,997.09
1002.4,995.11,997.12
1002.5,995.11,997.32
1002.4,996.79,998.53
1002.6,996.34,998.19
1002.3,996.32,998.07
1002.6,995.36,996.88
1002.8,996.18,997.66
1003.0,995.99,999.24
1003.4,996.79,1002.26
1003.9,997.02,1000.92
1004.5,996.94,1000.65
1004.0,997.58,1001.3
1004.3,997.84,1000.75
1003.3,999.0,1001.92
1002.4,996.85,1000.02
1001.8,997.54,1000.13
1001.8,996.89,998.89
1001.7,997.59,999.43
1001.6,996.73,998.68
1002.0,996.51,998.39
1002.2,995.4,997.61
1002.1,994.96,998.41
1001.8,995.53,998.2
1001.8,996.28,998.7
1002.1,995.35,996.55
1002.6,991.65,994.84
1003.1,994.18,996.99
1003.1,995.46,997.27
1003.3,995.43,995.52
1003.3,996.3,993.51
1003.5,995.68,994.98
1002.5,996.47,997.42
1000.9,994.87,994.86
1000.7,994.59,994.89
1000.4,994.42,995.76
999.4,993.93,993.62
999.3,995.15,995.78
999.2,995.63,997.34
999.3,994.07,995.81
999.5,994.12,994.25
999.5,993.97,993.18
999.3,994.81,996.17
998.8,994.78,997.8
998.3,994.81,997.56
998.1,995.11,996.97
997.6,995.51,997.86
997.4,995.0,997.3
997.1,995.18,997.44
997.0,994.95,996.74
996.9,995.6,997.01
996.7,994.1,994.76
996.2,994.63,996.06
996.1,993.68,992.22
995.6,993.57,991.02
995.1,994.09,992.19
994.4,994.43,992.32
993.6,993.52,991.82
992.8,993.82,992.43
992.1,993.28,992.5
991.6,991.76,990.21
991.5,991.75,990.38
992.2,994.65,992.41
992.6,994.75,991.72
992.5,992.98,992.68
992.6,993.87,991.79
993.1,993.16,992.25
993.5,992.88,991.39
993.7,992.41,991.74
993.8,993.36,992.24
994.6,991.57,992.47
995.1,993.91,992.33
995.4,993.99,995.43
995.7,993.12,992.7
996.1,995.33,994.39
996.1,994.89,993.15
995.9,996.02,994.95
995.7,995.06,992.89
995.7,996.42,994.54
995.0,996.39,995.7
995.0,994.42,994.12
994.2,994.87,994.99
994.3,994.26,994.86
994.1,993.91,995.1
994.1,993.75,995.14
994.0,993.74,994.36
993.7,994.64,994.42
993.8,993.26,995.72
993.8,994.25,995.97
993.4,993.93,995.88
993.4,991.29,995.24
993.4,993.4,995.55
993.0,993.86,996.19
992.7,993.92,995.77
992.4,994.0,996.55
992.0,993.54,996.28
991.8,994.09,995.89
991.2,993.08,993.75
991.2,994.81,996.11
990.3,994.12,995.77
989.9,993.67,994.91
988.9,995.21,995.26
988.4,993.72,994.97
987.9,994.4,995.2
987.4,993.23,994.28
987.5,994.33,995.43
987.6,990.99,993.0
988.1,991.17,992.95
987.8,991.75,992.5
987.8,989.02,992.91
987.7,991.07,992.41
988.3,992.52,994.65
988.1,991.08,995.19
988.2,991.36,995.13
988.5,991.93,994.68
988.4,992.81,995.47
988.1,992.37,994.63
988.1,994.54,995.85
988.4,993.86,994.06
989.0,993.12,994.2
989.1,994.76,994.03
988.8,995.41,994.06
989.1,996.01,994.76
989.1,996.12,994.9
988.7,996.73,994.88
988.0,995.87,994.82
987.1,995.98,994.65
986.1,994.07,993.56
985.6,993.63,992.39
985.4,994.56,992.62
984.8,992.26,990.7
984.7,993.33,991.8
984.7,994.2,993.17
984.8,993.37,992.26
984.5,992.77,992.38
983.9,992.79,992.63
983.5,993.28,992.24
982.9,991.42,989.96
981.2,992.81,991.45
981.5,991.98,990.98
981.6,992.49,992.92
982.0,992.07,993.17
982.3,992.29,992.72
982.6,992.7,991.61
982.9,993.26,992.7
982.4,993.3,992.79
982.6,992.95,993.77
982.7,990.97,989.09
982.5,993.85,992.39
982.1,993.96,993.52
982.2,992.87,991.54
982.7,991.3,987.75
982.5,991.63,989.0
982.8,993.04,990.79
982.7,990.34,991.59
982.7,992.84,991.46
983.0,991.82,992.21
982.9,992.28,990.96
982.6,991.47,990.3
982.1,992.48,994.34
982.7,993.0,995.33
982.4,994.1,994.33
982.4,993.17,994.7
982.8,993.6,994.82
983.4,993.24,995.08
984.0,995.04,995.85
984.0,992.68,997.58
983.9,994.39,995.72
983.6,994.39,996.41
983.1,995.29,993.4
983.1,994.4,990.63
983.1,995.07,989.72
982.5,994.33,990.46
982.5,992.63,989.83
982.7,992.56,991.13
983.2,994.22,992.37
983.3,993.14,991.24
983.8,993.21,991.77
984.4,992.19,991.49
985.3,994.64,992.23
985.9,994.47,992.8
986.3,994.94,992.26
986.6,995.67,993.2
986.8,994.35,994.31
987.0,996.51,994.9
986.6,995.61,994.19
986.6,996.23,995.1
987.0,995.53,994.63
987.7,995.93,995.77
988.1,994.87,996.46
988.2,995.52,998.29
988.4,994.67,998.15
988.1,995.27,996.94
988.3,995.46,996.37
988.5,994.76,994.52
988.1,995.03,995.14
988.4,994.55,993.67
988.5,993.95,993.77
989.1,994.35,993.97
989.6,993.37,993.21
990.3,998.08,993.22
990.3,997.23,994.16
989.8,996.44,994.42
990.4,994.77,995.41
990.5,994.75,995.2
991.0,992.27,995.79
991.2,994.27,994.49
990.7,993.93,995.87
990.7,992.35,997.41
990.1,992.89,999.13
990.3,992.99,997.69
990.1,994.66,994.52
990.9,994.37,999.0
990.8,994.86,999.41
990.7,994.71,999.74
990.2,995.78,999.26
989.6,993.2,996.91
988.5,995.04,998.03
988.1,994.24,995.81
987.3,994.02,994.63
987.2,992.32,991.89
988.6,995.01,991.5
989.2,994.98,991.47
989.2,993.7,993.48
989.2,994.69,992.5
990.1,994.35,994.22
990.4,993.6,991.77
991.0,995.11,994.19
991.3,993.06,992.78
991.6,993.16,991.26
991.4,993.49,989.86
991.4,993.42,989.66
990.5,992.25,988.42
990.3,992.91,989.72
990.6,992.7,988.37
991.1,993.08,991.84
991.2,992.88,992.29
992.1,994.59,997.34
991.4,994.06,994.58
991.5,994.04,993.21
991.0,992.52,991.66
990.6,992.72,989.26
989.8,993.47,991.65
988.8,991.34,988.58
988.6,992.55,992.6
988.3,991.68,991.92
988.7,990.7,990.79
989.8,992.68,991.95
990.7,995.51,995.86
992.0,995.44,995.54
992.5,995.58,996.39
993.0,994.13,997.32
993.3,993.88,994.24
993.4,994.85,998.99
993.7,994.64,998.77
993.3,994.57,995.52
993.3,994.83,996.12
993.5,993.63,991.61
994.5,994.48,992.99
994.9,995.63,999.21
995.6,997.18,998.36
995.4,997.18,997.67
995.7,998.42,999.61
995.6,998.9,1001.07
995.6,998.04,1002.34
995.4,998.54,1001.57
995.6,998.44,1002.19
995.4,998.63,1002.53
995.3,995.7,999.31
995.0,997.41,999.9
994.9,996.69,998.9
994.8,995.39,998.1
994.8,996.24,998.31
994.9,995.78,998.28
995.4,993.98,997.88
995.3,995.71,997.91
995.6,996.41,998.07
995.7,995.65,997.49
995.6,994.76,996.92
995.5,995.58,998.1
995.9,993.91,999.03
996.3,995.92,999.53
996.5,997.26,1000.59
996.9,996.3,999.08
996.5,996.97,998.9
996.3,997.99,1000.37
995.7,998.05,999.65
995.2,998.29,997.96
995.0,997.27,998.68
994.7,997.81,999.5
994.2,997.18,996.95
994.0,995.41,996.97
993.3,994.99,995.29
992.4,995.44,995.92
992.4,995.05,995.49
992.6,994.25,993.42
992.5,993.36,993.09
992.8,990.66,993.95
992.5,990.88,993.17
992.5,990.87,994.12
992.3,990.57,994.46
992.0,992.02,993.08
991.9,993.25,994.38
992.0,993.99,994.67
992.2,993.96,994.14
992.3,993.21,993.0
992.6,993.04,994.17
992.5,993.29,992.05
992.6,993.54,992.95
992.5,993.16,992.34
992.7,994.03,993.88
992.6,995.31,994.87
992.4,995.75,993.41
991.8,993.57,993.35
991.1,996.59,993.89
990.9,994.96,991.37
990.2,991.9,992.03
990.1,990.55,992.13
989.8,988.4,992.09
989.3,987.81,992.85
989.4,989.74,993.36
990.0,991.0,992.23
990.1,990.78,993.09
989.9,990.93,993.03
989.7,992.24,994.01
990.0,992.34,994.83
990.1,992.25,994.09
990.0,992.16,994.32
990.3,992.61,992.93
990.8,993.44,994.14
991.3,992.53,994.11
989.5,993.27,995.16
989.4,992.75,994.85
989.9,991.8,993.59
989.5,994.33,994.79
989.5,992.7,994.37
989.7,990.91,992.65
990.0,991.63,992.89
989.2,990.73,992.77
989.8,993.21,993.25
989.4,993.53,993.24
989.1,993.73,992.58
989.4,993.26,993.22
990.1,992.5,993.33
991.0,991.17,993.49
990.8,995.28,991.39
991.3,993.07,992.1
990.9,993.43,994.18
991.3,991.21,994.72
992.0,993.61,994.98
992.4,991.42,994.85
992.9,993.84,995.03
993.2,995.36,994.74
993.4,994.82,994.85
993.9,996.42,995.7
994.5,997.72,996.5
994.7,996.5,994.35
995.2,996.58,994.54
995.4,997.73,994.92
995.4,997.83,994.88
995.6,996.3,991.18
995.7,997.7,995.29
996.2,996.97,996.43
996.8,995.64,996.93
996.8,995.38,994.35
997.1,994.67,995.08
997.3,995.34,995.79
997.5,995.06,996.01
997.9,995.02,996.8
998.0,991.81,996.23
998.1,994.25,996.24
998.1,994.21,995.68
997.7,994.96,996.26
997.3,993.71,995.77
997.7,992.8,995.21
998.0,995.27,996.09
998.4,995.38,997.56
999.1,995.0,996.74
999.7,994.77,997.66
999.3,993.89,993.99
999.0,994.4,995.69
998.8,994.14,997.09
999.2,995.98,998.19
998.4,995.0,996.32
998.1,995.8,997.6
997.5,995.6,996.79
995.9,993.21,993.89
994.7,992.38,993.05
994.4,990.43,991.97
994.7,990.97,990.88
995.1,992.22,992.81
995.3,991.65,991.5
995.4,991.73,991.34
994.9,994.05,996.0
994.7,993.68,995.19
994.3,993.78,995.56
994.1,993.94,995.74
994.4,994.32,994.69
994.3,993.24,992.96
993.9,993.57,994.02
993.7,992.06,992.08
993.3,992.29,992.3
992.8,991.77,992.64
992.3,992.73,993.99
991.9,992.95,994.99
991.6,990.86,993.2
990.2,991.08,991.47
989.7,991.8,992.14
989.0,992.81,991.73
989.3,988.11,987.83
990.3,991.75,991.08
990.5,991.49,991.9
990.1,991.58,993.07
990.2,991.95,993.57
991.4,994.3,993.13
991.7,993.44,993.53
991.8,992.52,994.04
991.8,991.57,994.87
991.8,992.77,994.82
991.7,991.29,993.29
991.5,992.83,994.16
991.8,992.76,993.81
992.5,992.45,995.37
993.4,992.64,996.13
994.0,992.67,995.2
994.2,992.83,995.28
994.0,992.18,995.1
993.8,991.84,995.04
993.7,990.05,993.13
993.2,989.6,991.37
992.5,991.6,992.01
992.1,989.97,991.11
991.7,991.44,992.24
991.4,990.15,990.73
991.3,988.46,990.75
991.3,990.33,991.13
991.6,993.16,992.11
991.8,993.07,993.24
992.6,990.9,992.13
993.6,991.68,993.75
994.1,991.65,993.41
994.5,991.48,994.17
993.9,992.02,993.13
993.3,992.78,993.68
993.4,992.28,994.2
994.0,994.09,994.84
994.7,994.11,995.61
995.3,993.39,995.15
995.7,992.56,994.73
995.4,995.09,995.41
995.3,992.81,994.31
995.1,991.97,993.45
995.0,991.31,992.85
994.8,992.48,994.12
994.7,990.52,991.98
994.7,989.89,992.1
994.4,989.62,992.91
994.5,990.49,992.69
994.3,990.82,992.1
995.2,992.4,993.12
996.0,993.1,993.0
997.1,991.34,993.18
998.0,991.87,994.18
998.3,991.66,994.17
998.7,992.64,993.69
998.8,992.58,994.3
999.0,993.26,994.39
999.7,992.68,993.83
1000.7,993.47,994.15
1001.2,992.38,993.92
1001.6,992.24,994.2
1001.9,992.62,994.04
1001.9,993.29,994.56
1001.7,991.74,995.63
1001.9,994.21,994.88
1001.9,989.68,992.15
1001.4,991.2,993.98
1001.3,992.04,994.21
1001.0,990.35,990.77
1000.8,990.7,992.69
1000.8,990.43,992.97
1001.2,990.25,993.09
1001.5,991.64,993.5
1002.5,994.39,993.14
1002.7,993.72,993.33
1002.8,991.79,993.6
1002.9,991.3,994.28
1002.9,995.02,993.76
1002.9,992.13,994.55
1003.1,994.99,992.47
1003.3,995.3,992.3
1003.8,994.56,992.72
1004.3,995.73,992.07
1005.0,996.3,992.05
1005.3,994.98,991.25
1005.4,995.21,992.74
1005.8,995.9,992.98
1005.7,995.75,991.53
1005.7,996.05,990.7
1005.3,995.81,991.14
1004.9,995.29,991.73
1004.5,994.88,990.34
1004.0,994.35,991.29
1004.2,993.97,990.94
1004.3,993.23,989.77
1003.9,992.42,990.95
1004.1,992.62,992.65
1004.1,992.87,993.14
1004.6,992.33,994.58
1004.3,993.31,994.35
1003.9,993.31,995.18
1003.6,992.95,994.99
1003.2,992.05,993.88
1002.6,992.69,992.95
1002.6,990.92,991.26
1002.5,992.33,992.5
1003.2,993.43,992.98
1003.5,993.57,991.82
1003.5,994.53,992.2
1003.5,994.29,992.64
1003.0,994.83,992.92
1002.6,995.19,993.46
1001.9,996.08,993.65
1001.1,995.78,993.82
1000.2,994.9,994.65
999.3,993.94,994.45
998.3,992.6,994.11
997.5,992.55,993.07
997.3,991.34,992.05
997.5,989.06,990.34
997.0,986.29,991.03
997.1,990.12,991.62
997.4,992.91,991.78
997.6,993.37,991.17
997.6,993.47,991.33
997.2,992.79,991.35
997.0,993.73,991.25
996.6,991.9,990.07
996.1,993.84,992.27
995.2,990.44,991.59
994.9,993.51,993.25
994.4,990.94,993.61
994.3,991.31,993.25
993.7,991.35,993.54
992.8,989.95,992.94
992.1,991.38,993.16
991.5,991.82,993.47
990.7,988.49,990.82
990.1,990.07,992.53
989.6,993.46,993.32
988.9,989.68,992.97
988.4,990.3,993.25
987.4,988.29,991.64
986.3,990.8,992.32
985.8,988.41,991.8
985.6,990.98,992.47
984.6,990.36,993.62
985.3,993.42,992.17
986.4,994.79,994.07
984.8,992.75,993.17
984.1,993.58,992.71
984.4,992.61,991.88
984.3,994.17,991.68
984.9,994.78,991.76
985.5,994.13,991.57
985.9,994.1,991.97
986.6,994.62,992.39
986.9,994.26,992.08
987.2,993.71,992.67
987.5,994.15,994.12
988.3,993.38,992.53
988.9,994.21,991.42
989.2,995.28,991.12
989.8,995.48,992.19
990.1,996.78,995.6
990.3,995.88,993.33
990.1,994.44,992.41
990.5,993.48,992.82
990.6,991.04,993.38
990.7,993.69,994.0
991.1,992.8,992.35
991.5,992.72,993.51
991.7,991.46,994.14
991.7,993.64,995.19
991.9,993.23,994.73
992.1,992.29,994.12
992.6,992.81,994.05
993.1,993.7,994.87
993.5,993.79,995.08
994.0,992.3,995.04
994.4,994.25,995.15
994.6,995.43,996.56
994.8,996.84,997.24
995.1,996.77,997.46
995.2,996.81,997.38
995.1,996.59,997.75
994.4,996.86,998.87
994.0,995.99,997.93
993.2,997.08,997.54
992.5,994.4,995.32
992.0,994.53,994.48
991.4,993.54,994.04
990.7,993.41,994.31
990.9,991.64,993.26
992.8,991.61,992.81
993.0,991.58,992.75
989.3,990.53,990.62
988.0,990.72,990.2
987.5,991.07,989.65
986.6,992.47,992.19
986.4,991.31,990.1
985.2,990.48,988.89
984.9,990.52,989.78
985.9,990.49,990.24
987.9,991.83,991.74
989.7,993.32,992.56
987.2,992.01,991.55
987.1,992.49,991.01
986.8,991.85,989.66
987.0,991.04,989.93
986.9,990.88,990.7
987.3,991.1,991.2
987.2,992.15,992.3
987.4,991.81,992.34
987.6,989.97,990.01
987.5,991.61,992.76
986.5,991.31,993.0
986.5,992.11,993.7
988.9,992.16,993.68
989.5,994.21,993.41
989.4,993.52,993.46
989.7,991.02,992.99
989.2,993.55,993.26
988.3,992.71,992.6
988.1,993.04,992.58
988.6,992.95,993.02
989.0,992.65,993.6
989.5,993.26,994.28
989.1,993.83,993.89
989.5,992.34,992.56
989.5,993.57,992.82
989.6,993.73,993.28
989.6,994.49,994.71
989.2,992.91,993.04
988.8,992.53,991.49
989.0,991.59,990.88
989.0,994.21,993.63
989.2,995.0,993.08
989.4,994.1,991.32
989.8,993.22,992.13
990.3,993.59,993.21
991.7,994.65,992.95
992.6,995.0,994.93
993.3,994.19,993.5
993.3,994.52,994.65
993.8,994.43,996.62
994.3,993.94,996.77
994.3,993.19,995.62
995.6,994.4,997.01
996.1,994.44,995.3
996.8,994.74,996.97
997.1,996.2,997.87
996.9,997.01,998.58
996.9,997.49,999.38
997.3,997.81,999.52
997.0,999.0,998.74
996.7,997.59,999.17
996.4,999.2,999.91
996.2,997.98,999.23
996.0,997.08,998.38
995.8,997.33,997.04
995.4,996.49,997.15
995.2,995.46,995.87
995.1,996.06,997.32
995.4,995.53,996.59
994.9,993.86,995.79
994.4,993.7,995.53
993.9,994.37,996.93
993.6,994.06,996.69
993.3,992.98,995.22
992.9,993.21,995.94
993.0,993.47,995.6
993.1,993.56,996.28
992.8,993.12,995.69
992.9,993.49,995.85
992.7,993.19,995.2
991.8,993.61,995.04
991.7,993.49,994.42
991.7,992.58,992.71
990.5,992.68,992.55
988.8,991.81,990.55
988.4,991.9,991.0
988.3,992.57,992.51
987.3,993.44,992.87
987.7,992.18,992.55
987.0,992.78,992.14
988.0,992.06,991.63
987.7,993.19,992.75
987.6,993.2,992.58
987.0,992.55,992.75
987.3,992.46,991.61
986.2,992.94,992.32
986.3,992.35,991.85
986.2,990.67,989.92
986.0,991.5,991.32
986.8,990.08,989.1
987.6,992.38,992.89
988.0,991.29,991.37
988.7,992.44,993.06
989.5,990.88,991.5
989.9,991.78,991.18
990.8,992.53,992.77
991.0,992.18,992.99
991.1,991.36,992.84
991.0,991.7,991.17
991.4,991.33,991.89
991.6,991.37,991.9
991.9,989.53,991.27
992.3,988.93,990.5
992.8,990.31,992.53
993.2,991.05,993.15
993.9,991.67,992.74
995.3,992.78,992.86
996.2,992.22,992.02
997.3,994.39,993.76
998.0,993.7,992.78
998.8,995.78,993.44
1000.2,994.61,994.41
1000.7,994.84,995.53
1001.2,994.48,995.93
1001.7,994.59,994.02
1002.6,994.43,992.01
1003.2,995.89,995.49
1003.9,996.31,998.57
1004.6,996.11,996.74
1005.1,995.5,994.71
1005.7,997.01,996.75
1005.9,998.01,997.87
1006.2,998.19,1000.1
1005.9,997.87,998.39
1005.7,996.97,997.53
1005.3,995.28,997.66
1005.1,995.12,997.9
1004.7,995.94,998.87
1004.5,995.17,998.43
1004.6,995.01,998.97
1005.1,994.4,997.31
1004.9,993.87,999.65
1005.1,993.88,999.3
1005.1,994.5,999.04
1005.0,994.29,999.23
1004.9,994.14,999.73
1005.2,994.18,999.7
1005.8,994.2,998.52
1006.1,994.88,1000.58
1006.1,995.78,1000.7
1005.8,996.47,1001.85
1006.1,997.31,1002.65
1006.0,997.48,1002.1
1005.9,997.82,1001.37
1005.7,997.92,1001.2
1005.2,997.74,1000.78
1004.1,998.47,1000.67
1003.4,997.22,999.25
1002.5,998.47,999.79
1001.6,996.24,997.11
1001.3,996.26,997.32
1000.9,994.84,996.68
1000.4,993.33,995.53
999.7,992.9,994.87
999.9,992.69,994.24
999.9,993.44,995.97
999.7,993.09,995.63
999.1,992.8,995.47
998.8,993.73,995.87
998.3,994.05,996.14
995.2,994.48,997.33
994.4,994.17,996.15
993.5,993.63,994.23
992.5,993.59,994.66
991.3,990.93,991.0
990.2,989.63,989.32
990.1,990.6,990.66
991.0,990.19,990.02
990.0,991.84,992.36
990.8,991.12,991.55
990.7,990.55,992.34
990.0,990.99,992.66
989.1,990.66,993.82
988.6,991.1,994.15
988.4,992.45,994.41
988.5,992.2,993.51
989.9,992.43,994.42
990.2,993.07,993.04
991.0,993.51,993.1
991.3,992.49,992.42
992.1,993.88,992.74
992.5,992.87,992.23
993.0,994.41,993.55
993.1,996.34,990.52
992.9,997.63,993.19
993.0,997.15,991.84
992.8,997.46,993.26
992.8,997.3,993.76
992.6,995.36,993.0
992.3,994.32,993.89
992.2,993.81,993.57
992.7,994.21,993.13
992.8,990.91,992.78
993.6,991.26,992.41
994.0,989.74,992.61
994.2,991.97,992.7
993.8,989.94,993.79
993.9,990.13,993.7
993.6,992.96,993.8
992.9,992.69,993.5
992.2,993.26,994.08
992.8,990.41,993.49
992.7,993.79,993.64
993.6,992.47,993.36
993.8,993.13,993.16
993.9,994.72,993.11
992.8,994.48,993.28
992.8,994.89,993.85
992.1,994.05,994.62
992.2,994.71,993.68
992.1,994.85,992.23
991.1,996.08,992.77
990.7,994.41,992.76
990.6,994.76,992.5
990.5,994.49,992.67
990.4,994.0,992.72
990.4,992.81,992.52
990.7,993.17,992.11
990.9,991.91,991.36
990.6,992.6,992.05
990.5,990.82,993.98
989.2,994.65,994.11
989.1,992.53,993.1
988.8,992.65,992.72
988.5,992.61,994.15
988.4,993.11,994.53
988.3,993.69,994.01
988.6,993.41,992.75
988.6,993.58,994.57
988.5,993.04,994.25
988.0,994.22,994.62
988.2,993.15,993.34
987.6,992.07,990.32
987.2,990.86,989.23
987.2,992.07,989.91
987.2,992.38,990.94
987.5,992.11,991.51
988.0,992.4,991.36
988.1,993.12,992.01
988.3,992.8,991.65
988.8,992.29,993.48
989.4,993.85,993.59
990.1,991.46,994.67
990.7,993.31,994.44
990.9,994.07,991.63
990.5,994.85,992.87
990.5,994.11,993.53
991.0,994.65,993.91
991.6,995.02,994.25
992.3,994.33,993.79
992.8,996.07,994.5
993.5,996.53,995.03
993.9,995.84,993.11
994.1,996.42,995.4
994.4,996.77,995.8
994.9,997.76,997.12
994.8,996.69,996.49
994.8,997.57,997.86
994.7,995.17,995.97
994.6,995.87,997.39
994.5,994.95,996.13
994.1,994.4,995.24
993.9,994.07,994.59
993.9,992.26,994.33
994.3,993.66,991.88
995.1,990.6,992.41
995.2,992.36,992.5
995.6,992.95,994.01
995.6,991.89,995.69
995.1,990.74,995.59
994.9,991.05,995.59
995.2,994.32,995.26
995.4,990.95,995.14
995.4,991.11,996.13
995.7,993.97,996.73
995.6,993.48,996.1
995.4,995.27,996.91
996.0,994.72,994.82
995.6,994.17,994.9
995.4,993.29,993.42
995.2,994.02,993.76
994.6,992.48,993.96
995.7,994.86,992.24
995.5,994.65,992.3
996.2,993.8,992.38
996.1,993.34,990.81
994.9,994.04,991.69
994.4,993.39,992.8
994.7,992.93,993.15
995.2,993.24,993.24
994.7,992.73,992.69
994.4,993.39,993.18
994.1,992.52,992.4
993.9,992.57,992.23
993.9,992.18,992.83
993.9,990.93,992.37
993.9,993.54,993.03
994.1,992.53,992.28
994.4,992.94,992.25
994.6,992.78,992.49
994.1,993.13,994.06
994.0,992.48,994.88
994.5,990.46,994.1
994.5,990.75,993.09
993.9,993.87,995.05
993.6,992.2,993.81
993.0,993.29,994.05
992.3,992.46,993.51
992.0,992.08,993.54
992.3,990.94,992.45
992.8,991.03,993.38
993.2,994.6,993.63
993.3,992.95,993.32
993.6,992.86,993.15
993.7,991.8,993.11
993.4,993.27,993.75
993.0,990.71,993.66
993.3,990.98,993.67
993.4,994.39,993.78
993.4,991.11,993.71
993.4,991.16,993.69
993.6,994.06,993.9
994.0,991.8,995.03
993.7,994.84,995.07
993.5,994.44,994.17
993.5,994.84,993.66
993.6,996.02,993.87
993.2,995.09,993.63
992.3,995.69,993.13
992.3,995.09,992.26
992.1,994.38,992.52
991.7,993.74,991.63
991.1,993.71,991.93
990.4,992.96,991.86
990.2,993.4,991.66
990.3,993.46,991.27
989.7,993.23,991.71
989.2,993.03,991.7
989.1,992.88,992.02
988.7,994.06,993.49
987.7,991.61,990.22
987.9,992.29,992.16
988.1,992.58,993.15
988.9,992.15,992.45
989.3,992.18,991.6
989.9,991.96,991.88
989.8,992.86,993.61
990.4,992.69,993.0
991.0,993.13,993.58
991.7,994.48,994.77
992.0,995.75,995.18
992.6,996.15,995.6
992.6,996.63,996.86
992.8,995.48,996.49
992.7,995.58,996.08
993.1,991.04,994.64
993.4,994.39,995.05
994.0,994.16,994.63
994.4,994.69,994.65
994.6,994.19,994.31
995.1,994.15,993.73
995.2,993.38,994.29
995.4,992.32,993.93
995.3,992.7,994.18
995.6,992.53,994.52
995.6,990.68,995.1
995.7,994.06,995.18
996.1,990.66,994.59
996.3,994.72,994.96
997.0,994.03,993.33
997.8,993.8,992.96
998.2,994.12,992.94
998.3,994.21,994.01
998.4,994.65,994.54
998.4,994.2,993.72
998.3,995.03,996.08
998.4,994.62,995.4
998.0,994.66,995.52
997.9,995.59,997.26
997.7,994.34,995.03
997.7,994.36,995.51
997.8,994.32,995.39
998.0,993.55,993.24
998.2,993.88,993.93
998.6,993.91,993.98
998.5,992.32,993.74
998.6,992.58,994.11
998.6,990.21,993.62
998.1,993.48,993.06
997.7,991.53,992.87
997.9,992.52,993.14
998.3,992.79,993.64
998.6,993.38,994.29
999.2,993.89,993.94
999.7,994.54,994.22
1000.1,995.27,995.6
1000.0,994.59,996.34
1000.2,995.48,996.68
1000.1,994.13,994.87
1000.0,995.52,996.16
999.8,995.97,997.02
999.5,996.19,997.18
999.4,995.66,995.96
999.0,994.1,993.91
998.8,993.46,993.53
999.2,992.63,992.75
999.3,993.14,993.14
999.6,994.04,993.35
999.8,993.03,992.91
999.9,993.96,993.55
999.9,994.43,993.98
1000.1,993.43,993.63
999.9,991.94,992.5
999.8,992.49,993.22
1000.1,993.9,993.38
1000.5,990.44,993.26
1000.6,992.77,993.75
1000.9,993.0,994.55
1001.1,991.93,993.32
1001.0,994.17,995.07
1000.5,994.52,994.59
1000.3,994.83,994.49
999.6,995.0,994.9
999.3,993.11,993.34
999.2,994.62,993.96
998.8,993.62,993.85
997.8,991.47,993.06
997.3,990.14,992.08
997.4,990.79,990.74
997.0,990.23,991.81
996.7,991.19,992.1
996.7,991.69,992.97
996.7,992.32,993.72
996.9,992.21,993.43
998.9,993.28,990.87
998.2,993.55,991.99
997.6,993.99,991.97
995.9,993.9,990.98
993.3,993.24,991.72
994.7,993.73,992.63
995.6,992.72,991.76
995.3,992.38,990.17
995.3,992.61,991.26
996.0,993.14,990.66
993.0,991.94,991.24
992.5,993.49,993.12
992.4,993.12,990.25
991.8,993.21,991.02
992.1,991.18,991.55
992.4,991.82,991.12
992.3,991.2,992.0
992.6,993.55,993.31
992.0,993.67,993.05
991.8,993.24,992.75
990.4,989.85,991.66
990.1,991.77,991.53
990.4,990.52,989.24
991.0,991.85,988.58
990.5,993.0,991.6
990.4,993.32,991.68
989.3,993.38,992.33
989.9,993.37,992.0
990.5,992.49,991.32
991.2,993.12,991.56
990.5,992.94,991.33
990.6,993.05,991.28
991.2,993.4,992.98
990.8,994.2,994.32
990.7,995.42,993.88
991.2,995.67,994.02
991.1,994.11,992.78
990.5,996.34,995.45
989.8,995.64,994.64
989.2,995.78,991.7
987.8,994.8,993.8
987.0,992.52,993.04
985.8,990.06,991.42
985.6,990.67,992.19
984.8,990.58,990.93
983.5,991.2,991.79
986.4,990.26,989.23
987.3,991.89,990.65
987.2,992.4,991.27
986.7,992.38,991.79
987.5,993.39,992.5
987.2,993.37,992.71
987.1,992.16,989.98
987.7,992.09,990.4
988.1,992.64,991.23
988.4,993.3,992.88
988.6,994.07,994.35
988.9,993.19,991.5
988.8,992.57,992.71
988.9,991.46,991.67
989.1,991.59,992.19
989.2,992.32,993.2
988.7,992.05,992.83
989.5,995.02,993.73
990.2,993.59,992.91
989.6,993.05,992.76
990.2,993.07,992.6
990.5,993.67,992.34
991.1,993.25,992.89
992.0,993.01,992.56
991.2,994.41,993.05
991.0,994.66,993.6
990.9,992.38,992.24
991.1,992.4,992.08
991.9,991.98,991.38
992.5,992.59,992.3
992.9,993.71,993.04
993.1,994.41,993.96
993.3,995.61,994.0
993.5,996.23,994.58
994.4,996.26,994.34
994.3,994.73,993.9
994.8,996.45,993.88
995.0,995.04,993.96
995.2,996.16,995.56
995.5,994.62,995.7
995.8,993.88,993.45
996.4,993.49,994.32
996.9,993.05,995.81
997.5,992.67,994.09
998.0,993.07,995.84
998.4,993.38,997.64
998.8,992.89,994.89
999.2,992.44,998.3
999.5,992.66,997.64
999.5,992.65,997.85
999.7,993.11,997.05
1000.1,993.27,996.65
1000.4,993.81,997.46
1000.6,991.63,992.12
1001.5,992.84,995.43
1001.8,993.73,998.05
1001.9,994.16,998.32
1002.3,994.08,997.08
1002.5,994.33,997.81
1002.6,995.17,999.17
1002.6,995.68,998.06
1002.5,996.26,998.0
1002.1,996.71,998.59
1001.8,995.09,997.48
1001.8,995.01,997.36
1001.4,995.65,997.2
1001.1,996.21,998.54
1001.2,994.89,997.2
1001.3,994.9,996.78
1001.4,995.03,996.65
1001.5,993.7,996.29
1001.4,993.73,996.64
1001.4,994.6,997.31
1001.1,994.7,997.47
1001.3,995.04,997.56
1001.6,994.73,997.59
1002.1,995.59,998.04
1002.5,994.58,997.29
1002.3,995.42,996.58
1002.0,994.98,995.69
1002.0,997.48,998.49
1002.0,996.68,997.87
1001.7,996.28,997.74
1001.3,995.84,997.05
1000.6,996.32,997.75
1000.4,996.13,997.5
999.9,994.66,995.88
998.9,993.75,995.23
999.5,993.33,993.98
999.4,992.66,994.04
999.4,994.34,995.75
999.6,993.54,994.89
999.7,993.39,994.65
999.6,994.19,995.54
999.6,993.32,994.67
999.7,991.27,994.86
999.2,993.53,995.42
998.9,993.76,995.91
998.9,993.73,996.31
999.0,993.71,996.42
998.8,991.46,996.44
998.8,991.61,995.61
998.7,991.41,995.61
998.9,991.48,997.67
999.0,993.99,998.07
999.0,993.79,997.11
999.2,993.57,997.99
999.1,995.89,997.17
999.1,995.83,997.14
999.5,996.42,996.65
999.4,996.13,996.71
999.2,995.39,996.46
999.0,996.24,996.2
998.7,996.38,995.9
998.1,996.7,994.92
997.7,995.15,993.56
997.5,994.83,993.1
998.0,994.52,993.74
998.2,994.02,992.37
998.3,994.52,993.34
998.3,994.58,993.21
998.3,994.31,992.96
998.1,994.4,993.49
997.2,993.94,993.41
997.0,994.12,993.42
997.0,993.13,993.16
996.8,994.03,992.96
996.8,992.62,992.3
996.8,994.23,994.0
997.3,994.58,995.01
997.5,995.29,995.62
997.0,996.57,995.53
996.5,996.95,995.63
996.2,996.93,996.23
995.9,995.56,995.53
995.2,995.78,996.1
995.1,995.05,994.52
994.6,995.42,994.77
994.6,994.85,994.19
994.8,994.67,994.64
995.5,993.23,994.09
995.9,993.34,993.94
995.5,992.66,993.57
995.5,993.49,994.01
995.4,992.1,992.77
995.3,991.17,993.14
995.2,990.39,994.19
995.1,990.63,994.52
995.2,992.48,994.43
995.9,992.81,994.41
995.8,992.93,993.74
996.1,992.61,994.12
996.1,993.44,994.89
995.9,992.28,993.63
995.7,993.67,995.13
995.6,991.24,991.86
994.9,993.11,993.46
994.4,991.8,991.63
994.1,990.26,990.46
993.7,991.23,991.32
994.5,990.63,990.32
995.2,993.27,992.67
996.9,992.2,991.25
996.6,991.26,992.43
995.7,993.49,992.43
996.3,992.45,992.39
996.6,992.97,992.91
996.9,993.58,993.11
997.0,993.11,993.78
997.1,993.63,992.83
997.3,993.54,992.42
997.9,994.71,992.64
998.4,994.58,993.26
998.7,994.11,993.54
999.3,994.92,994.55
999.7,994.15,993.33
1000.1,994.86,993.99
1000.2,995.61,995.32
1000.3,995.92,995.19
1000.6,994.5,994.88
1000.2,996.21,996.16
1000.1,996.36,995.76
1000.4,995.81,996.31
1000.2,994.5,995.46
1000.3,994.44,995.92
1000.6,994.19,996.43
1000.8,993.93,996.5
1001.1,994.46,996.68
1001.5,994.15,997.25
1001.6,993.86,996.46
1001.7,993.63,995.52
1001.7,994.82,996.47
1001.5,994.56,996.15
1001.6,994.28,995.81
1001.9,994.38,996.34
1002.2,994.26,997.35
1002.6,994.8,997.63
1002.9,994.34,997.5
1003.5,994.62,997.27
1003.8,994.65,997.05
1004.1,996.38,999.14
1004.2,996.61,998.91
1004.4,997.27,999.02
1004.1,997.15,999.12
1003.5,996.45,998.62
1003.3,996.31,998.4
1003.2,995.36,996.49
1003.0,995.82,997.43
1002.7,994.81,996.55
1002.7,995.06,997.86
1002.6,994.94,997.95
1002.8,993.55,995.79
1002.7,994.73,996.73
1002.7,993.73,995.77
1002.5,995.21,996.96
1002.4,994.73,997.1
1002.5,994.55,996.47
1002.4,994.26,996.04
1002.4,994.31,995.94
1002.3,994.53,995.66
1002.4,994.14,995.83
1002.9,995.21,996.43
1002.9,995.11,997.56
1002.8,996.26,998.14
1002.7,996.62,998.44
1002.1,997.2,998.76
1001.7,997.27,998.26
1001.3,996.55,997.8
1000.9,996.56,997.99
1000.7,996.52,997.32
1000.2,994.97,995.25
999.7,995.14,995.31
999.3,993.68,994.71
999.2,992.96,993.74
999.5,993.09,994.62
999.9,992.84,993.79
999.7,993.76,994.44
999.8,993.52,994.26
999.3,993.61,993.83
999.0,990.39,993.52
999.0,990.65,995.41
999.0,992.82,996.11
999.7,994.1,995.95
999.9,994.64,995.81
1000.0,993.09,995.62
1000.2,994.44,996.49
1000.3,995.48,995.48
1000.1,995.77,996.05
1000.0,994.72,995.3
999.8,994.07,994.22
998.7,994.15,993.95
998.2,995.78,994.86
997.6,995.22,994.52
997.1,993.9,993.98
996.9,993.06,992.55
996.8,992.19,992.19
997.1,993.98,993.78
997.3,993.7,993.58
997.2,991.65,992.54
997.3,991.56,993.34
997.2,990.41,994.96
997.1,990.56,994.25
996.9,993.83,993.32
996.5,993.76,994.17
996.5,993.91,994.27
996.6,994.24,993.5
996.6,993.88,992.38
996.8,993.79,993.71
996.7,990.61,992.59
996.2,994.22,994.3
995.8,994.37,994.5
995.7,994.03,993.34
995.2,994.06,993.29
994.7,993.28,992.29
994.3,993.44,992.56
993.7,993.07,991.79
993.0,992.94,991.4
993.0,991.77,990.24
992.6,992.5,991.96
992.5,991.94,991.01
992.4,992.14,992.67
992.5,992.06,992.09
993.0,990.95,992.56
992.5,991.22,991.51
992.6,991.61,992.88
992.2,991.64,993.53
991.8,992.64,994.31
991.8,993.5,994.18
991.2,991.74,993.29
991.4,991.91,994.09
991.6,992.26,993.89
991.4,992.99,994.0
991.0,993.1,993.07
990.2,993.62,992.45
989.8,992.59,992.11
989.2,992.01,990.79
989.1,992.48,991.04
988.4,991.96,991.79
988.2,992.3,992.29
988.2,993.08,992.33
988.6,993.51,992.77
988.9,993.8,992.59
989.1,991.83,992.18
989.0,992.12,992.99
988.6,993.41,992.96
989.3,992.99,992.04
989.0,990.1,992.29
989.5,992.86,992.47
989.3,992.6,993.28
989.2,990.06,993.12
989.2,990.12,993.34
989.3,992.41,993.72
989.7,992.25,994.69
990.2,992.29,992.8
990.4,992.43,994.24
990.8,993.48,994.93
990.8,992.95,994.01
990.7,994.66,994.75
990.8,995.72,995.07
990.6,996.19,994.79
991.3,995.67,994.51
991.1,996.26,995.51
990.6,996.3,995.31
989.9,995.8,993.97
988.8,993.77,993.52
989.2,993.51,992.96
989.6,992.38,992.26
989.4,992.68,992.39
989.6,991.28,992.41
990.6,989.15,992.26
990.9,991.47,992.71
990.8,991.0,991.93
990.8,991.79,991.91
991.0,991.34,992.86
991.0,991.7,993.11
990.5,992.76,993.84
990.9,991.89,992.55
991.1,992.61,993.36
991.6,992.75,993.37
992.7,992.62,993.52
992.8,992.11,992.72
993.3,992.72,993.83
993.2,993.02,993.24
993.2,992.94,994.8
993.5,992.04,993.63
992.7,991.85,993.72
992.3,995.16,994.83
992.2,995.28,994.56
992.3,993.2,993.59
992.4,992.43,993.15
992.4,992.24,992.69
992.4,993.57,994.36
993.3,989.7,993.98
993.9,991.35,993.6
993.7,991.1,992.54
993.2,989.79,993.64
993.2,991.58,993.2
993.7,992.34,993.55
993.9,991.71,994.37
992.9,990.62,994.41
993.0,992.82,994.88
993.5,993.3,995.1
993.8,993.45,994.9
994.4,992.98,994.53
994.0,992.8,993.65
993.5,994.18,993.28
993.7,993.68,992.57
993.8,990.64,993.31
993.5,995.1,992.8
993.1,994.48,993.79
993.0,994.46,993.97
992.6,994.42,993.56
991.9,993.32,992.52
991.6,993.16,992.95
991.2,992.17,992.79
991.3,992.4,992.78
991.6,992.68,992.7
991.6,993.08,993.16
992.3,993.46,993.03
991.6,991.54,993.76
991.4,993.31,992.23
991.3,993.03,991.44
991.2,994.26,991.86
991.7,993.41,991.67
991.6,992.92,990.88
991.6,993.39,991.92
992.4,993.63,991.61
993.0,993.67,993.32
993.1,992.72,991.15
993.6,993.89,993.16
993.6,992.87,992.06
993.7,993.96,993.37
993.8,993.78,993.19
993.5,993.95,994.5
993.5,994.65,994.72
993.2,994.14,994.42
993.1,992.95,992.47
992.9,993.19,992.66
993.2,992.92,991.95
993.1,991.35,992.94
993.3,991.74,991.7
993.6,992.9,992.76
993.6,991.94,991.98
993.3,991.39,991.8
993.0,991.75,990.06
992.8,992.4,992.97
992.6,992.16,992.31
992.8,992.18,993.01
993.1,992.86,993.58
993.6,992.76,994.04
993.8,991.59,993.12
993.8,994.26,995.21
994.2,995.08,995.05
994.4,995.93,995.08
994.5,995.0,994.78
994.3,995.29,994.17
994.0,996.0,994.8
994.2,996.41,994.88
993.4,994.84,993.25
993.8,995.39,993.43
993.6,994.99,993.48
992.9,993.67,992.65
993.6,994.15,993.06
993.7,994.27,993.54
993.9,994.21,993.09
993.9,992.45,992.98
994.2,992.27,992.67
994.7,993.05,992.24
994.8,992.74,992.37
994.9,992.83,992.53
994.7,993.51,993.59
994.4,990.3,993.79
994.3,994.03,994.25
994.2,990.67,994.24
994.1,992.8,994.06
995.4,993.78,994.17
995.4,994.86,994.46
994.9,994.71,994.35
995.3,995.71,993.61
995.5,996.51,994.21
995.2,996.99,994.18
995.1,996.33,994.99
994.9,995.8,993.91
994.7,994.08,994.26
994.2,992.27,991.64
994.0,992.82,992.48
994.1,992.77,992.47
994.4,992.39,991.44
994.8,990.57,992.11
995.2,990.86,991.9
995.1,992.07,992.37
994.8,990.91,991.75
994.4,991.42,992.25
994.3,992.41,993.35
994.3,991.49,993.1
993.7,992.0,992.94
993.9,992.5,992.79
993.6,992.51,992.29
993.9,992.18,991.27
994.9,992.95,991.7
995.9,992.79,991.82
995.7,992.88,992.64
995.4,992.76,993.69
995.0,993.44,993.64
995.0,994.26,994.76
995.3,994.09,992.32
995.4,994.94,992.9
995.8,994.32,994.8
995.8,994.12,992.74
995.8,994.64,992.95
995.4,993.75,992.29
995.8,993.61,992.43
995.9,993.2,991.66
994.6,993.38,992.11
994.1,994.21,993.44
993.7,993.48,992.98
992.9,993.85,993.26
992.0,993.12,993.08
991.4,993.01,992.78
991.8,991.44,992.5
990.8,992.78,992.93
990.7,991.77,992.37
991.4,992.72,992.09
992.1,990.93,993.63
992.7,992.06,992.21
992.9,992.89,995.04
993.2,992.57,993.86
993.4,991.39,992.97
993.9,990.71,994.12
994.2,990.6,993.59
994.3,990.43,993.9
994.3,990.05,992.37
994.4,990.51,994.68
995.0,989.29,993.85
995.1,990.45,994.27
995.2,990.0,990.84
995.3,990.92,993.12
995.6,990.12,992.4
995.8,991.3,996.72
995.3,991.22,996.6
995.2,991.35,996.63
995.3,991.47,997.52
995.3,991.19,998.03
996.1,990.06,992.77
995.8,991.68,998.36
996.0,991.75,998.91
996.0,992.24,998.62
995.7,992.04,995.41
996.1,993.86,998.58
996.5,994.65,998.09
996.1,995.55,998.98
995.5,995.82,999.26
995.4,995.34,997.47
994.7,996.72,997.67
994.3,996.37,996.92
994.1,994.01,995.68
993.8,994.36,995.62
993.4,994.81,996.19
993.1,994.72,996.18
993.5,993.49,995.4
993.6,994.07,994.38
993.8,994.09,993.68
993.6,993.7,993.29
993.3,992.95,992.32
993.0,994.77,994.27
992.7,992.53,992.52
992.6,994.17,993.79
992.5,994.57,994.24
992.6,991.03,995.07
993.0,992.35,995.01
993.2,993.73,995.31
993.0,994.47,996.44
993.1,994.62,996.14
992.8,993.51,994.41
993.0,996.66,996.29
992.7,997.13,995.78
992.6,997.47,995.82
992.4,995.92,994.57
992.0,996.74,995.07
991.9,995.54,993.76
992.1,995.15,993.88
992.2,994.61,993.47
992.2,993.83,993.42
992.1,993.19,992.92
992.4,993.03,992.85
992.5,990.67,991.69
992.6,993.32,992.76
993.3,993.2,991.8
993.7,994.49,992.77
993.7,995.17,992.97
993.7,994.01,991.53
993.9,995.74,993.67
994.0,996.35,994.64
994.6,995.66,994.66
994.7,996.37,995.77
994.9,996.43,996.24
994.9,996.93,997.08
995.0,996.52,996.86
994.6,997.08,997.34
994.8,994.24,993.44
995.0,994.92,995.22
995.0,995.38,996.47
995.2,996.41,996.29
995.5,994.06,993.26
995.7,994.43,994.47
996.0,994.68,994.71
996.4,994.23,993.33
997.0,995.43,993.83
997.2,994.59,994.52
997.0,994.13,995.34
997.0,994.81,995.92
996.9,994.07,994.26
996.9,994.63,995.27
997.0,994.24,995.84
997.2,994.46,994.88
997.6,995.6,995.83
998.4,995.73,997.38
999.0,994.64,997.23
999.0,995.86,999.63
999.2,994.9,999.66
999.1,995.28,998.64
999.0,995.81,998.27
998.7,994.76,995.69
998.5,995.85,995.36
998.1,995.52,995.51
997.7,994.27,992.65
997.7,994.97,994.45
997.5,993.39,991.82
997.1,993.22,991.98
997.3,994.74,994.07
997.4,993.52,993.95
997.9,992.87,994.42
998.2,993.04,995.43
998.3,992.95,996.9
998.3,993.17,996.91
998.2,995.04,996.45
998.3,994.9,994.95
998.5,995.83,996.15
998.2,994.79,994.2
998.2,995.53,994.5
998.7,995.86,995.48
998.7,995.78,994.29
998.9,995.55,996.55
998.8,996.13,998.31
998.7,995.85,997.69
998.8,994.38,994.29
999.2,993.76,994.72
999.0,993.89,994.5
998.6,994.44,994.65
998.3,994.77,994.7
997.9,993.94,994.69
997.6,993.01,993.93
997.4,994.01,993.72
997.4,994.86,994.45
997.7,994.7,994.38
998.2,993.97,993.92
998.3,993.69,994.2
998.4,991.19,995.1
998.5,993.97,995.32
998.5,993.87,996.58
998.4,994.46,997.29
998.4,995.18,996.99
998.7,994.26,996.47
998.6,994.72,996.42
998.9,996.65,995.83
999.1,995.2,994.83
999.9,994.47,994.68
999.6,992.87,996.26
1000.0,995.02,994.94
999.7,995.57,995.75
999.7,994.6,994.23
999.4,995.82,993.86
999.0,995.77,993.45
998.7,996.81,994.55
998.5,995.5,994.75
998.5,995.41,992.64
998.4,993.86,992.19
998.3,992.91,993.05
998.2,994.54,993.13
998.4,993.89,993.42
998.4,992.61,993.71
998.5,992.74,994.46
998.7,994.13,996.59
998.8,994.21,996.51
998.9,993.73,995.4
999.5,994.51,995.78
999.2,993.11,995.59
999.2,994.26,995.58
999.6,994.82,995.11
999.6,994.58,996.4
1000.1,995.41,996.28
1000.8,994.28,995.76
1000.0,997.21,995.49
999.8,996.45,995.31
999.4,996.44,994.54
999.2,996.07,994.27
999.0,994.98,993.35
998.8,994.77,993.4
998.9,993.65,993.5
999.0,993.98,993.43
999.3,992.99,992.74
999.2,993.43,992.36
999.3,992.97,992.39
999.6,994.07,993.41
999.9,993.71,992.83
999.7,994.01,992.7
999.9,993.04,992.23
999.9,994.41,992.87
1000.0,992.92,992.52
1000.2,993.76,992.96
1000.4,994.49,992.98
1000.9,994.52,994.38
1001.2,994.22,994.92
1001.1,996.31,994.66
1001.5,996.72,994.9
1001.1,996.71,995.15
1000.6,996.37,994.9
1000.0,996.24,995.48
999.4,996.3,994.89
998.8,995.22,994.71
998.4,993.75,992.73
998.3,994.11,993.09
997.9,993.86,993.0
998.4,994.09,992.92
998.3,993.55,992.58
997.8,992.83,991.72
997.3,992.15,991.68
997.3,993.05,992.12
997.0,993.96,992.9
996.8,993.93,992.79
996.5,993.49,992.72
996.4,993.73,992.74
996.2,992.66,991.73
996.0,993.71,992.96
996.9,992.96,993.5
996.8,993.29,991.98
995.3,993.76,992.47
995.3,993.43,992.13
994.5,993.21,991.87
994.1,993.64,992.91
994.0,993.37,991.82
992.8,994.42,993.19
992.3,993.98,992.78
991.9,992.98,991.67
991.6,992.87,991.62
991.7,991.82,991.99
991.5,992.04,990.32
991.5,991.83,991.16
991.6,992.81,991.73
991.3,992.27,990.62
990.8,991.8,990.54
990.5,991.87,991.04
990.0,991.49,990.27
989.6,991.54,990.19
988.9,993.15,993.44
988.1,993.42,993.49
988.8,992.82,993.03
988.8,991.54,992.57
989.0,991.86,989.56
989.5,993.04,993.49
989.4,992.32,992.23
989.8,992.35,993.06
989.4,994.49,994.24
989.2,993.14,992.99
989.2,991.6,991.88
989.0,993.43,993.64
988.1,993.48,993.79
987.6,992.01,991.69
987.8,993.11,990.67
986.9,992.44,991.75
986.8,991.94,991.67
986.6,991.66,990.5
987.5,994.07,992.79
987.3,992.42,990.65
987.2,991.89,990.9
987.1,992.5,991.43
987.2,991.96,989.54
986.8,992.31,990.7
986.7,992.92,992.66
986.6,992.54,992.26
986.9,992.05,990.03
987.2,993.85,992.68
987.6,992.58,992.19
987.9,992.3,992.36
988.1,993.04,993.14
988.4,993.36,993.37
988.6,994.17,992.44
988.5,993.66,992.36
988.4,996.41,992.92
988.6,994.75,992.62
988.6,996.15,995.06
988.3,995.55,994.92
988.7,992.46,991.92
988.7,994.26,992.32
989.0,993.44,993.72
989.5,990.38,993.65
989.9,992.77,993.14
989.8,992.05,992.72
990.1,993.0,993.94
990.0,991.95,991.93
989.9,992.37,994.42
990.0,992.45,993.94
990.2,990.55,993.97
990.4,990.62,993.88
990.7,993.58,994.09
991.1,992.79,993.46
991.4,991.87,991.85
991.7,993.32,994.36
992.3,995.22,996.26
992.9,993.14,992.77
993.4,993.62,993.37
993.2,992.72,993.02
993.7,994.58,995.07
994.0,993.19,993.44
994.4,993.66,994.57
994.3,993.31,992.46
994.4,991.81,993.36
994.7,992.1,991.91
995.4,991.96,992.29
995.7,992.16,993.37
996.3,990.69,990.26
996.3,991.65,992.47
996.2,991.05,994.42
996.2,991.65,996.12
996.1,991.34,996.19
995.9,992.35,997.32
996.2,992.13,997.29
996.3,991.94,996.43
996.9,992.6,997.36
997.4,992.29,996.96
998.1,992.99,997.81
998.7,993.33,997.97
999.3,993.98,998.16
999.9,994.15,996.07
1000.2,995.28,998.37
1000.3,995.15,998.33
1000.3,995.9,998.02
1000.3,995.53,998.16
1000.2,995.54,999.03
1000.3,994.72,997.01
1000.2,993.06,996.19
1000.2,993.68,997.96
1000.2,993.29,997.88
1000.3,993.81,998.72
1000.8,992.79,996.71
1000.8,991.67,995.16
1001.0,991.68,995.88
1001.2,992.37,997.46
1001.3,992.85,997.76
1001.1,992.16,997.06
1001.4,993.49,998.8
1001.8,993.36,997.69
1002.0,994.38,999.83
1002.6,993.35,994.52
1003.1,993.86,996.06
1003.6,995.96,998.85
1003.9,996.19,998.05
1004.3,997.01,999.44
1004.6,997.48,999.33
1004.7,996.55,998.77
1004.7,996.81,999.47
1004.6,997.43,999.98
1003.8,997.56,999.77
1003.8,997.58,999.8
1003.4,995.7,998.37
1003.0,996.61,1000.32
1002.8,994.64,997.41
1002.9,994.24,996.28
1003.2,995.1,997.68
1003.3,995.56,998.16
1003.5,995.09,997.16
1003.6,995.23,997.04
1003.7,995.7,996.76
1004.2,994.98,996.71
1004.0,994.95,996.24
1004.3,994.83,995.11
1004.8,994.38,995.37
1005.2,994.24,996.29
1005.4,994.68,997.13
1005.7,995.05,998.48
1005.9,996.39,998.14
1006.0,995.54,997.81
1005.6,997.13,998.78
1005.0,997.8,998.2
1004.9,998.1,998.0
1004.5,997.5,997.8
1004.3,997.17,998.06
1003.9,995.78,996.48
1003.7,995.88,996.79
1003.4,995.17,996.78
1003.1,995.03,996.75
1003.5,995.2,996.75
1003.4,995.82,996.69
1003.6,992.12,996.74
1003.6,994.69,996.77
1003.4,994.01,996.65
1003.4,992.16,996.89
1003.6,995.48,997.25
1004.5,995.15,997.25
1004.9,995.58,996.24
1004.6,992.49,997.21
1005.3,994.54,998.09
1005.4,995.99,998.76
1005.6,997.89,998.32
1005.0,996.75,998.09
1004.7,996.38,997.59
1004.0,994.51,995.52
1003.4,996.59,997.17
1002.7,996.01,997.16
1002.7,995.06,996.17
1002.4,993.69,995.05
1001.9,993.76,995.37
1002.4,993.65,994.81
1002.7,991.33,994.96
1002.6,993.02,995.65
1002.9,993.91,995.69
1003.1,993.89,996.55
1002.9,992.22,997.2
1003.1,992.19,998.62
1003.4,992.5,998.78
1003.7,992.37,998.71
1003.8,992.5,998.35
1003.6,994.59,997.84
1003.9,995.41,998.22
1004.2,994.11,997.96
1003.8,994.68,998.46
1003.5,995.63,997.56
1002.9,994.48,994.77
1002.5,996.07,995.89
1001.8,995.33,995.54
1001.7,995.8,995.54
1001.1,995.21,994.29
1000.9,993.67,994.25
1000.8,994.25,994.16
1001.1,994.42,994.54
1001.6,993.57,992.88
1001.3,992.78,993.39
1001.4,990.93,994.28
1001.6,990.98,996.91
1001.5,993.19,997.12
1001.4,991.49,998.02
1001.4,993.05,998.72
1001.6,991.77,998.51
1001.3,991.69,998.19
1001.4,991.7,998.06
1001.7,993.77,998.01
1002.0,994.52,998.04
1001.8,995.94,995.91
1001.8,995.91,994.07
1001.3,996.69,993.93
1001.0,996.19,994.43
1000.6,995.74,992.56
1000.4,995.86,994.3
999.6,994.51,993.96
999.0,993.79,994.69
998.7,993.69,993.77
998.6,993.56,992.53
998.5,993.68,993.16
998.8,993.74,992.74
999.3,993.54,992.16
999.5,992.2,992.11
999.5,992.06,992.87
999.4,991.12,991.56
999.5,991.67,992.56
999.4,992.04,992.78
999.6,991.63,991.61
999.7,991.08,990.86
999.8,991.63,990.72
1000.5,992.08,991.46
1000.9,990.84,989.52
1001.3,992.11,991.56
1001.4,991.77,992.78
1001.5,991.49,993.47
1001.6,993.12,994.31
1001.1,990.26,993.82
1000.5,990.51,994.12
1000.1,991.69,994.19
999.5,992.72,993.57
999.2,991.38,993.6
999.0,989.76,992.75
998.9,990.02,993.5
999.2,990.48,993.93
999.3,990.39,994.35
999.5,991.18,994.85
999.8,991.29,994.64
999.8,991.66,994.27
999.7,991.68,994.89
999.9,991.51,994.63
999.5,991.63,994.69
999.1,992.3,994.69
998.9,992.49,995.19
998.8,991.9,994.79
998.7,992.19,993.61
998.9,992.68,995.03
999.1,993.15,994.69
999.0,993.32,995.37
998.7,992.49,993.7
998.3,991.14,994.78
997.8,992.48,994.6
997.5,992.32,993.29
996.9,990.99,993.88
996.5,992.07,993.21
996.3,991.7,993.17
996.2,991.18,992.32
995.8,989.76,992.1
996.0,990.74,991.79
996.0,990.57,993.86
996.1,991.67,992.92
996.1,991.84,992.82
996.1,991.54,992.31
995.7,990.76,992.74
995.4,991.83,992.43
994.5,991.3,992.12
995.2,992.17,993.68
995.2,991.65,994.13
995.2,991.91,993.81
995.3,992.22,993.02
995.1,992.88,994.39
995.0,992.8,993.81
995.4,994.16,995.21
995.1,994.08,995.11
994.9,992.29,992.5
994.8,992.62,991.83
995.7,993.04,992.75
994.9,993.94,993.61
993.9,994.33,992.21
994.0,993.38,991.5
993.8,993.54,990.19
995.6,991.96,989.28
995.1,993.49,990.8
994.2,993.18,991.96
994.1,991.8,991.35
997.2,992.53,991.57
997.4,992.84,991.03
997.4,993.26,992.4
998.9,993.9,992.6
998.1,992.52,991.42
996.2,993.56,992.51
996.4,993.61,992.5
997.6,993.22,993.2
997.4,992.55,992.43
997.1,992.63,992.94
997.6,993.92,995.32
998.6,994.09,994.07
998.5,994.39,994.87
998.5,992.52,993.49
998.7,994.16,993.53
998.6,995.64,994.02
998.5,995.13,993.13
998.4,996.01,994.08
998.3,994.52,992.72
998.5,994.42,993.91
999.0,993.91,993.44
999.6,994.04,992.91
1000.1,994.05,992.96
1000.0,992.89,992.55
1000.0,992.19,992.59
1000.2,991.37,992.12
1000.4,991.47,992.59
1000.8,990.94,992.37
1000.6,990.46,992.44
1000.7,992.44,992.15
1001.2,994.51,993.6
1001.6,992.08,991.91
1001.7,993.72,992.82
1001.7,994.0,993.44
1001.8,995.07,994.23
1001.6,994.57,994.01
1001.4,995.56,994.96
1001.0,995.78,995.22
1000.4,995.6,995.76
1000.0,995.24,995.56
999.4,995.65,995.42
998.9,994.45,994.36
998.6,994.88,995.04
997.9,993.86,994.24
997.9,991.84,992.7
998.0,992.83,993.16
997.8,992.87,992.49
997.5,992.73,992.49
996.9,992.08,992.74
996.3,992.09,992.7
995.8,990.68,991.15
995.3,991.96,992.72
995.1,989.94,988.32
996.9,992.38,992.74
997.4,991.97,992.45
997.0,993.25,993.13
996.8,991.79,991.93
996.1,993.72,993.72
995.7,993.89,994.55
995.6,993.58,994.07
995.9,994.18,993.88
996.1,990.24,992.59
995.9,992.37,992.12
995.7,992.16,992.11
995.3,992.66,992.04
995.4,991.28,990.75
995.4,993.58,992.72
996.1,992.03,991.61
996.9,992.64,991.93
997.1,993.1,992.48
997.1,993.34,991.98
997.4,993.32,992.0
997.6,993.33,991.8
997.3,993.15,991.9
997.4,991.69,992.26
997.4,994.81,993.42
997.4,993.39,992.92
997.7,995.49,993.96
998.2,994.47,994.24
998.5,995.08,995.52
998.5,992.68,994.37
998.4,996.9,995.48
998.2,997.0,994.94
997.9,996.62,995.49
997.6,997.08,995.16
997.1,995.93,995.14
996.0,996.93,995.06
995.3,995.59,995.04
994.5,995.23,994.79
994.0,994.04,993.99
993.7,994.22,994.01
994.3,993.76,993.13
994.8,992.39,991.96
994.8,990.88,991.42
994.6,992.73,992.22
994.2,992.62,991.56
993.9,992.53,991.84
993.5,992.29,993.29
993.1,992.89,991.66
993.0,992.34,990.91
993.2,993.87,993.87
993.6,993.19,992.29
994.3,994.53,994.31
995.1,994.78,994.7
995.9,992.66,992.55
996.9,993.13,991.9
997.9,994.11,993.35
998.4,994.06,991.38
999.0,994.95,993.74
999.2,994.54,992.26
999.5,994.68,992.31
999.5,994.47,993.08
999.9,994.91,994.17
1000.0,994.0,993.6
1000.3,993.61,993.1
1000.8,994.1,994.35
1001.3,992.8,991.98
1001.7,992.84,994.21
1002.0,993.12,993.49
1002.1,992.61,993.21
1002.4,992.69,995.22
1002.6,993.18,994.64
1002.8,994.11,993.77
1003.1,994.19,997.25
1003.5,994.14,997.58
1004.2,994.06,997.71
1005.0,994.75,997.16
1005.8,993.93,995.85
1006.2,994.54,996.87
1006.7,995.47,998.24
1007.1,996.87,997.41
1006.9,997.13,998.74
1006.8,997.68,998.94
1006.2,997.46,998.68
1005.8,997.22,998.22
1005.3,998.07,997.33
1005.0,996.64,997.71
1005.0,995.84,997.12
1004.8,996.77,996.01
1004.7,995.94,995.91
1005.3,995.74,996.11
1005.4,995.16,995.81
1005.9,991.62,995.69
1005.5,994.39,995.7
1005.3,992.67,995.27
1005.3,993.48,995.78
1005.3,993.95,996.59
1005.1,995.39,996.83
1005.5,995.09,996.17
1006.1,994.81,996.52
1006.7,995.43,996.97
1007.1,996.62,998.67
1007.2,995.45,997.29
1007.3,997.27,996.37
1007.1,996.45,997.3
1006.9,996.97,997.29
1006.5,997.29,997.18
1006.1,997.3,996.05
1005.5,996.9,996.31
1004.8,996.99,995.49
1004.3,996.31,995.19
1004.1,995.21,993.74
1003.8,993.16,992.54
1004.0,993.47,993.16
1004.5,993.9,994.16
1004.6,993.28,992.74
1004.5,992.93,994.17
1004.3,992.28,995.0
1004.4,993.12,996.35
1004.2,992.96,995.58
1004.2,993.68,996.76
1004.7,993.4,997.81
1004.8,995.4,996.95
1004.7,994.93,996.7
1005.0,995.51,996.81
1005.3,994.46,997.31
1005.1,996.12,997.03
1005.2,995.89,996.19
1005.1,996.66,996.39
1005.1,997.23,996.85
1004.5,997.25,996.54
1004.0,997.28,996.53
1003.2,997.24,995.21
1002.7,996.25,995.8
1002.6,995.41,995.44
1002.3,993.86,994.7
1002.0,993.67,995.0
1002.0,994.57,995.11
1002.3,994.1,994.26
1002.4,994.33,993.78
1002.4,990.58,992.89
1002.2,990.59,994.9
1001.9,990.89,995.57
1001.4,990.99,996.26
1001.0,990.82,996.38
1000.8,991.06,996.55
1000.7,991.38,996.86
1000.5,993.99,998.0
1000.6,991.38,998.44
1000.3,992.82,997.24
1000.0,993.65,996.45
999.7,994.13,995.63
999.3,990.7,994.33
999.3,991.75,994.67
998.8,993.37,996.89
998.0,989.68,992.17
997.5,991.74,994.01
997.2,991.05,992.92
996.8,989.53,992.35
996.6,990.2,993.08
996.7,991.85,993.28
997.2,990.75,993.3
997.3,993.77,992.52
997.3,993.61,993.03
997.3,994.01,993.62
997.3,994.37,992.55
997.5,995.19,993.51
997.1,993.54,993.82
997.6,994.21,991.75
997.7,993.9,992.71
997.8,993.36,990.96
998.2,994.31,994.35
998.5,993.96,994.96
998.6,995.12,996.43
998.9,994.33,994.87
999.6,994.11,995.71
999.7,995.69,994.86
1000.1,995.76,997.42
1000.1,996.67,997.31
1000.4,995.31,997.98
1000.0,994.45,997.39
999.8,995.39,998.47
999.8,993.96,996.67
999.7,993.26,998.06
999.8,992.67,995.71
1000.0,993.35,997.99
1000.2,991.87,995.97
1000.5,991.86,998.92
1000.5,992.04,995.16
1000.5,991.27,995.51
1000.5,992.38,994.51
1000.2,993.74,999.04
1000.5,995.45,998.2
1000.8,995.09,997.98
1000.9,997.09,997.34
1001.3,996.19,995.24
1001.7,997.23,997.13
1001.9,997.06,999.11
1002.0,997.47,1001.3
1002.5,995.78,997.98
1002.8,996.88,1001.9
1003.0,995.84,998.5
1003.0,996.8,999.72
1002.7,997.99,1001.2
1002.2,997.18,1000.38
1002.0,996.74,999.1
1001.6,996.16,998.65
1001.1,995.92,1000.68
1000.9,996.37,997.6
1001.1,995.4,998.07
1001.2,995.12,997.7
1001.3,994.39,996.5
1001.1,994.42,996.63
1001.1,995.17,997.96
1000.9,995.08,999.02
1001.1,995.87,999.17
1000.9,995.37,997.26
1000.6,995.81,998.36
1000.8,995.6,999.49
1001.0,995.14,994.3
1001.7,996.51,998.38
1001.8,996.37,997.42
1002.0,996.27,998.34
1002.2,996.26,999.14
1001.8,994.79,997.99
1001.4,995.48,998.16
1001.0,995.17,999.28
1000.3,995.02,996.05
999.5,994.78,995.96
999.0,995.92,997.23
998.8,993.68,993.98
998.5,994.25,994.55
998.3,993.65,994.09
998.5,994.31,994.91
998.8,993.69,995.96
998.9,993.92,995.64
999.1,993.75,995.16
999.4,993.94,997.41
999.5,994.52,994.76
999.4,995.25,995.92
999.3,993.89,993.06
999.2,994.9,993.62
999.4,994.42,992.89
999.5,994.91,993.12
999.6,994.76,992.34
999.9,996.29,995.65
999.9,995.01,995.1
999.8,994.68,995.55
999.9,994.65,995.15
999.5,993.82,993.66
999.2,993.16,993.77
998.9,993.02,993.68
998.5,993.08,993.44
998.2,992.69,993.72
998.2,991.5,993.94
998.2,992.59,993.6
998.3,991.4,993.04
998.4,992.78,994.95
998.8,993.33,996.09
999.2,992.85,996.01
999.4,993.55,995.69
999.4,994.85,996.48
999.3,995.13,996.74
999.2,994.84,995.94
999.2,994.56,996.59
999.3,995.33,995.76
997.7,991.39,994.2
998.0,994.81,994.55
998.4,995.27,993.41
998.6,995.86,993.28
998.7,996.43,993.95
999.0,997.06,994.51
999.1,997.3,995.04
998.5,995.88,993.22
998.1,996.66,993.31
997.3,995.53,992.82
996.9,996.17,994.01
996.8,995.73,992.58
996.6,994.64,993.32
996.5,993.49,993.94
996.7,992.78,993.76
997.0,994.01,993.7
997.1,991.49,993.4
997.4,992.52,992.38
997.6,992.05,994.87
997.4,992.14,995.13
997.4,994.41,995.2
997.4,993.96,994.97
997.5,993.06,993.61
997.6,992.92,994.33
997.9,994.08,995.1
998.4,994.59,995.92
998.7,994.55,995.87
998.8,994.91,996.44
998.9,995.5,997.16
999.0,995.99,997.07
998.7,995.84,997.13
998.7,996.21,996.27
998.0,996.06,995.89
997.6,995.18,994.76
997.1,995.22,995.13
997.1,995.52,994.65
997.4,994.57,994.35
997.5,992.94,993.27
997.9,992.78,992.93
997.9,993.23,992.87
998.3,992.86,992.82
998.5,991.6,990.92
998.2,992.2,993.05
998.2,992.76,993.33
998.4,993.99,995.19
998.1,993.17,994.71
998.3,994.27,995.33
998.5,994.0,995.48
998.9,992.62,993.64
999.5,993.96,995.28
1000.0,994.02,994.23
999.8,994.03,993.89
1000.0,994.83,995.66
999.9,995.8,996.11
999.7,996.67,995.87
999.5,996.24,995.1
999.1,995.32,994.53
999.1,993.4,992.67
998.6,993.71,992.19
998.6,993.91,991.58
998.7,993.86,992.36
998.6,993.36,993.49
998.9,993.25,993.99
999.1,993.98,994.09
999.1,992.89,993.52
999.1,991.8,990.7
999.3,993.26,993.05
999.5,993.54,993.17
999.3,993.4,992.77
999.2,993.07,992.11
999.4,993.96,993.42
999.8,994.02,993.76
1000.0,993.88,993.59
1000.6,993.8,993.22
1000.9,993.09,991.8
1001.0,994.27,993.62
1001.2,994.35,994.65
1001.2,995.45,994.57
1001.0,996.06,994.56
1000.7,996.88,994.11
1000.2,996.12,994.32
999.9,993.81,992.22
999.5,991.75,993.42
999.4,992.84,992.24
999.4,992.54,992.18
999.5,993.24,993.36
999.7,993.42,994.03
1000.1,990.95,994.27
1000.3,993.08,994.02
1000.1,992.7,993.28
1000.1,994.08,994.77
1000.0,993.26,993.94
1000.0,993.68,993.46
999.9,993.44,992.66
1000.1,993.43,992.97
1000.4,994.15,993.2
1000.8,992.62,991.81
1001.3,993.28,992.04
1001.2,993.52,992.48
1001.3,994.12,994.25
1001.3,993.69,994.08
1001.5,995.78,994.98
1001.1,995.7,995.44
1001.0,997.21,994.62
1000.7,997.09,994.34
1000.1,994.04,993.32
999.8,993.49,993.59
999.2,992.39,993.09
999.2,994.47,991.76
999.0,993.96,993.29
999.3,994.65,994.07
999.2,993.23,994.16
999.4,992.87,994.83
999.3,993.76,994.09
999.1,994.95,993.69
998.8,993.88,993.22
999.0,994.48,992.95
998.7,994.45,993.76
999.3,995.11,993.58
999.2,993.71,993.6
999.7,994.13,993.78
999.4,995.47,994.02
999.4,996.37,994.53
999.8,996.2,995.04
999.7,996.03,994.6
999.3,996.2,994.18
998.6,996.46,994.0
997.9,996.81,994.28
997.4,996.34,993.93
996.9,996.47,994.98
996.8,995.88,993.61
996.7,995.47,994.58
996.5,995.17,994.79
996.4,995.46,994.93
996.5,994.52,994.16
996.4,993.78,994.42
996.1,992.55,993.91
995.9,994.44,994.39
995.6,993.0,993.54
995.2,994.57,995.24
995.1,994.0,994.63
995.3,992.78,994.25
995.5,992.83,993.77
995.5,994.14,993.68
995.8,994.56,995.27
996.2,994.34,994.16
996.3,993.79,996.93
996.4,994.83,996.39
995.9,996.31,997.34
995.8,997.39,997.5
995.7,996.23,996.74
995.5,996.35,995.97
994.6,993.99,994.18
993.8,995.51,995.76
993.6,992.65,993.5
993.5,993.05,993.59
993.4,991.1,994.19
993.4,993.3,993.95
993.7,993.12,993.01
993.7,992.63,995.15
993.9,992.5,993.6
993.9,992.93,993.42
993.7,994.08,993.39
993.8,991.29,994.4
993.7,993.52,994.39
993.7,993.13,994.68
993.9,991.83,994.76
994.0,991.79,994.93
994.0,993.87,995.14
994.3,994.71,996.71
994.4,995.38,996.76
994.4,993.76,996.44
994.0,994.2,996.27
993.3,994.88,994.93
992.7,994.61,994.62
992.2,992.64,992.37
991.8,993.82,994.61
991.1,992.15,991.89
990.8,993.05,992.33
990.4,993.08,991.4
990.1,992.44,991.46
989.8,992.72,991.39
990.1,993.61,992.15
990.0,994.31,991.22
990.1,993.25,991.6
990.2,991.81,990.81
990.1,991.59,989.95
989.6,992.44,991.0
989.4,992.42,990.44
990.3,993.97,991.62
989.9,991.61,993.05
988.9,994.78,992.81
988.8,992.94,991.98
988.7,992.64,990.46
988.9,993.26,992.38
989.0,992.69,992.7
989.1,994.9,994.48
989.1,991.46,989.37
988.9,993.37,991.03
988.8,992.22,991.22
989.1,994.84,992.46
989.1,995.2,992.25
989.3,994.12,992.6
989.3,994.0,992.67
989.7,993.24,992.18
990.2,990.42,992.18
990.8,993.28,991.75
991.1,990.66,992.34
991.5,992.5,993.76
991.5,992.82,993.97
991.7,993.14,993.39
991.5,994.07,993.77
991.2,993.25,994.37
991.7,994.14,993.32
992.7,994.14,993.27
993.1,994.08,994.03
992.9,992.91,993.38
992.9,993.95,993.73
992.6,996.3,995.46
992.8,994.95,993.53
993.3,995.52,994.72
993.0,996.7,994.98
992.8,997.02,994.27
992.4,994.15,993.49
991.5,991.73,991.9
991.2,991.76,991.76
991.1,993.41,992.23
991.6,989.24,992.73
991.6,990.88,992.72
990.9,991.44,994.17
990.6,992.6,994.3
990.2,993.98,994.66
990.4,991.32,995.11
990.0,992.47,995.73
990.1,993.71,994.97
990.5,993.03,992.49
990.7,993.42,992.5
990.9,993.38,992.43
991.3,991.01,992.42
991.0,995.66,993.87
990.4,994.2,993.11
990.4,995.01,993.08
990.2,993.2,991.44
989.3,994.71,991.67
990.1,994.07,991.25
990.4,992.98,991.39
990.9,993.95,991.92
991.9,992.35,989.76
992.7,992.13,990.29
992.9,991.06,992.77
993.7,992.31,995.08
993.8,991.24,995.52
994.2,991.18,995.87
994.3,991.71,997.76
994.6,991.77,997.45
994.4,990.71,997.3
994.5,991.63,998.3
995.0,992.6,998.96
995.0,992.19,998.98
995.4,992.36,997.19
995.4,993.67,999.52
995.6,993.73,997.87
995.5,993.94,995.36
995.7,995.3,996.93
995.3,993.84,996.52
994.9,994.85,996.65
994.6,994.7,997.5
993.7,995.02,997.65
993.2,994.89,998.08
992.7,994.52,997.47
992.2,994.62,997.75
992.0,994.01,996.47
992.3,993.66,996.0
992.2,992.77,995.21
991.7,991.92,992.25
990.8,992.4,992.83
990.6,991.72,991.42
989.7,992.18,992.09
989.3,992.36,991.91
988.7,992.26,992.4
988.5,992.59,992.39
988.3,992.79,992.44
988.3,992.92,991.36
987.9,991.78,992.94
987.4,993.15,992.43
986.9,994.38,996.49
986.8,993.1,994.6
986.4,993.03,995.89
986.3,992.31,993.88
985.9,992.2,994.97
985.8,991.87,995.4
985.8,992.97,996.78
986.6,993.02,997.74
987.1,991.89,996.94
987.5,992.65,997.11
988.1,991.85,995.19
988.4,990.2,994.85
988.7,992.46,994.77
989.1,992.76,994.62
988.9,991.74,994.89
989.2,992.15,995.85
989.4,993.2,995.73
989.7,992.78,995.12
990.2,993.02,994.93
990.3,993.11,994.76
991.4,994.16,995.94
992.0,993.33,995.16
992.5,994.1,996.33
992.7,993.32,994.61
993.1,994.18,995.2
993.1,996.31,995.82
993.2,995.76,995.28
993.1,996.04,995.39
993.0,996.46,995.3
993.1,995.72,995.54
993.4,995.63,996.47
993.4,995.97,996.29
993.9,994.76,996.42
993.8,992.99,995.03
994.3,993.61,995.39
994.7,994.4,995.57
995.1,994.68,995.97
995.1,991.23,995.86
995.0,991.4,996.57
994.7,994.21,997.0
994.7,994.61,996.61
994.8,995.19,996.64
995.1,994.29,996.32
995.5,994.5,996.78
996.1,995.1,997.39
996.7,995.73,997.82
997.0,991.33,996.55
997.3,995.99,998.59
997.7,996.38,998.73
997.8,996.63,998.69
997.6,996.74,998.52
997.3,996.49,998.76
996.4,997.4,998.75
996.1,995.73,999.02
995.8,995.92,998.79
995.6,995.16,998.36
995.4,994.9,998.53
995.1,994.11,997.01
995.4,994.34,997.58
995.5,993.05,997.67
995.5,993.18,997.39
995.1,993.1,998.52
994.8,993.16,998.43
994.0,992.93,998.11
993.6,992.4,999.27
993.0,992.21,996.57
992.8,992.24,997.43
992.8,992.19,998.64
992.7,991.38,997.94
993.0,991.53,996.73
992.9,991.41,994.07
992.3,990.96,997.49
991.7,991.65,998.15
991.4,991.88,998.06
990.7,991.61,997.24
989.4,990.8,993.73
988.6,991.43,995.87
988.4,990.98,994.19
988.4,991.0,995.98
988.2,991.51,998.89
988.5,991.15,999.09
988.8,990.27,995.88
989.0,990.3,998.21
988.9,988.6,991.87
988.8,990.52,994.37
988.8,990.28,996.46
988.7,989.8,995.17
988.4,989.75,996.94
987.9,990.44,997.89
987.7,990.47,994.22
987.6,990.71,996.17
987.8,991.68,995.3
988.2,991.35,995.34
988.7,991.6,999.29
989.4,991.33,996.1
989.6,991.91,998.43
990.2,991.58,996.16
990.5,991.91,996.58
990.9,992.23,996.93
991.0,990.92,994.34
990.9,991.64,996.38
990.9,990.47,994.51
991.0,990.57,995.57
991.2,990.44,992.25
991.4,991.3,996.28
991.8,990.87,994.11
992.1,990.65,994.34
992.5,989.94,993.19
992.7,991.71,994.46
993.0,992.49,993.88
993.1,991.76,993.46
992.9,992.65,995.45
992.9,992.97,995.39
992.8,992.77,995.51
993.1,993.02,995.28
993.5,992.21,994.46
994.0,992.59,995.52
994.3,992.52,996.13
994.8,992.74,995.96
995.2,992.51,996.1
995.7,991.9,996.41
995.9,992.11,995.3
996.0,992.71,996.45
995.9,992.28,996.2
995.4,992.35,996.63
995.2,992.8,996.0
995.4,992.6,994.9
995.2,992.23,994.06
995.2,992.56,996.62
995.6,993.13,995.79
995.7,991.58,993.76
995.5,992.96,994.33
995.6,991.32,993.86
995.4,991.16,994.83
995.2,993.65,995.16
995.0,993.7,995.32
994.8,992.61,994.55
994.6,993.5,995.75
994.5,992.65,995.92
994.8,993.34,996.6
995.0,993.61,996.17
995.6,994.47,996.62
995.8,994.66,997.04
996.2,995.38,996.41
994.3,995.31,996.96
994.1,993.47,994.26
993.9,994.29,994.4
993.8,994.02,994.52
993.8,993.67,993.91
994.0,993.28,993.85
993.7,993.88,994.36
994.3,993.41,994.6
994.4,993.01,994.99
994.4,992.32,993.84
994.5,990.26,994.54
994.3,992.12,993.91
994.0,993.69,994.64
993.3,991.73,993.32
993.2,992.34,993.8
992.9,992.31,993.0
993.4,993.12,995.34
994.7,991.72,992.44
995.7,993.23,991.97
997.0,993.99,991.58
997.4,994.2,993.17
998.4,995.48,994.68
998.5,996.1,995.55
998.5,995.7,996.52
998.4,996.2,996.65
998.3,994.81,995.96
998.3,995.17,998.37
998.2,995.37,998.47
998.3,995.36,995.36
998.7,995.01,993.48
998.8,995.91,994.73
999.0,995.82,995.63
999.2,995.49,995.42
999.5,996.07,995.84
999.2,997.44,997.62
999.4,996.42,997.07
999.0,997.23,998.71
998.6,997.64,998.95
998.4,997.58,999.57
998.6,997.55,999.69
998.7,998.2,999.02
998.7,996.83,999.99
998.8,998.13,1001.28
998.6,997.02,1000.59
998.2,995.76,999.61
997.6,996.95,999.74
996.6,994.87,997.86
995.5,997.35,999.56
994.7,996.3,997.85
994.1,994.5,993.44
993.5,994.63,990.91
993.1,994.58,990.47
993.1,993.96,993.02
993.2,994.52,993.51
993.2,994.94,993.99
993.5,995.45,994.42
993.6,995.05,994.86
993.9,994.83,994.93
993.8,995.85,995.34
994.5,995.02,992.38
994.1,995.65,992.93
994.4,996.51,994.33
994.6,995.2,990.9
995.0,995.95,992.23
995.6,995.5,991.11
996.5,995.74,993.17
996.8,995.83,995.56
996.7,995.73,995.11
997.0,998.13,995.08
996.8,995.79,990.7
996.7,997.39,993.09
996.9,996.08,991.87
997.0,996.97,992.63
997.4,996.03,992.72
997.8,995.79,994.11
998.0,995.19,993.44
998.3,994.46,992.63
998.7,994.96,993.77
999.2,995.07,994.84
999.9,994.71,995.21
1000.2,995.09,995.38
1000.5,994.33,995.25
1000.3,994.92,995.63
1000.8,994.82,997.04
1000.8,994.32,997.07
1001.5,993.92,997.65
1002.2,994.57,998.51
1002.6,993.62,995.95
1002.5,993.95,995.88
1003.0,994.45,998.15
1003.4,994.58,998.89
1004.0,995.4,998.61
1004.4,995.72,999.4
1004.1,993.25,997.65
1003.9,993.91,997.3
1003.8,993.84,998.52
1003.9,994.03,998.88
1004.2,994.45,999.22
1004.4,994.12,998.38
1004.7,993.88,998.34
1004.8,994.84,1000.3
1004.7,994.11,1000.1
1004.4,993.74,997.93
1004.3,993.43,996.68
1003.7,993.23,997.27
1003.6,992.99,995.87
1003.3,992.32,993.45
1003.0,992.24,996.73
1002.8,992.04,994.93
1002.6,993.3,995.24
1002.5,993.07,994.41
1002.3,993.21,994.37
1002.0,994.14,997.11
1001.9,994.83,997.35
1001.3,994.38,995.15
1000.6,994.15,996.18
999.8,995.24,997.37
998.5,993.77,995.19
996.8,993.48,995.54
995.4,992.08,991.77
994.1,989.59,989.01
993.2,990.82,991.76
993.2,989.68,990.35
992.9,990.84,991.18
992.7,991.76,992.08
992.3,991.06,992.71
991.7,991.61,991.54
991.6,991.97,992.65
991.3,992.06,992.68
990.7,991.62,994.23
990.2,991.99,992.3
989.9,992.09,991.78
990.2,992.02,991.69
991.2,993.2,993.08
992.1,994.84,992.84
992.8,995.5,993.2
993.0,995.55,993.8
993.3,996.31,995.85
993.3,994.48,994.3
992.9,995.2,991.2
992.4,994.17,990.88
992.4,993.65,989.47
992.3,994.66,990.73
992.6,994.55,990.53
993.1,994.31,990.42
994.1,994.94,992.49
994.9,994.89,991.8
995.8,996.36,993.87
996.5,996.38,994.36
997.0,995.54,993.59
997.4,996.24,991.95
997.9,997.4,994.06
998.0,995.68,993.48
998.0,996.25,993.22
998.2,996.89,992.99
998.5,997.48,993.91
999.0,997.67,993.11
999.5,998.01,991.01
999.6,997.78,993.09
999.7,998.47,995.63
1000.2,998.29,998.28
1000.3,995.65,1000.9
1000.3,999.65,1001.64
1000.4,999.12,1001.18
1000.3,999.68,1001.49
999.6,997.1,997.79
998.9,999.47,1001.08
998.1,997.68,998.55
997.7,997.9,997.14
997.5,997.71,996.61
997.4,996.36,996.86
997.2,996.01,996.18
997.6,996.89,996.12
997.7,997.79,997.08
997.9,996.52,996.56
997.8,997.49,998.1
997.8,996.68,998.86
997.5,998.12,999.57
997.4,996.79,999.2
996.9,996.73,999.39
996.7,997.17,998.19
996.7,997.41,998.64
997.1,998.11,999.23
997.3,997.31,999.61
997.4,997.47,999.15
997.4,997.29,999.17
997.1,997.37,999.53
996.9,995.33,997.08
996.4,995.27,996.93
995.8,994.38,994.07
995.2,994.7,995.38
994.7,993.33,989.17
994.3,993.59,990.94
994.6,995.58,992.86
994.7,996.12,993.61
995.1,996.38,993.34
995.5,996.16,995.63
995.8,996.32,997.77
996.0,996.54,996.77
995.9,994.89,997.45
996.2,995.38,997.67
996.4,994.52,996.41
996.6,994.96,996.87
996.4,994.6,994.87
996.7,994.98,995.91
997.1,995.41,998.86
997.5,993.96,998.46
997.7,998.38,997.57
998.0,996.71,998.97
998.1,997.87,999.43
998.4,998.2,999.87
998.7,998.43,998.68
999.0,998.41,999.78
998.9,997.15,997.94
998.5,997.35,1000.71
998.4,996.29,998.85
998.3,996.07,998.11
998.3,996.23,999.95
998.4,995.81,1000.46
998.9,995.15,999.0
999.1,995.63,1000.04
999.4,994.65,999.12
999.5,995.55,1002.05
999.8,995.07,1001.33
999.8,994.58,1001.01
1000.1,994.8,1002.02
1000.3,994.01,999.73
1000.2,994.73,1000.8
1000.4,994.4,997.28
1000.9,993.99,996.43
1001.3,994.53,998.73
1001.6,994.42,998.52
1002.1,994.87,996.93
1002.6,994.42,995.48
1002.9,996.45,1000.2
1002.9,997.61,1000.36
1002.4,997.55,1000.6
1002.2,996.79,999.46
1001.6,996.72,999.85
1001.3,997.22,999.14
1001.0,997.48,999.27
1000.9,996.75,998.71
1001.0,995.92,998.21
1001.3,995.09,996.75
1001.2,993.9,996.51
1000.9,995.42,997.89
1000.9,993.85,997.14
1000.8,994.47,997.87
1000.6,993.28,998.5
1000.2,994.4,998.73
1000.1,995.17,998.63
999.9,995.03,998.43
999.8,994.74,998.22
999.8,995.21,997.08
999.8,995.28,997.42
999.8,994.51,993.93
1000.0,994.25,995.58
999.9,994.96,996.97
999.6,993.78,994.04
999.4,993.83,994.55
998.8,993.34,994.27
997.7,991.33,991.5
996.8,990.8,991.56
996.0,989.43,988.26
995.2,990.63,990.68
995.4,988.9,989.23
995.4,989.74,990.17
995.6,990.87,991.37
995.5,991.3,991.72
995.7,992.1,992.22
995.7,992.66,991.39
995.4,992.07,990.15
997.0,993.82,989.56
997.6,994.1,991.2
997.8,994.56,992.25
997.4,995.07,993.91
997.4,994.87,997.63
997.4,993.65,991.06
997.3,994.79,992.62
997.1,993.78,994.7
997.3,995.07,997.56
997.5,995.3,995.81
997.0,995.34,995.11
996.4,996.29,993.57
995.8,997.22,992.72
995.0,995.99,991.6
993.8,996.02,993.34
992.6,996.17,995.07
992.2,995.59,997.07
992.6,994.61,997.01
994.1,991.45,991.85
993.0,992.49,996.7
991.2,991.8,993.65
990.4,991.67,993.41
990.1,992.6,995.62
990.0,993.23,996.31
989.4,993.33,996.68
988.8,994.46,998.03
988.3,992.95,995.33
988.1,992.58,995.13
988.6,993.91,998.16
988.7,994.09,996.95
988.8,993.21,996.47
989.1,994.07,995.97
988.9,994.55,997.46
988.6,993.92,995.53
988.7,994.6,995.8
988.7,995.88,998.23
987.7,994.74,995.28
986.9,993.09,989.58
987.9,995.66,996.03
989.4,995.88,993.17
989.8,995.86,992.77
990.6,997.04,997.52
991.1,997.04,996.29
991.4,997.74,997.9
991.2,996.62,996.38
991.7,996.12,996.34
991.8,995.8,995.15
991.8,996.15,996.04
991.6,995.82,995.09
992.3,995.28,995.02
993.0,995.89,997.05
993.8,991.56,990.47
995.1,993.73,992.78
996.4,994.03,992.53
997.1,994.75,994.41
998.4,996.68,995.13
999.3,996.28,995.38
999.4,997.16,997.32
999.5,994.64,991.58
999.7,998.19,1000.17
999.1,996.45,995.86
998.5,996.67,997.62
998.4,997.19,998.01
998.2,996.21,996.0
997.8,998.12,996.3
997.6,997.6,998.99
998.3,994.78,995.78
998.2,996.14,996.47
998.0,996.18,996.52
998.1,995.17,994.06
998.0,996.15,995.69
997.9,996.78,995.19
997.7,995.28,994.89
997.7,995.09,996.49
997.9,993.24,994.65
997.9,994.35,990.91
998.7,994.3,997.65
998.8,992.12,993.78
999.1,995.56,995.06
1000.0,995.2,992.16
1000.7,994.08,991.04
1001.3,993.97,993.31
1002.4,996.31,998.86
1003.4,994.07,991.8
1003.2,994.78,993.11
1003.5,993.97,991.29
1003.9,993.55,996.72
1003.8,994.74,993.26
1003.8,994.9,993.84
1004.6,993.35,989.93
1005.6,993.97,993.97
1005.2,995.78,995.39
1005.6,995.55,993.93
1005.8,996.97,996.28
1006.2,996.03,993.75
1006.2,996.15,996.08
1006.5,996.49,995.29
1006.9,997.36,997.38
1007.0,997.23,996.42
1007.2,997.21,997.79
1007.2,997.67,998.12
1007.4,996.81,997.57
1008.0,995.37,995.68
1008.3,996.74,998.6
1009.2,996.53,998.7
1009.8,997.95,998.66
1009.7,998.9,998.11
1009.3,999.81,998.3
1008.6,999.03,996.43
1007.8,999.73,999.45
1007.3,997.43,996.27
1006.8,997.45,997.73
1006.2,997.65,997.09
1006.0,997.8,996.75
1006.1,997.23,996.57
1005.8,997.04,996.64
1005.6,996.63,997.7
1005.5,997.33,997.49
1005.4,997.94,997.95
1005.4,997.82,998.95
1005.5,998.86,999.7
1005.2,999.08,998.07
1005.4,998.92,997.5
1005.6,998.97,1000.92
1006.0,999.19,1002.38
1006.4,999.77,1002.27
1006.8,998.99,1001.52
1007.0,998.55,1001.31
1007.4,999.56,1002.58
1007.0,998.3,999.73
1006.8,998.31,998.18
1006.0,997.7,996.98
1004.8,997.81,996.65
1004.3,997.29,993.59
1003.8,997.21,993.11
1003.5,995.95,994.1
1003.3,996.46,994.47
1003.7,996.34,995.19
1004.3,996.8,995.76
1004.6,996.56,995.87
1004.9,997.09,996.08
1004.9,998.3,997.65
1005.3,998.62,1000.27
1005.5,997.53,997.56
1005.9,997.61,997.07
1006.0,997.78,998.02
1006.1,998.18,997.29
1006.9,996.25,998.46
1007.5,999.11,998.07
1008.3,997.47,997.77
1009.1,999.2,999.25
1009.7,999.88,1000.6
1010.1,998.56,1000.46
1010.3,997.57,999.76
1010.3,997.78,997.4
1009.7,996.12,995.87
1009.3,997.61,997.84
1009.0,996.26,995.67
1008.8,995.5,995.88
1008.9,995.68,996.12
1009.1,996.75,995.56
1009.3,995.41,996.58
1009.6,996.48,996.78
1009.9,996.57,995.81
1010.0,996.85,996.31
1010.1,996.04,996.71
1010.3,994.54,997.89
1010.2,996.66,998.41
1010.4,996.96,998.01
1010.5,996.56,998.34
1010.5,996.89,997.55
1010.6,997.32,997.79
1010.9,997.4,996.08
1011.3,995.08,994.77
1011.6,994.84,998.33
1012.0,997.19,998.89
1011.6,997.01,997.15
1011.4,996.81,997.87
1010.9,997.76,998.39
1008.8,995.95,996.87
1008.4,995.07,995.39
1008.1,994.25,994.68
1007.9,996.64,993.94
1007.9,994.82,994.4
1007.6,992.9,995.76
1007.6,995.69,995.95
1007.3,993.22,993.21
1007.1,994.93,992.93
1007.3,996.25,993.7
1007.1,995.43,993.94
1006.9,995.1,991.96
1006.7,995.58,991.26
1006.5,995.77,990.22
1006.6,996.33,991.05
1006.5,995.88,989.47
1006.3,994.99,989.16
1006.3,996.44,990.65
1006.3,995.61,991.78
1006.6,996.36,992.46
1006.5,996.5,994.74
1006.2,995.79,994.67
1005.9,994.73,994.59
1005.3,992.43,991.26
1004.7,992.82,992.34
1003.8,992.92,990.85
1003.5,991.76,989.71
1003.1,993.35,991.86
1002.8,993.14,990.53
1002.8,992.76,992.4
1002.6,993.23,991.56
1002.6,993.29,990.7
1002.5,992.98,988.05
1002.4,994.57,989.75
1002.0,993.71,989.84
1001.9,993.9,989.43
1002.4,994.51,989.63
1002.2,995.76,989.96
1002.3,995.61,989.46
1002.6,995.92,989.24
1002.7,996.55,990.29
1003.1,995.48,991.87
1003.3,995.92,991.37
1003.3,996.15,993.52
1003.1,995.03,993.9
1002.8,997.12,996.21
1001.9,994.98,994.26
1001.2,993.43,994.84
1000.4,993.19,994.15
1000.4,992.67,993.53
1000.3,992.14,993.97
1000.1,989.73,996.05
1000.0,992.19,995.62
1000.1,992.11,995.78
1000.3,992.84,995.06
1000.3,992.96,994.98
1000.0,993.22,993.12
999.9,994.1,994.05
999.6,994.6,992.73
999.4,996.32,993.7
998.9,996.1,993.07
998.5,996.15,993.81
999.0,996.02,992.36
998.9,996.38,991.7
998.4,997.0,992.42
998.2,996.31,991.53
998.0,995.53,993.02
997.4,996.66,995.86
996.5,996.62,996.12
995.6,994.63,995.39
994.9,994.99,994.77
992.1,995.16,994.58
992.2,994.5,993.96
991.3,995.38,993.61
991.4,994.28,993.12
992.0,994.47,992.34
991.6,994.29,992.28
991.1,993.73,992.63
990.9,994.31,992.86
990.5,994.32,992.65
990.6,993.99,991.77
991.2,995.37,995.11
991.3,994.97,992.18
991.5,994.79,991.82
991.7,994.78,991.58
992.3,994.79,991.74
992.9,995.19,992.14
1004.3,999.32,993.5
1003.4,998.74,994.9
1002.8,998.93,995.3
1003.2,998.79,994.79
1002.7,996.5,996.35
1002.4,996.73,997.35
1002.7,998.97,997.69
1002.4,998.36,998.07
1002.1,999.59,998.59
1001.8,998.64,999.26
1001.1,998.59,999.52
1001.3,998.91,1000.24
1001.2,996.44,997.87
1001.4,998.61,998.61
1001.3,999.0,1000.58
1001.3,998.6,1001.07
1001.3,997.69,1000.32
1001.2,998.64,999.72
1001.2,998.87,1001.53
1000.3,998.35,998.91
999.8,996.37,996.15
998.8,996.82,996.32
997.5,996.72,995.58
996.9,995.49,995.58
995.9,995.23,994.62
995.3,994.93,993.74
995.0,995.41,994.82
994.4,995.25,994.76
993.9,994.58,992.28
993.8,995.54,994.21
993.5,994.15,992.95
993.3,993.31,991.23
992.5,992.86,991.79
992.0,993.16,992.55
991.6,993.87,994.56
991.3,993.19,993.05
990.9,992.75,992.64
991.1,992.6,991.78
991.2,992.39,991.95
991.3,993.4,994.78
991.8,992.84,991.48
992.5,993.9,993.38
992.8,993.55,992.45
992.6,993.41,992.89
992.5,993.13,992.57
991.5,992.88,992.38
991.3,992.18,993.33
990.8,991.82,993.11
990.4,991.53,992.82
990.7,991.94,993.04
991.1,991.7,993.42
992.1,992.61,993.56
992.5,992.91,994.02
992.9,992.75,992.89
993.4,993.16,992.45
993.6,993.48,992.14
993.9,992.5,993.42
994.1,993.78,992.63
994.5,993.6,992.91
994.7,994.24,993.1
994.9,993.94,991.78
995.3,995.34,993.8
995.8,994.1,992.64
996.0,994.03,991.83
996.4,993.56,990.51
996.7,993.7,991.97
996.6,994.43,992.06
996.5,993.54,989.97
996.2,993.52,992.19
994.9,992.02,989.3
994.1,994.91,995.51
993.1,992.93,993.55
992.3,991.69,992.77
992.4,992.19,993.06
993.0,992.01,993.82
993.0,993.43,994.27
992.6,993.84,994.86
991.9,993.16,995.39
991.6,994.06,995.53
990.7,994.28,994.42
989.9,993.1,994.24
989.0,993.83,993.21
988.7,993.73,993.14
988.1,993.49,992.21
987.5,994.01,992.38
988.8,994.67,992.92
988.8,994.24,991.24
988.1,993.66,992.74
987.6,993.57,991.26
983.9,992.28,991.34
987.0,993.44,991.94
987.8,994.71,994.44
987.2,994.28,993.16
987.4,992.98,989.18
987.6,993.99,990.59
988.4,995.64,995.2
989.4,996.02,992.99
990.1,995.87,993.15
991.1,997.27,992.85
992.1,996.65,990.01
993.0,996.96,990.27
993.9,997.22,990.29
994.4,997.18,990.67
995.3,998.2,994.57
996.3,997.49,995.15
997.2,997.96,993.89
998.0,998.76,996.06
998.9,998.33,995.65
999.5,998.58,996.03
1000.4,999.25,996.29
1001.8,998.65,996.05
1002.4,997.6,993.8
1003.2,997.79,996.14
1004.3,997.24,995.21
1004.8,998.29,997.03
1005.6,999.52,1000.14
1006.0,999.12,999.95
1005.8,997.88,996.9
1005.4,999.25,997.79
1005.1,998.67,997.77
1004.8,998.17,997.3
1005.3,997.85,997.75
1005.7,997.33,996.29
1005.8,996.42,995.05
1005.7,996.82,995.46
1005.8,996.45,995.64
1006.3,996.86,995.73
1006.6,996.77,995.91
1006.9,994.55,994.7
1007.0,994.69,995.11
1007.0,995.66,996.78
1006.9,994.94,996.51
1007.3,995.42,995.99
1007.7,995.49,997.38
1008.0,996.81,997.27
1007.7,996.42,997.7
1008.4,997.5,998.48
1008.7,997.16,998.31
1008.5,997.41,997.88
1008.5,997.24,998.23
1008.3,997.54,999.26
1007.5,995.07,992.51
1006.9,997.52,998.94
1006.5,995.94,997.02
1006.2,995.27,995.98
1006.3,994.21,996.44
1005.8,994.28,989.88
1005.7,995.14,993.42
1005.3,994.42,992.31
1005.2,995.21,992.22
1005.1,996.09,994.7
1004.8,995.3,993.22
1004.0,995.49,992.61
1003.4,995.12,991.12
1003.2,995.53,992.61
1002.7,996.01,995.04
1002.2,995.49,994.58
1001.8,995.29,993.52
1001.4,994.95,991.92
1001.0,994.51,992.36
1000.8,995.95,996.35
1000.4,995.35,994.36
999.7,995.42,994.6
998.5,995.14,993.48
997.4,995.2,994.43
996.3,995.07,993.65
995.0,993.99,993.13
994.3,994.0,994.2
993.3,994.0,994.54
992.7,993.59,994.0
992.5,993.62,994.07
992.9,994.57,994.68
992.7,991.01,993.38
992.5,991.06,993.45
992.2,993.91,995.22
992.1,993.86,995.99
991.5,993.23,993.82
991.6,992.3,993.51
991.8,993.24,995.82
991.8,992.37,993.55
992.0,992.3,993.46
992.0,991.46,991.18
991.5,992.48,993.24
991.1,992.63,992.07
990.0,992.61,993.25
989.4,992.1,993.07
990.1,992.4,993.14
990.4,991.71,991.75
990.4,991.96,993.31
989.9,992.27,994.31
989.4,992.89,994.71
990.1,992.79,995.21
989.9,993.29,995.95
989.9,992.81,994.95
990.0,993.85,996.16
990.2,991.74,993.09
989.9,992.65,993.79
990.4,993.41,995.03
989.3,993.07,995.13
988.7,992.38,993.42
987.9,991.99,993.28
987.4,992.95,995.19
986.4,992.89,994.9
986.4,994.05,995.6
986.1,991.82,993.41
986.4,992.38,995.06
986.5,991.4,991.8
987.1,992.37,993.83
987.4,992.31,994.92
987.3,992.05,994.35
986.8,993.15,995.95
986.1,993.38,995.4
984.9,992.95,995.26
984.8,993.69,995.85
984.1,991.77,994.18
983.8,992.84,995.53
983.6,992.76,995.8
983.7,992.54,995.74
984.7,993.07,994.43
985.0,992.04,993.39
985.9,991.82,991.71
986.9,993.02,994.28
987.1,992.32,993.35
987.8,991.65,991.34
988.4,992.68,992.54
989.0,993.59,993.53
989.8,993.13,993.68
990.7,993.56,992.53
991.4,995.61,994.21
992.3,993.73,991.8
993.2,994.72,994.57
994.5,995.92,993.98
995.7,996.63,996.47
996.4,996.91,995.46
997.3,995.74,994.14
997.6,995.42,993.09
997.7,995.58,992.76
998.5,996.49,994.41
998.6,996.01,992.21
999.6,996.13,995.88
999.7,996.73,996.9
1000.3,997.05,997.62
1000.9,995.58,996.82
1001.4,994.53,994.46
1001.6,992.83,989.11
1002.0,994.18,993.9
1002.7,995.06,997.7
1003.1,994.81,994.35
1003.5,995.19,995.18
1003.8,996.22,995.76
1004.3,996.5,996.0
1004.8,996.19,995.29
1005.0,995.43,995.96
1005.3,997.03,995.78
1005.6,996.45,995.52
1005.8,995.55,996.34
1006.7,997.09,997.78
1007.1,997.79,998.08
1007.0,996.83,998.67
1006.8,995.84,995.79
1005.7,996.46,995.97
1005.0,998.01,999.46
1004.5,996.49,997.74
1004.2,996.24,997.31
1004.1,995.46,994.79
1004.1,995.15,996.26
1004.1,995.28,996.56
1004.1,995.82,995.36
1003.6,995.88,995.24
1003.6,996.67,996.95
1003.3,996.14,997.6
1003.0,996.42,996.98
1003.0,994.77,995.53
1002.7,995.55,995.91
1002.8,995.56,996.1
1002.8,994.7,995.58
1002.9,994.75,995.36
1003.2,995.0,995.03
1003.1,995.31,995.2
1003.7,995.2,994.5
1004.3,995.22,993.96
1004.0,996.42,997.37
1003.6,995.74,996.46
1003.7,996.13,993.11
1002.9,996.11,992.82
1002.6,997.02,994.66
1002.9,997.12,995.28
1002.9,995.35,994.51
1003.3,996.34,993.36
1003.8,996.43,993.89
1004.3,994.78,994.01
1004.5,995.81,998.14
1005.0,994.08,996.65
1005.0,994.32,997.05
1005.3,994.59,997.77
1005.6,994.56,999.04
1004.8,993.81,1003.29
1004.7,993.49,998.3
1005.0,993.32,996.7
1004.8,993.47,995.66
1004.7,993.45,996.22
1004.3,994.58,999.07
1004.4,994.56,995.17
1004.5,993.91,991.57
1004.3,994.8,995.81
1004.1,995.02,995.38
1004.4,995.6,996.1
1003.7,996.29,997.47
1002.5,995.75,995.71
1001.5,995.28,995.24
1001.0,993.79,991.94
1000.2,994.53,994.23
999.0,995.49,996.67
999.0,993.57,993.11
998.4,994.73,994.27
997.7,994.97,993.63
997.5,995.72,995.92
996.7,995.24,994.59
996.1,995.78,992.65
994.9,993.4,992.08
994.2,993.15,988.9
993.1,993.09,988.29
992.3,993.5,988.69
991.5,992.49,989.93
991.1,992.89,990.2
990.8,992.79,989.77
990.5,992.19,987.74
990.4,992.17,989.15
990.0,992.16,991.03
989.5,994.74,995.49
989.0,993.87,992.43
987.4,993.65,994.16
986.0,992.61,994.99
984.9,993.97,995.21
985.2,993.87,990.58
986.2,994.21,991.26
987.1,994.72,993.23
988.1,993.8,991.94
989.2,994.67,995.83
989.8,993.43,990.75
990.2,995.11,996.58
990.5,994.32,995.35
990.4,994.99,995.38
990.5,994.11,994.23
990.5,993.49,994.62
990.4,993.73,993.34
990.4,994.23,995.35
990.1,995.3,996.48
989.9,994.57,994.71
990.1,994.55,994.43
990.0,994.73,995.11
989.9,993.69,992.46
989.9,994.71,996.77
989.7,994.99,996.4
990.5,995.36,995.94
990.8,996.12,996.91
991.1,995.62,994.46
991.8,997.13,1000.21
992.7,996.94,997.76
994.2,993.89,994.63
995.5,995.19,992.84
997.1,995.71,991.83
998.3,997.29,993.68
998.9,995.99,991.84
999.4,995.54,995.94
999.9,994.32,1002.07
1000.8,994.5,999.33
1001.3,993.34,999.67
1001.8,994.32,1001.75
1001.8,993.25,998.33
1002.0,993.98,1002.1
1002.7,992.95,997.66
1003.2,995.51,1002.99
1004.4,994.07,1000.84
1004.8,995.78,1001.53
1005.5,995.4,997.71
1006.5,995.25,997.6
1007.0,995.2,997.42
1007.2,995.84,996.72
1007.0,995.9,996.0
1006.2,995.87,994.35
1005.6,997.13,998.73
1004.8,996.7,997.56
1004.9,996.59,996.77
1004.9,994.93,993.42
1004.3,995.9,996.68
1004.3,994.72,993.01
1004.8,995.64,993.27
1005.2,995.05,991.6
1004.5,994.59,990.78
1004.7,994.82,990.59
1004.8,995.73,994.35
1004.7,995.63,993.59
1004.5,995.66,993.37
1003.4,995.67,994.05
1002.9,994.82,991.31
1002.9,995.64,993.58
1002.7,995.1,993.44
1002.5,994.56,992.81
1002.2,995.6,994.85
1002.1,995.68,995.84
1001.2,995.35,991.68
1000.4,996.5,996.32
998.5,995.56,993.77
996.9,995.86,994.48
996.1,996.03,994.92
995.2,996.31,996.16
994.7,994.42,991.4
993.7,994.62,993.23
993.0,995.47,995.92
992.5,994.03,992.71
992.8,993.78,991.99
992.2,993.86,990.56
991.3,992.84,988.06
988.8,991.79,985.17
988.3,992.3,986.23
987.4,992.13,985.82
986.6,991.23,988.36
985.9,991.64,987.09
985.5,992.75,989.28
985.3,992.89,989.2
985.5,992.97,990.29
985.4,992.39,990.75
985.9,992.91,990.06
986.6,992.16,990.83
987.3,993.71,990.47
987.5,993.98,992.77
987.5,993.95,992.85
987.9,993.51,990.93
988.5,994.07,990.31
989.1,993.25,988.3
990.1,993.06,988.55
991.1,993.19,988.87
991.9,994.66,991.08
992.8,993.13,989.41
993.5,994.23,991.18
993.8,994.55,991.31
994.5,994.03,988.94
995.1,992.64,987.15
995.4,994.09,988.52
995.8,994.61,989.02
996.2,993.56,989.54
996.4,995.48,990.57
997.0,995.08,990.47
997.4,994.88,991.74
997.8,995.21,992.36
998.5,995.7,993.15
998.9,995.73,992.68
999.7,995.75,994.02
1000.1,995.2,993.63
999.9,995.33,994.54
999.4,994.77,991.27
999.4,996.64,994.28
999.4,996.94,994.65
999.2,996.91,994.7
999.6,996.72,996.24
999.6,996.27,996.62
1000.2,996.88,995.5
999.9,996.88,995.79
999.9,996.88,996.0
999.9,996.44,996.39
999.6,996.21,995.95
999.5,996.77,995.93
999.1,996.05,995.05
999.7,996.71,995.62
999.7,996.56,995.84
999.8,997.38,996.15
1000.0,993.28,995.83
1000.8,995.37,994.96
1001.0,995.79,997.03
1000.7,996.42,996.95
1000.9,996.42,996.73
1000.8,996.5,996.95
1000.6,996.42,995.23
999.8,996.09,995.07
998.7,996.01,995.49
997.7,996.01,995.72
997.1,995.83,996.26
996.6,995.55,996.49
996.1,995.17,995.73
996.2,996.36,997.73
995.5,994.77,994.82
994.5,996.14,996.11
994.4,995.4,994.87
994.5,994.72,992.39
992.9,994.85,993.83
993.9,994.47,993.28
993.7,994.84,994.48
993.3,995.28,993.88
992.8,995.34,994.6
992.4,996.23,995.96
992.3,994.07,991.66
992.0,994.23,991.47
991.5,994.36,992.27
992.1,993.62,991.61
991.8,995.21,995.3
992.6,993.92,993.08
992.4,993.8,993.7
992.6,994.13,994.0
991.8,992.82,991.73
990.8,994.71,993.57
991.4,991.63,993.97
991.4,994.19,994.2
991.5,994.36,994.65
992.8,993.13,991.63
992.8,993.33,992.34
992.9,993.12,994.16
993.1,993.37,991.85
992.8,993.43,992.3
993.5,992.73,992.9
993.5,993.4,994.35
993.7,993.93,994.87
993.3,994.96,993.99
993.6,993.63,995.02
993.2,994.24,991.64
993.1,993.47,992.34
993.2,993.65,990.18
993.3,993.26,989.37
993.4,993.51,990.47
993.8,993.87,990.01
992.9,993.3,990.48
993.1,993.95,989.73
992.1,992.86,987.94
991.4,993.01,987.83
990.5,993.17,987.57
989.9,992.53,987.44
989.8,991.92,987.06
989.4,991.58,986.4
988.4,991.92,988.55
987.6,992.24,988.66
986.3,992.25,987.97
985.4,991.43,985.23
985.2,991.13,983.93
984.1,991.66,986.48
982.3,991.2,985.72
981.3,991.09,984.51
980.2,991.74,987.46
979.2,990.03,982.0
978.3,990.47,984.59
977.8,992.71,988.46
977.6,991.15,986.47
978.0,992.42,988.72
978.2,992.03,990.02
978.3,992.91,990.8
979.1,993.23,989.69
979.9,993.95,990.05
980.2,993.47,987.78
980.5,992.8,985.23
981.1,994.23,990.43
981.5,993.06,986.84
982.1,992.68,987.59
983.1,995.06,993.95
983.9,993.73,991.48
984.6,995.15,995.82
985.5,994.3,993.67
986.8,994.97,993.96
987.7,995.0,994.15
987.8,996.04,996.42
987.7,997.7,995.64
987.7,996.07,995.58
988.5,997.47,996.28
988.1,996.89,996.5
988.1,996.88,995.92
988.2,996.8,994.95
988.8,995.97,991.49
988.7,996.9,996.21
989.0,997.3,996.8
988.8,997.51,998.52
988.5,997.85,998.18
987.6,999.31,995.07
986.5,999.12,993.93
986.0,997.78,992.5
986.0,998.58,993.7
986.7,998.06,992.17
987.1,997.44,985.65
987.9,996.97,994.87
988.0,996.83,992.67
988.0,997.08,994.45
987.7,998.39,998.26
987.3,997.92,996.64
987.0,997.37,997.33
986.3,997.8,998.02
985.6,998.75,998.91
984.9,996.78,998.49
984.6,996.53,1000.72
984.2,997.81,999.68
984.5,998.14,999.08
984.5,996.7,995.88
984.2,998.81,997.86
984.3,997.67,998.42
984.1,995.84,996.58
983.8,995.94,998.16
982.6,993.92,993.8
982.1,992.15,990.4
981.3,992.24,990.91
981.2,992.64,992.03
982.2,992.98,987.75
983.1,992.61,989.65
984.5,993.4,991.91
986.7,990.13,985.56
988.0,993.77,994.89
989.4,993.04,994.26
989.9,993.09,994.41
990.5,993.62,993.52
990.9,994.39,995.18
991.1,993.87,991.33
991.5,993.24,993.65
992.3,992.69,992.32
992.5,993.34,994.29
992.3,993.16,991.37
992.6,993.71,991.74
992.7,993.13,990.96
993.1,993.37,989.49
993.8,994.05,991.94
993.9,993.13,989.97
994.2,994.35,993.13
993.8,993.4,990.55
993.3,995.34,993.21
992.6,995.23,994.65
993.0,994.56,991.78
993.2,995.65,992.92
993.6,994.56,992.68
994.1,994.59,990.8
994.5,995.04,991.48
994.5,995.43,992.31
994.9,994.73,992.48
994.6,995.24,993.19
995.1,995.7,993.51
994.6,994.13,991.32
995.3,995.1,994.01
994.8,994.89,995.05
995.1,995.36,993.74
995.6,994.84,992.46
995.8,994.52,993.81
996.4,994.93,992.82
996.5,995.36,995.06
996.8,995.85,995.17
997.1,996.7,997.81
997.2,996.85,998.61
997.2,996.09,996.86
996.6,996.07,996.02
995.6,996.16,994.59
995.7,995.97,993.66
995.4,995.96,996.02
994.5,996.65,995.83
995.0,994.22,995.64
995.5,995.23,998.19
995.8,995.52,996.76
995.0,995.23,998.13
994.8,994.66,996.95
994.8,994.78,996.39
994.6,995.68,1001.42
994.7,995.35,1000.22
994.4,995.22,999.85
994.5,994.06,998.0
994.3,995.49,998.46
993.6,994.75,997.03
993.5,995.16,996.85
993.6,994.71,998.06
993.5,994.45,999.0
993.6,995.01,996.32
993.8,993.72,995.77
993.4,995.89,998.25
992.4,995.35,994.55
991.3,993.92,992.36
990.4,994.15,993.29
990.3,992.91,990.61
989.5,993.36,990.04
989.2,994.04,990.5
989.6,992.3,987.74
989.8,993.28,987.82
989.7,993.9,989.15
989.8,993.88,988.58
988.9,993.07,987.96
988.7,993.78,991.54
987.8,993.19,988.4
987.7,993.73,985.36
987.3,994.0,989.64
987.4,995.53,991.32
987.3,993.64,991.18
987.2,994.74,994.32
987.2,995.36,994.97
987.6,994.6,996.75
987.9,996.5,996.84
988.1,993.69,996.95
988.4,995.1,997.33
988.2,995.14,998.11
988.3,994.44,996.56
988.6,995.83,997.33
988.7,995.16,995.61
989.8,993.31,989.64
990.8,994.44,993.06
992.1,994.2,991.76
993.0,995.1,993.82
993.8,995.28,994.44
994.8,995.54,990.96
995.4,997.1,993.95
995.5,996.54,992.89
996.0,996.62,992.74
996.6,997.81,993.11
996.6,997.83,992.91
997.1,997.69,993.97
997.6,998.2,995.07
998.3,997.23,996.21
998.6,998.46,994.13
998.8,999.87,996.36
999.2,998.88,994.31
999.9,998.95,995.9
1000.3,999.19,995.98
1000.5,1000.69,998.7
1000.5,1001.17,1000.83
999.9,1001.52,998.6
999.2,1001.09,998.25
998.7,1001.7,1000.97
998.4,999.92,997.38
998.5,1000.58,998.13
998.2,999.54,996.43
998.3,999.17,998.85
998.2,998.21,996.56
998.3,999.23,999.88
998.3,999.08,999.07
997.9,999.27,1001.21
997.5,998.3,1001.17
997.3,999.54,1000.35
996.6,998.88,1001.33
995.9,999.78,1003.24
996.1,999.68,1003.93
995.3,1000.95,1004.32
994.6,999.87,1003.27
994.4,997.93,1001.27
993.8,999.95,1002.79
993.7,998.85,1000.34
993.3,999.36,998.94
993.5,999.29,997.83
993.1,999.18,996.7
991.9,999.17,997.07
991.5,999.16,996.08
990.1,999.18,996.58
989.8,999.95,998.36
989.6,999.83,997.38
989.3,999.66,998.99
988.9,999.12,999.66
988.7,999.47,999.89
988.9,998.86,996.98
988.8,999.22,996.56
989.1,997.07,995.28
989.0,993.68,994.15
989.3,991.83,989.29
989.7,992.06,990.23
990.2,993.01,990.85
991.0,994.21,994.47
991.1,995.41,996.88
991.4,995.87,994.75
992.3,995.74,992.75
993.0,997.76,995.15
993.7,998.73,998.53
994.6,999.38,999.73
995.0,998.77,997.59
995.5,999.16,996.86
995.5,999.45,996.61
995.5,999.5,996.89
995.3,999.62,996.97
995.6,998.32,996.68
995.6,999.81,998.96
996.2,999.25,998.74
996.7,1000.64,999.19
996.9,999.85,997.65
996.9,999.13,998.45
996.7,998.49,997.64
996.8,998.53,998.39
996.9,999.18,999.62
996.9,999.21,998.3
996.8,999.31,998.74
996.7,997.96,997.4
996.8,998.22,995.77
996.7,999.76,995.98
996.8,998.57,995.04
997.0,1000.14,996.78
997.3,1000.33,995.56
997.7,1000.49,997.71
998.1,1000.18,997.87
998.4,1000.44,1000.7
998.7,1001.95,1001.65
998.4,1003.28,999.64
998.2,1001.74,999.77
998.1,1001.1,998.08
998.4,1001.48,999.97
999.1,999.78,999.81
999.2,1000.31,1000.15
999.5,1002.0,1001.35
999.8,1002.07,1001.25
999.8,1001.25,1001.72
999.9,1001.0,1001.95
999.9,1000.61,1001.34
1000.0,1000.57,1000.31
999.8,1001.22,1002.22
999.6,1001.07,1005.27
999.9,1000.6,1004.13
1000.0,999.72,1003.43
1000.0,1000.79,1004.3
1000.3,1000.72,1004.75
1000.1,1000.23,1003.4
1000.0,999.74,1004.51
999.9,999.84,1005.76
999.8,999.65,1001.67
1000.1,1000.85,1002.33
999.5,1001.43,1002.26
998.7,1000.98,1000.63
998.6,1001.6,1001.92
997.8,1001.23,1000.15
997.7,1000.79,1003.13
997.9,1002.17,1000.68
998.0,1000.57,999.53
998.0,1001.4,1001.46
998.1,1001.16,999.58
998.6,1001.0,1000.29
998.7,1002.41,1001.62
998.7,1002.05,1001.67
999.0,1002.16,998.66
999.1,1003.66,998.32
999.2,1001.9,997.15
999.6,1001.98,1000.39
999.9,1002.45,1000.77
999.9,1002.63,1002.11
1000.3,1001.77,1002.77
1000.6,1001.79,1003.76
1000.7,1001.74,1004.14
1001.2,1002.51,1005.17
1001.5,1001.36,1003.26
1002.0,1001.77,1000.33
1002.1,1000.74,999.48
1001.8,1001.6,999.07
1001.7,1001.89,997.79
1002.0,1001.35,997.98
1002.3,1001.17,995.11
1002.8,1002.23,996.21
1002.9,1001.48,1000.94
1003.6,1001.48,998.51
1003.8,1000.99,1000.52
1004.3,1000.67,999.47
1004.7,1000.69,1000.76
1005.2,1001.95,1002.66
1005.2,999.91,999.84
1004.9,1000.37,1000.15
1004.8,999.54,999.53
1004.7,998.04,999.83
1004.8,999.38,1000.19
1005.0,998.41,1001.35
1005.4,998.85,1002.18
1005.6,997.88,999.28
1005.9,998.36,1000.97
1006.4,999.17,1001.61
1006.6,999.01,1001.06
1006.6,999.02,1000.88
1006.1,998.58,1001.23
1006.3,999.64,1002.94
1006.4,999.69,1002.82
1006.9,999.21,1002.57
1007.7,999.3,1002.3
1008.6,999.91,1004.56
1009.1,998.58,1003.36
1009.6,999.1,1002.03
1009.4,998.47,999.81
1009.4,997.65,1000.45
1009.7,996.62,999.17
1009.8,996.91,997.7
1009.9,997.13,997.15
1009.5,997.03,997.87
1010.1,997.19,998.89
1009.9,996.72,1000.31
1010.3,996.7,1000.89
1010.4,996.67,999.87
1010.6,996.53,1000.52
1010.4,995.88,1000.47
1010.4,996.76,1000.15
1010.5,996.9,998.7
1010.7,998.52,1001.81
1009.8,999.34,999.31
1008.7,998.56,998.13
1007.9,998.24,999.12
1006.8,998.72,997.59
1006.3,999.54,999.03
1005.8,998.25,997.65
1005.1,997.36,997.53
1004.0,997.85,1000.52
1002.9,997.86,1003.68
1001.7,996.88,997.51
1001.4,997.24,998.26
1000.3,997.22,1001.78
999.8,996.61,997.36
998.4,997.22,999.54
996.2,996.6,994.89
995.0,996.65,994.31
992.8,996.7,993.93
991.0,996.88,994.19
989.3,996.85,995.32
988.0,996.15,994.56
986.7,994.9,990.43
985.7,997.17,1000.13
984.8,995.38,992.72
983.9,997.08,996.22
983.9,995.92,988.43
983.5,995.7,989.11
983.1,996.96,990.12
982.3,997.33,990.62
981.6,995.47,987.09
980.9,995.62,991.31
980.3,994.28,987.65
981.4,998.73,995.27
983.6,1001.6,997.53
985.2,1002.29,999.38
986.9,1001.92,999.84
989.2,1000.41,997.22
990.5,1002.23,998.69
992.1,1002.11,996.26
993.5,1004.37,1001.82
995.1,1004.11,1000.84
996.4,1004.0,1001.82
997.4,1003.1,1000.1
998.3,1002.76,1002.0
999.9,1003.3,1003.81
1001.0,1003.65,1004.78
1001.8,1001.96,1002.37
1002.9,1003.46,1004.54
1003.7,1003.11,1000.91
1004.2,1002.72,1000.58
1004.3,1002.48,1000.3
1004.8,1001.85,997.81
1005.2,1002.1,998.84
1005.9,1001.63,998.1
1006.5,1002.58,999.97
1006.9,1002.14,1000.35
1007.2,1001.72,999.47
1007.6,1000.84,998.15
1007.7,1001.2,997.82
1008.0,1001.76,998.14
1008.1,1001.05,995.33
1008.1,1000.74,995.01
1007.8,1000.77,998.01
1007.6,1000.12,999.09
1007.8,999.97,998.66
1007.6,1000.07,999.5
1007.5,1000.18,1000.8
1007.0,999.34,999.08
1006.7,999.8,1000.48
1006.3,999.75,1001.55
1006.0,999.61,1000.79
1006.0,999.93,999.28
1005.4,1001.71,998.58
1004.6,1001.71,995.71
1003.3,1002.28,998.55
1002.5,1001.34,994.21
1001.6,1002.29,997.88
1001.0,1002.16,996.13
1000.9,1001.62,994.38
1000.6,1000.78,993.01
1000.5,1000.13,991.82
1000.4,1000.53,994.84
1000.9,1001.19,996.23
1000.5,1000.5,994.93
1000.2,1000.79,997.9
1000.1,999.64,998.82
999.9,1000.58,998.55
999.8,1000.74,999.45
999.7,1000.25,996.69
999.3,999.92,997.03
998.9,999.48,997.23
998.2,1000.07,994.94
997.3,1000.47,995.76
997.6,999.87,995.92
996.7,1000.71,998.32
996.0,999.54,994.51
994.3,1000.48,998.7
991.9,998.46,990.81
990.8,998.37,989.91
989.5,998.05,988.59
988.5,997.11,989.24
987.5,996.15,988.98
987.2,996.15,988.49
986.7,996.66,989.07
985.9,996.49,989.3
985.9,995.99,990.33
985.6,995.1,988.31
985.8,995.09,989.68
985.8,995.86,989.95
986.3,995.54,989.68
986.4,994.53,986.36
986.2,994.97,989.93
986.3,995.63,991.27
986.6,995.08,990.18
987.2,995.36,990.56
987.2,996.19,993.66
987.6,996.21,994.97
988.0,996.37,995.06
989.3,996.56,996.14
989.7,998.79,997.38
989.3,998.32,994.97
988.6,998.71,995.69
987.9,998.32,995.26
986.9,995.63,994.79
986.5,995.95,995.02
986.1,994.99,994.05
985.6,996.3,994.55
985.3,995.4,990.83
984.5,994.47,990.74
983.9,995.11,995.43
983.2,994.11,991.58
982.9,994.28,991.75
982.8,994.15,991.47
982.5,993.47,989.93
982.0,993.46,988.34
981.2,992.34,988.08
981.2,992.41,985.99
981.0,992.92,986.89
981.1,992.9,989.5
981.4,992.53,987.02
982.1,993.07,988.76
983.2,994.12,991.73
984.8,996.26,995.55
985.5,996.77,996.57
986.1,996.59,994.47
985.8,995.97,994.19
986.4,996.71,992.85
986.9,997.52,994.12
987.8,997.63,994.42
988.2,997.64,992.97
988.7,997.09,993.62
988.8,997.78,993.88
989.5,998.1,994.84
989.6,997.21,991.69
989.8,997.9,994.28
989.8,997.26,991.55
990.4,996.97,992.81
990.8,997.63,994.57
991.1,999.25,995.04
991.3,998.16,998.22
991.2,1000.25,999.48
990.9,999.85,1001.67
991.2,999.43,1001.34
991.6,999.1,998.6
991.7,998.37,997.22
992.0,998.22,999.87
992.2,998.83,1000.68
992.9,998.8,998.3
992.3,998.56,998.32
991.3,1000.16,999.5
991.0,998.55,997.16
991.4,998.47,996.19
991.7,999.24,1000.01
991.9,998.81,999.21
992.2,998.18,997.6
992.2,999.65,999.69
992.6,999.42,1000.87
992.8,998.64,997.92
992.9,999.52,998.78
992.7,1000.64,999.34
992.3,999.84,997.65
992.2,999.61,999.2
991.6,999.58,996.91
991.6,998.89,997.79
991.5,998.63,995.27
991.1,1000.07,997.42
991.1,999.47,996.28
991.3,998.66,994.7
991.2,999.13,995.99
991.1,998.15,998.38
990.9,997.68,995.86
991.0,998.62,997.62
990.3,998.13,998.89
989.8,998.85,998.32
989.8,999.47,996.88
989.7,998.71,996.51
990.0,997.54,996.29
991.6,1001.62,995.73
992.7,1003.43,999.22
993.7,1003.67,1000.9
994.4,1003.31,1001.31
994.7,1001.7,1000.85
995.1,1004.26,1002.59
996.1,1003.81,1002.9
997.1,1004.67,1002.28
997.8,1006.02,1004.24
999.0,1006.05,1004.06
1000.2,1005.07,1005.76
1001.5,1005.74,1003.68
1002.1,1005.37,1004.3
1003.6,1005.68,1004.71
1004.7,1004.71,1005.78
1005.2,1004.23,1006.99
1005.8,1005.72,1009.79
1007.2,1005.51,1009.72
1008.0,1005.84,1009.31
1008.0,1004.68,1007.15
1007.6,1005.44,1008.47
1007.6,1004.69,1006.83
1007.6,1005.44,1009.11
1007.8,1005.89,1009.1
1008.4,1005.45,1010.47
1008.6,1004.37,1011.08
1009.4,1004.71,1010.95
1009.9,1004.61,1010.77
1010.7,1004.48,1009.87
1011.0,1005.72,1010.17
1011.4,1005.39,1008.94
1011.9,1005.57,1010.97
1012.4,1006.24,1010.38
1012.4,1005.57,1010.63
1013.2,1002.56,1008.74
1013.5,1003.35,1009.01
1013.9,1003.27,1011.18
1014.7,1002.36,1011.29
1015.3,1002.36,1010.92
1015.4,1001.95,1009.59
1016.1,1001.15,1007.71
1016.5,1000.57,1010.2
1017.4,1000.52,1009.19
1017.0,1000.16,1006.33
1016.7,998.41,1003.23
1016.3,999.37,1006.92
1015.7,999.13,1002.6
1015.9,999.23,999.9
1016.3,998.42,1000.36
1016.8,996.44,1000.28
1016.3,996.76,999.55
1016.5,996.69,999.62
1016.5,996.95,997.46
1016.3,997.52,998.81
1016.2,995.85,996.52
1016.6,997.69,1000.2
1016.0,997.4,998.13
1015.9,997.69,997.62
1015.7,996.53,995.05
1015.0,996.44,998.59
1014.1,996.53,1000.51
1013.9,995.73,998.91
1013.7,996.18,1000.2
1013.7,995.86,1000.79
1013.9,996.97,999.33
1013.8,996.63,997.91
1013.4,996.49,997.92
1011.9,996.1,991.89
1010.9,996.81,993.22
1009.4,996.93,992.69
1008.4,996.62,993.24
1007.7,996.04,992.66
1006.5,996.07,993.93
1006.8,996.15,992.23
1006.4,995.81,994.45
1006.2,994.32,990.64
1005.8,993.67,989.21
1004.5,993.58,989.01
1003.5,992.52,986.81
1002.8,992.73,989.54
1002.1,993.18,988.97
1000.8,992.8,988.1
1000.3,992.21,988.67
999.9,992.07,986.76
999.3,992.2,985.11
999.2,992.48,985.46
999.4,992.71,985.71
999.6,992.25,986.68
999.9,991.95,987.92
1000.3,992.43,990.44
1000.5,993.01,990.23
1000.0,992.7,989.96
999.4,993.12,989.44
999.1,993.9,991.43
999.0,994.88,992.16
999.3,993.82,991.67
999.6,992.95,991.37
999.7,993.98,990.78
999.7,994.91,992.02
999.4,994.27,991.43
999.3,992.93,989.02
999.0,993.55,989.6
998.1,993.54,988.9
998.1,993.8,989.2
997.5,992.06,988.45
996.6,992.95,989.27
995.0,993.23,989.87
993.7,992.25,987.87
992.7,991.83,988.0
992.0,991.9,984.93
992.1,992.11,984.06
991.7,989.56,983.57
991.7,991.35,983.82
991.6,991.76,984.99
990.9,991.51,983.73
989.8,992.49,987.88
989.0,991.96,987.03
988.3,993.04,985.96
987.7,992.51,984.93
988.8,992.64,986.14
990.3,994.14,989.23
992.1,993.58,986.35
993.4,993.28,983.92
994.4,994.49,988.27
994.3,993.74,985.47
994.6,993.89,987.94
995.3,996.24,990.91
995.8,994.46,985.74
995.8,994.59,986.67
995.6,995.18,984.49
996.5,995.04,987.61
997.2,994.99,987.1
997.7,995.83,990.14
998.5,994.96,987.12
999.4,995.76,989.77
1000.2,997.23,994.48
1000.8,995.73,992.5
1001.8,995.73,991.32
1002.8,996.39,996.12
1002.6,997.33,999.1
1002.5,996.52,998.11
1002.0,996.81,998.33
1001.8,998.21,1000.46
1002.5,997.51,1001.13
1002.4,996.48,999.86
1003.0,996.87,1000.52
1003.2,996.43,1000.29
1003.3,996.15,998.38
1003.5,996.21,1000.4
1003.2,995.2,998.78
1002.5,993.64,999.0
1003.4,996.46,998.45
1003.9,995.82,999.08
1003.4,996.23,998.51
1003.0,996.59,998.29
1002.6,997.81,998.87
1002.0,995.25,995.08
1001.8,995.36,994.88
1002.6,995.58,992.8
1003.2,996.0,993.44
1002.7,996.35,997.95
1003.3,998.59,999.45
1003.9,998.38,1000.01
1003.7,997.57,998.52
1003.1,997.88,997.15
1003.1,997.34,996.72
1003.2,998.52,998.21
1003.7,999.42,997.97
1004.9,998.14,996.18
1005.4,998.82,997.55
1005.8,998.78,996.04
1006.3,999.59,997.21
1007.0,999.98,998.61
1006.9,1000.0,998.89
1006.9,999.94,998.13
1006.8,999.05,994.08
1006.6,999.67,995.43
1006.7,998.49,994.29
1006.9,1000.84,997.11
1006.9,998.76,997.0
1006.3,999.92,1000.77
1006.4,1000.31,1000.01
1005.7,998.49,997.86
1005.3,1000.64,1001.27
1005.5,999.27,1002.65
1005.6,1000.09,1001.77
1004.3,998.87,998.05
1003.5,999.37,999.71
1001.4,999.28,999.34
999.5,997.76,996.97
998.5,997.44,995.04
997.6,997.59,995.25
997.3,996.68,996.64
996.9,996.05,995.41
997.1,996.85,996.3
996.7,994.35,998.1
995.9,993.89,994.4
995.1,992.49,993.19
993.9,993.71,992.1
993.2,994.3,992.66
992.5,993.45,993.09
991.8,991.3,988.12
992.1,994.18,989.97
992.4,994.55,988.89
992.5,994.96,990.94
993.3,992.41,989.54
995.0,993.22,992.13
996.1,993.39,993.95
997.3,991.37,989.88
998.8,991.96,990.76
1000.5,993.24,994.85
1000.9,993.78,995.46
1001.5,991.72,992.72
1002.4,992.73,993.39
1002.9,993.53,994.82
1003.9,993.75,992.42
1005.2,995.58,995.6
1005.7,996.3,1000.83
1006.5,996.4,995.89
1006.9,997.22,996.03
1007.7,997.29,996.32
1007.7,997.04,995.27
1008.0,998.77,997.01
1007.9,998.14,994.04
1007.7,998.23,995.96
1008.0,998.57,995.07
1008.6,999.79,996.2
1009.1,999.15,995.29
1009.2,999.24,996.18
1009.9,999.55,996.71
1010.3,999.8,998.46
1010.5,998.98,999.95
1010.9,1000.04,1003.71
1011.4,1000.43,1004.9
1012.1,1000.94,1003.21
1011.1,1001.37,1004.65
1010.1,1001.22,1002.23
1010.1,999.8,1004.76
1009.6,1000.29,1003.22
1009.7,1002.05,1002.79
1009.1,998.33,1002.48
1009.2,999.75,1004.66
1009.2,999.21,1002.27
1009.0,998.96,1002.27
1008.5,998.4,1002.46
1008.3,999.55,1002.04
1008.5,998.16,1001.48
1008.1,998.36,1002.26
1008.4,1000.76,999.84
1008.5,998.3,1000.83
1008.9,1000.77,1001.13
1008.5,1000.36,999.61
1009.0,998.03,999.73
1008.6,999.37,1000.38
1008.6,999.98,1004.38
1008.5,998.54,1003.15
1008.4,998.28,1000.43
1007.1,997.64,1001.45
1006.0,998.7,1000.09
1005.0,999.12,998.72
1004.9,997.32,997.15
1004.5,997.76,994.46
1004.8,998.07,994.7
1004.5,996.65,994.3
1004.2,996.6,995.62
1003.8,995.76,995.84
1002.9,996.49,996.01
1002.1,996.31,993.34
1001.8,995.74,992.66
1001.2,996.88,994.99
1000.5,996.93,995.0
1000.8,997.72,995.14
1000.3,997.3,994.75
999.5,998.38,994.13
998.7,998.27,994.0
997.7,997.99,996.14
997.5,998.26,999.11
997.4,997.12,995.53
997.3,997.33,1000.9
997.2,996.27,993.59
996.7,997.95,995.58
996.0,996.69,995.41
995.5,996.85,994.96
995.6,996.47,992.05
995.6,996.44,993.92
996.7,996.44,997.52
997.1,996.08,995.38
997.9,996.05,996.53
998.6,995.81,996.54
999.3,996.89,996.94
1000.0,997.29,999.52
1001.0,996.77,998.29
1001.6,995.21,991.95
1002.1,994.99,993.25
1002.4,995.99,994.27
1003.3,996.22,994.34
1003.8,995.3,993.91
1003.9,994.57,994.18
1004.5,994.78,993.22
1005.2,994.5,993.64
1005.7,994.89,994.48
1006.0,995.51,995.13
1006.4,995.89,996.93
1007.0,995.68,997.35
1006.8,995.42,996.84
1006.1,996.11,996.57
1005.8,996.61,997.7
1005.8,996.72,997.72
1005.6,997.34,997.78
1005.5,996.45,998.57
1006.0,997.8,999.38
1006.2,996.65,997.94
1006.4,997.83,998.29
1006.3,995.4,997.71
1005.5,994.38,996.89
1005.2,995.96,997.74
1005.3,995.42,995.88
1005.2,994.18,996.16
1004.9,994.68,998.85
1005.1,993.88,1000.04
1005.1,996.34,1000.66
1005.0,995.82,998.98
1005.3,995.83,1000.62
1005.3,992.45,1000.9
1005.1,996.94,1001.75
1005.4,992.51,1001.39
1005.5,994.77,1000.61
1005.7,996.29,1002.32
1004.9,996.76,1000.44
1004.0,996.08,997.78
1003.2,995.32,997.78
1002.7,994.91,994.33
1003.0,994.36,994.28
1002.6,993.12,992.15
1002.9,994.76,991.19
1003.1,993.62,990.57
1003.0,992.73,989.29
1002.9,993.0,989.45
1002.7,992.47,988.5
1002.6,993.49,990.45
1002.0,993.59,988.0
1002.2,993.41,988.17
1002.1,992.94,986.31
1002.3,992.57,986.39
1002.3,992.53,985.99
1002.1,992.99,986.71
1002.1,991.5,985.23
1002.2,991.99,984.54
1002.2,992.12,987.11
1002.3,992.22,986.7
1002.0,992.01,988.49
1001.0,992.63,989.74
1000.0,992.93,989.92
999.1,992.13,990.16
998.4,992.93,989.89
998.5,993.72,989.83
998.5,992.73,988.52
998.5,993.22,987.88
998.4,991.99,984.01
998.6,992.23,986.11
998.4,992.3,986.46
998.5,992.19,985.78
998.5,992.72,985.04
998.1,993.39,986.38
998.0,994.02,988.88
997.3,993.89,989.52
997.0,993.59,990.71
996.3,993.68,992.39
995.2,993.2,991.46
995.4,993.84,992.61
994.7,992.71,987.32
994.2,993.79,991.03
993.7,993.56,989.45
993.4,993.67,991.58
992.6,994.07,992.21
991.2,993.25,989.8
989.7,993.6,989.58
988.6,993.04,988.82
987.8,992.95,990.67
987.3,992.59,990.55
986.9,992.25,989.35
986.3,991.77,987.94
985.6,992.26,988.15
985.3,992.16,989.76
984.8,992.03,988.54
984.2,992.2,986.96
984.0,991.54,987.57
983.7,989.94,983.57
984.2,991.33,983.7
985.1,992.14,984.58
986.2,993.64,987.5
986.7,992.88,985.83
987.0,992.24,985.37
987.9,993.23,988.27
989.2,991.52,983.79
990.1,992.66,984.82
991.4,992.15,983.38
992.6,992.41,985.59
993.4,992.82,986.32
993.9,993.5,988.11
993.2,993.42,986.48
993.0,994.43,991.19
993.2,993.68,990.14
993.8,994.88,991.54
994.1,994.8,993.08
994.2,993.59,990.37
994.4,992.36,993.36
993.9,992.15,992.98
994.5,995.09,992.78
994.1,993.92,994.57
994.0,994.52,991.9
993.3,995.43,992.17
992.2,993.42,992.18
991.5,993.24,989.59
990.6,995.38,993.35
989.6,994.2,991.22
988.5,994.21,991.83
988.0,994.37,991.63
987.1,992.07,987.95
986.4,993.05,988.6
986.2,993.67,990.39
985.9,993.72,989.31
984.4,992.67,989.47
983.0,992.9,989.1
981.5,992.05,986.28
981.2,992.12,987.1
981.3,991.78,985.44
981.9,992.03,988.25
982.4,992.52,989.93
982.8,991.97,987.37
983.0,992.27,989.54
983.1,994.06,993.42
983.8,993.63,992.52
984.1,994.49,991.73
984.6,994.05,989.84
984.7,993.23,988.57
984.9,993.48,990.2
984.6,994.3,990.79
984.9,993.81,989.01
985.8,994.53,989.91
985.9,993.37,988.76
986.3,992.99,988.9
986.9,992.5,989.17
987.3,992.72,991.78
987.3,992.67,992.05
987.9,993.13,992.81
988.7,993.4,995.13
988.2,993.34,994.12
988.0,994.01,994.14
987.4,994.67,995.39
987.3,996.83,997.48
987.3,995.45,998.67
987.2,996.69,997.55
987.0,994.64,997.97
986.8,995.75,997.79
986.3,994.46,993.96
986.7,994.65,996.14
986.6,994.32,994.83
986.0,994.25,994.12
985.6,995.11,995.09
984.4,992.95,995.2
983.1,994.59,993.48
982.9,993.18,993.09
982.0,992.85,989.59
981.3,993.34,990.26
981.1,993.1,990.16
981.5,993.88,991.36
981.8,993.4,992.31
982.2,992.81,992.3
983.0,992.29,993.53
983.7,993.88,994.89
983.9,993.93,994.71
984.2,992.65,994.17
984.7,993.15,993.15
985.7,992.69,992.49
986.8,991.04,987.42
988.1,993.83,993.99
989.5,993.06,992.51
990.6,995.6,996.04
991.2,995.56,994.42
992.2,995.43,995.4
992.6,994.82,993.84
992.9,997.15,995.81
993.4,996.67,994.0
993.5,995.95,994.64
993.7,995.98,995.18
994.4,995.29,993.69
994.8,998.67,998.24
994.9,996.04,991.54
995.2,997.86,993.66
995.8,997.93,994.58
995.9,997.3,995.89
996.4,999.1,998.4
997.1,998.26,997.6
998.0,997.64,996.92
997.6,998.98,999.81
997.1,1000.11,998.29
997.2,999.15,995.85
997.4,999.2,996.93
997.8,998.57,995.6
998.3,998.84,997.04
999.2,998.71,997.16
999.4,999.08,997.68
999.6,999.01,995.4
1000.1,998.49,997.63
1000.2,999.16,997.87
1000.9,999.86,998.13
1001.1,1000.56,998.22
1000.7,1000.47,998.47
1000.9,999.37,996.04
1001.6,1000.19,997.15
1002.1,999.83,997.86
1001.8,999.96,996.25
1002.2,997.53,999.23
1002.5,999.62,996.3
1002.6,998.74,995.92
1003.2,999.81,1002.07
1004.1,1000.31,1000.85
1003.5,1001.74,1000.56
1002.4,1000.61,998.07
1001.5,1002.09,997.85
1001.4,1001.28,998.7
1001.6,999.89,997.32
1001.5,1000.07,999.6
1001.5,1000.54,999.36
1001.4,995.93,1000.57
1001.2,995.4,999.42
1001.0,997.25,1002.54
1000.8,997.02,1001.84
1001.0,997.37,1001.94
1001.0,998.15,998.54
1000.9,998.6,997.93
1001.1,999.63,997.42
1000.9,999.93,997.21
1000.6,999.39,996.21
1000.8,998.43,995.57
1001.1,1000.39,995.98
1001.3,1000.29,997.18
1001.5,999.08,999.19
1002.4,1001.53,1001.27
1002.7,1000.47,999.87
1002.6,1002.05,1001.0
1002.1,1001.64,999.07
1002.0,1000.94,998.8
1003.0,1001.07,998.94
1003.2,1001.11,1000.13
1003.7,1002.43,1002.5
1004.0,1002.45,1002.61
1003.9,1002.0,1001.83
1004.3,1000.89,999.75
1004.4,1002.35,1000.83
1004.6,1004.3,1001.73
1004.7,1003.38,1001.49
1004.5,1003.39,999.01
1004.3,1002.87,997.7
1005.0,1002.08,998.11
1005.0,1001.75,1000.05
1005.5,1002.39,1002.78
1005.4,1002.28,1003.33
1005.9,1001.46,1005.55
1006.2,1001.2,1003.78
1006.0,1002.29,1005.72
1006.2,1002.62,1006.42
1006.4,1003.19,1002.92
1005.8,1004.41,1006.11
1005.4,1004.37,1002.6
1004.9,1005.12,1003.76
1004.4,1005.03,1005.54
1004.2,1003.54,1002.1
1004.4,1003.73,1003.96
1004.4,1004.9,1004.08
1004.4,1005.21,1004.57
1004.6,1004.34,1005.84
1004.3,1004.25,1004.92
1004.2,1005.57,1003.76
1004.0,1005.0,1004.38
1004.2,1004.9,1003.22
1004.2,1005.14,1003.67
1003.9,1006.07,1003.35
1004.1,1004.91,1003.04
1003.9,1006.31,1003.58
1003.7,1005.59,1005.14
1003.6,1005.81,1005.55
1003.4,1005.92,1006.46
1003.4,1006.49,1009.43
1003.5,1006.18,1009.67
1003.4,1006.42,1009.45
1003.6,1006.36,1008.18
1003.3,1004.07,1005.38
1001.9,1003.55,1004.34
1000.9,1000.25,1001.89
999.9,999.14,1001.64
999.0,998.77,1005.8
999.2,996.02,1003.93
998.5,996.2,1003.62
998.1,995.88,1002.11
997.8,993.57,994.03
998.1,994.11,996.69
997.4,992.22,991.63
997.4,991.89,987.87
997.5,993.55,992.94
996.6,992.48,992.13
996.1,992.81,996.43
996.4,992.61,995.27
995.9,993.61,1002.89
995.8,993.12,999.54
996.1,991.89,992.7
996.1,992.21,999.87
996.9,992.85,1002.64
997.6,992.42,997.12
998.4,992.78,996.76
999.4,993.48,999.37
999.5,993.49,997.79
999.5,991.94,993.05
999.4,993.15,997.67
1000.0,992.43,996.55
1000.5,992.68,995.5
1002.1,991.42,994.86
1002.8,992.78,998.33
1003.8,994.07,999.44
1004.6,996.75,1001.53
1005.3,995.08,997.7
1005.5,996.87,998.54
1006.0,997.53,996.41
1006.3,998.16,999.58
1006.1,998.28,999.07
1006.6,999.72,998.16
1007.0,999.32,999.18
1007.1,999.01,999.19
1006.7,999.6,998.99
1007.2,999.64,1002.87
1007.7,998.68,1002.22
1008.6,998.75,1002.41
1009.3,1000.26,1003.48
1009.8,1000.63,1003.72
1010.0,1000.56,1002.99
1009.7,1000.49,1000.93
1008.8,1001.03,1000.85
1008.2,1001.31,1001.14
1008.0,1001.72,1002.42
1008.0,1000.99,1000.41
1008.4,1000.15,1001.21
1008.9,1000.95,1003.64
1008.9,1001.01,1002.12
1009.0,1001.15,1002.22
1008.9,1001.33,1002.13
1008.9,1000.76,1000.92
1008.8,1000.86,1002.22
1008.7,1001.28,1001.2
1008.1,1001.36,1004.29
1007.6,1001.0,1007.19
1007.7,1000.14,1008.35
1007.3,1000.11,1009.08
1006.7,1001.71,1008.67
1006.5,999.87,1007.07
1006.9,1000.34,1007.72
1006.7,1001.69,1007.77
1006.6,1000.23,1007.96
1006.3,1000.36,1008.25
1006.2,1001.68,1003.97
1005.4,1001.71,998.93
1004.1,1002.83,1002.4
1003.2,1003.19,999.3
1002.7,1003.43,1000.77
1002.6,1002.1,999.24
1002.5,1002.44,999.79
1002.7,1002.83,1000.68
1002.5,1003.53,999.53
1002.6,1003.98,999.73
1002.5,1004.06,999.84
1002.2,1003.65,1001.3
1002.4,1004.09,1000.38
1002.4,1002.83,995.8
1002.4,1002.67,997.09
1002.7,1002.24,996.21
1003.0,1001.75,1000.71
1002.7,1003.01,1002.47
1002.8,1002.01,1000.99
1003.1,1003.28,1000.86
1003.0,1002.92,999.26
1003.1,1002.02,1004.03
1003.6,1002.58,1002.63
1003.9,1003.47,1002.16
1003.1,1003.54,1001.84
1001.9,1004.42,1002.76
1000.8,1003.21,1002.69
1000.4,1003.09,1001.53
1001.6,1000.41,998.57
1000.3,999.81,998.07
999.9,998.65,995.47
1000.5,998.45,1000.65
999.9,1001.06,1004.15
999.5,999.31,1000.39
998.3,999.37,1000.39
997.7,998.68,997.44
997.6,998.1,995.89
996.9,998.67,996.5
996.8,997.55,997.01
996.7,998.32,997.85
996.3,996.54,995.41
995.8,997.55,995.0
994.6,997.11,996.38
994.8,995.96,994.37
994.0,995.64,994.47
994.1,995.36,999.04
993.5,995.07,1000.42
992.9,995.29,999.88
991.6,995.29,999.94
989.9,992.85,998.71
988.7,994.96,997.47
987.8,994.77,997.47
987.1,994.57,997.05
986.4,994.36,999.22
986.0,994.36,999.66
985.8,996.05,998.35
985.4,995.63,997.23
985.0,995.5,997.91
984.6,995.16,995.87
984.5,995.37,994.84
984.5,995.07,998.25
984.0,995.21,997.86
984.0,996.92,999.62
984.5,996.7,999.09
984.9,995.55,999.07
985.0,995.55,998.49
985.7,995.79,1002.25
986.2,996.31,999.18
987.6,996.2,1002.02
988.4,994.77,999.25
989.2,996.23,1002.94
989.5,996.39,1000.36
989.3,997.39,999.98
989.6,998.81,1002.01
989.5,999.81,1002.15
989.5,998.55,1000.13
990.0,999.1,998.6
990.0,997.11,995.8
990.6,996.84,998.44
991.1,998.1,998.59
990.5,998.04,997.76
990.8,998.23,997.21
990.2,996.68,994.37
989.9,997.51,997.36
989.9,997.63,998.99
988.8,997.01,998.55
988.5,997.12,995.68
988.1,996.93,995.89
987.1,996.15,996.2
986.7,996.45,997.27
986.4,995.42,998.86
986.5,994.77,996.11
986.6,996.77,999.17
986.7,994.8,999.48
986.7,993.86,997.59
986.5,993.64,994.78
985.9,994.87,997.4
985.2,993.88,993.26
985.4,992.82,990.2
985.9,993.06,987.78
987.2,995.23,991.83
988.4,995.56,991.98
989.4,997.29,994.7
990.4,997.97,996.33
991.0,998.48,996.89
991.3,998.71,995.52
992.2,998.1,992.54
992.8,998.87,993.15
992.7,999.14,995.69
993.5,999.2,994.53
994.3,1000.94,997.25
994.7,1000.4,998.51
995.0,1001.15,999.08
995.6,1000.22,999.68
996.2,999.78,997.91
996.9,1000.51,998.45
997.7,1000.9,999.18
998.5,1001.87,1000.51
999.2,1002.39,999.18
999.2,1002.38,997.45
998.9,1002.44,999.24
998.6,1001.83,999.06
998.8,1001.81,997.93
999.4,1002.1,998.17
1001.0,1001.6,1002.46
1001.0,1001.65,1003.96
1001.2,1000.55,1002.82
1001.4,1000.49,1004.78
1001.2,1000.07,1002.4
1000.7,1000.1,1002.29
1000.4,999.85,1003.45
999.9,999.86,1004.09
999.2,999.73,1003.32
999.5,999.72,1004.68
999.3,997.67,1001.92
999.7,996.99,1000.55
1000.1,996.69,1001.15
1001.5,996.57,1001.14
1003.1,1000.01,1003.85
1003.7,1004.03,1003.47
1004.0,1003.79,1002.3
1004.2,1004.43,1003.28
1004.9,1003.31,1001.41
1005.9,1003.22,1002.09
1006.9,1003.76,1002.6
1007.6,1001.11,1002.68
1008.8,1002.36,1005.9
1009.5,1001.9,1006.33
1010.2,1002.04,1006.81
1010.6,1002.0,1004.57
1011.1,1001.81,1004.98
1011.3,1002.4,1006.21
1011.2,1001.02,1005.76
1011.0,1001.36,1005.69
1010.9,1001.16,1004.83
1010.7,1002.08,1005.63
1010.3,1002.3,1007.26
1010.2,1001.85,1004.96
1010.2,1000.69,1003.36
1010.3,1000.76,1002.94
1010.5,1000.81,1002.38
1009.9,1001.22,1003.4
1009.2,1002.15,1003.18
1008.0,1003.09,1005.74
1006.9,1002.4,1004.44
1005.2,1003.24,1003.37
1003.8,1001.91,1000.2
1003.1,1002.27,1000.35
1002.6,1000.76,999.9
1001.9,999.39,1003.52
1000.9,999.35,1004.28
998.7,998.37,1003.44
998.2,998.97,1002.44
997.0,998.15,1000.92
996.2,997.79,1000.1
994.6,997.0,998.94
993.0,994.87,995.49
991.6,996.99,999.32
990.8,997.64,1000.05
989.6,996.61,997.77
988.7,996.22,998.32
988.1,995.93,998.69
988.4,996.66,1000.13
988.5,997.08,1000.34
988.5,996.4,995.59
989.3,995.16,995.16
990.1,997.2,998.8
990.4,996.87,994.16
990.5,996.71,990.2
990.8,997.27,989.93
991.2,998.09,990.39
991.7,997.57,989.07
992.4,997.0,988.81
993.4,997.54,993.18
993.9,996.85,993.5
994.3,996.68,995.28
994.5,997.29,996.13
995.0,997.47,996.07
995.2,997.31,995.5
995.1,996.73,997.43
994.8,998.31,1000.91
993.9,998.35,1000.5
993.5,998.25,1002.04
993.2,998.6,1002.84
992.2,998.03,999.87
991.5,997.75,1002.07
990.4,996.71,996.25
989.1,997.3,997.72
987.9,996.7,998.06
987.2,996.87,997.07
986.8,997.82,996.99
985.4,998.86,997.11
983.3,997.53,992.85
980.9,997.24,993.68
980.4,996.24,990.3
979.5,997.23,994.03
979.9,995.95,992.18
979.9,995.96,992.87
980.4,996.11,994.92
980.4,996.62,995.46
980.1,995.99,994.14
980.1,995.92,993.13
980.5,995.26,990.68
980.3,997.05,994.72
980.6,996.02,995.42
981.8,996.91,994.66
982.9,997.59,996.46
984.1,998.86,997.42
984.9,998.62,997.14
986.5,998.22,997.74
988.2,996.07,994.29
989.6,996.07,993.9
990.8,997.97,995.75
992.5,997.56,994.51
993.6,997.91,993.96
993.8,999.14,995.18
993.7,999.5,994.95
994.0,998.52,994.4
994.6,1000.61,999.63
995.3,1000.61,998.95
996.3,1001.76,999.42
997.1,1001.31,999.01
997.8,1003.0,1001.18
998.1,1003.97,1002.47
1012.0,1008.33,1002.22
1011.3,1010.65,1002.58
1010.9,1009.52,1002.68
1010.8,1008.25,1001.87
1010.5,1008.48,1002.24
1010.5,1006.65,1005.6
1010.8,1007.61,1009.64
1010.2,1007.59,1012.52
1009.6,1007.36,1012.61
1009.0,1007.45,1014.01
1008.7,1006.17,1014.79
1008.3,1005.95,1015.25
1007.1,1005.05,1012.4
1006.8,1005.02,1014.48
1005.6,1005.15,1011.92
1004.3,1005.31,1012.11
1003.0,1005.12,1011.27
1002.0,1004.87,1010.71
1000.8,1003.37,1008.99
1000.8,1005.07,1009.49
1000.7,1004.07,1009.2
1000.8,1003.21,1008.32
1000.3,999.05,1010.01
999.8,998.48,1009.64
998.8,999.9,1004.15
997.3,1000.43,1004.3
996.8,1000.69,1002.57
996.6,1000.78,1001.52
996.4,1000.79,1002.2
996.3,996.86,1004.3
996.4,997.13,1005.33
996.5,997.61,1001.65
996.8,997.39,998.92
996.4,998.6,1000.39
996.3,995.55,997.54
996.1,994.54,995.92
995.5,994.4,995.14
994.9,995.1,995.45
994.9,994.74,993.71
994.6,995.15,995.77
994.9,994.48,996.11
995.5,995.21,994.89
996.5,995.1,991.87
997.6,996.38,994.69
998.8,997.0,1001.27
1000.0,998.84,1002.66
1001.2,999.4,1000.32
1002.1,1001.37,999.8
1002.0,1000.53,998.82
1002.0,1002.01,998.25
1002.2,1002.76,998.52
1002.5,1003.48,1000.62
1003.4,1003.39,999.62
1004.0,1000.52,1006.5
1004.8,1003.36,1002.22
1004.9,1002.45,1002.26
1005.0,1001.2,999.52
1005.1,1001.25,1000.91
1005.2,1000.08,1001.22
1005.0,1001.87,1005.02
1004.7,1001.58,1004.91
1004.0,1001.72,1006.16
1004.2,1001.88,1007.41
1004.0,1002.17,1005.43
1003.7,1000.21,1004.16
1003.5,1000.17,1001.94
1003.4,1000.23,1005.15
1003.4,1000.84,1004.08
1003.0,1000.81,1005.28
1003.8,1000.78,1004.38
1003.7,1003.11,1004.89
1003.3,1002.39,1004.53
1002.3,1003.72,1005.09
1001.8,1003.23,1002.58
1000.9,1003.56,1007.06
1000.8,1003.68,1005.29
1000.3,1002.62,1003.13
999.8,1002.62,1003.81
999.4,1000.58,1005.13
999.4,1001.56,1001.8
999.2,1000.01,1004.75
999.3,1000.29,1002.83
998.5,999.18,1000.14
998.0,999.28,997.79
997.3,998.54,1000.75
996.6,998.88,997.1
996.4,998.97,995.05
996.5,999.01,994.46
996.6,998.15,992.51
996.9,998.47,993.76
996.9,999.46,995.26
997.7,998.12,993.27
997.9,998.41,996.25
998.4,998.77,995.96
998.6,998.59,992.85
997.7,997.51,988.18
996.9,998.79,988.7
995.7,996.6,979.87
995.8,997.26,981.73
996.5,997.43,984.31
997.3,999.81,995.01
998.3,998.86,991.88
998.6,998.43,992.41
999.0,998.42,992.14
1000.4,999.77,995.67
1001.1,1001.73,998.3
1001.8,1001.79,998.63
1002.4,1001.71,997.76
1002.9,1001.52,1000.09
1003.4,1000.84,998.1
1004.0,1001.91,998.22
1004.2,1001.26,1000.97
1004.6,1001.97,1002.01
1005.0,1001.93,1001.79
1005.8,1001.66,1001.03
1006.4,1001.28,1001.39
1006.8,1000.84,1001.32
1007.0,1002.35,1002.33
1006.7,1003.18,1000.66
1005.9,1003.07,1000.27
1005.3,1004.41,1000.19
1004.4,1002.07,997.2
1003.9,1002.62,997.57
1003.3,1002.68,999.32
1003.2,1001.33,997.2
1003.1,1001.44,998.14
1003.0,1000.97,1000.35
1002.9,1001.26,1000.92
1002.5,1001.81,1001.74
1001.9,1002.55,1001.56
1001.3,1002.21,1000.39
1000.5,1001.26,999.54
999.4,1001.73,998.74
998.3,1001.0,998.61
997.5,1000.85,999.15
996.8,1000.79,997.63
995.2,1001.04,998.59
994.4,1001.21,999.34
993.6,1002.28,1002.54
992.5,1001.94,1001.76
991.8,1001.88,998.32
989.6,1000.75,992.87
987.7,999.8,992.24
986.8,999.32,991.06
985.7,998.67,991.34
984.7,999.09,991.16
984.3,998.55,991.6
984.6,997.82,987.41
984.5,998.21,988.42
985.3,998.86,990.06
985.8,997.62,985.21
986.6,999.92,992.83
987.1,999.93,991.11
987.8,999.39,993.47
988.1,1000.33,996.54
988.4,999.74,998.88
989.0,1000.38,999.62
989.1,999.78,1001.2
989.6,1000.56,1001.16
989.6,1000.09,1000.83
989.8,1000.3,1004.07
989.7,999.64,1003.26
988.9,1000.61,1002.12
988.0,1000.96,1001.0
986.2,1000.05,1001.15
984.5,999.04,1000.1
982.0,999.1,997.12
980.3,998.57,996.36
978.8,997.53,995.26
978.1,997.94,995.44
977.6,995.51,992.37
977.9,996.58,995.56
978.3,996.16,993.66
978.7,996.82,993.95
978.7,996.46,993.84
979.4,997.06,993.39
980.3,998.45,995.51
980.9,998.26,997.34
981.8,999.69,997.48
982.5,998.85,997.16
983.4,999.41,1001.32
984.1,998.92,999.83
985.0,998.69,999.33
986.1,998.2,1001.57
987.4,998.25,1001.92
988.7,999.49,1003.9
989.7,999.83,1001.69
991.0,999.91,1000.15
992.0,1000.5,1002.62
992.1,1000.11,1002.22
992.3,1000.32,1003.84
992.5,1000.35,1003.0
992.9,998.75,1003.22
993.6,999.45,1001.59
994.1,999.86,1004.56
994.5,1001.27,1003.06
995.1,999.85,1003.28
995.8,1000.27,1003.47
995.5,999.46,1003.18
996.2,1000.26,1002.75
996.0,999.82,1003.67
996.4,999.88,1004.02
996.1,999.93,1005.1
995.4,1000.48,1004.88
995.1,999.51,1004.47
995.5,997.0,1004.26
995.5,996.25,1003.59
995.1,999.3,1004.79
994.4,998.97,1005.01
994.2,997.95,1004.71
993.4,997.04,999.91
993.3,1000.25,1000.21
992.9,999.27,999.63
991.8,998.59,999.1
990.9,997.7,995.24
990.0,997.88,994.72
989.7,996.14,990.87
989.8,996.46,991.61
989.5,995.02,990.56
989.4,995.68,990.25
989.4,994.11,989.36
989.3,994.17,991.54
988.6,993.9,992.49
988.5,994.81,995.26
987.7,992.6,991.81
987.1,991.2,991.76
987.0,994.55,993.86
986.4,994.62,992.8
985.4,994.54,992.4
984.8,994.14,991.63
984.2,993.22,991.46
984.1,993.24,989.56
983.8,994.1,991.08
984.0,993.65,994.57
984.1,992.9,996.01
985.1,993.25,994.9
984.9,992.76,993.5
984.9,992.8,991.5
985.5,991.71,991.24
986.5,991.98,991.82
988.4,992.42,990.03
990.4,992.85,989.66
992.4,992.21,987.9
994.3,993.01,987.81
995.9,992.97,988.86
997.3,993.53,988.74
998.2,994.89,990.85
999.1,992.61,991.18
1000.0,993.69,994.59
1000.9,995.67,997.4
1001.2,995.05,998.25
1002.2,995.06,995.92
1003.2,996.19,997.59
1004.0,994.2,993.34
1004.4,995.53,996.08
1005.3,996.17,999.29
1006.3,996.6,996.92
1006.9,996.68,996.08
1007.4,996.5,999.37
1007.9,997.94,998.82
1007.6,996.89,1000.65
1006.9,998.49,1000.57
1006.0,998.62,1005.12
1005.5,998.46,997.69
1004.5,997.88,998.94
1004.0,997.97,999.14
1002.6,995.01,993.64
1002.6,997.3,997.98
1002.2,995.65,994.95
1001.3,995.14,993.46
1001.0,995.14,994.98
1000.2,995.15,993.71
999.2,995.0,993.11
998.5,996.16,995.29
997.3,995.03,992.3
996.5,995.19,994.0
994.9,994.71,992.16
994.1,995.92,994.63
993.8,994.97,993.85
993.2,995.23,993.74
993.2,995.21,993.32
993.3,993.85,992.3
993.0,993.22,988.7
993.0,993.63,991.49
993.4,994.59,992.42
992.7,995.13,992.96
992.6,993.92,990.06
992.7,994.93,992.57
993.2,992.65,992.76
993.9,995.43,993.1
994.6,994.98,992.67
994.9,995.01,994.29
995.0,995.54,995.81
994.3,994.7,991.42
994.4,994.92,989.83
993.7,993.92,989.11
993.2,993.65,987.34
992.7,993.99,989.64
992.6,993.19,990.28
992.1,993.52,991.15
991.3,993.95,991.1
990.2,993.95,990.73
990.5,993.08,990.27
989.0,995.85,991.47
989.5,994.74,994.75
989.4,995.29,996.52
989.3,995.09,994.98
989.0,993.05,993.9
988.8,994.63,995.25
988.5,995.04,991.41
988.7,992.31,988.45
989.5,991.72,987.99
990.9,992.14,989.31
992.5,992.65,992.34
993.1,992.72,994.32
995.0,992.36,992.84
996.2,993.23,993.37
997.2,994.13,993.51
998.0,993.36,993.73
999.1,993.72,992.88
1000.0,992.93,989.96
1000.5,993.8,992.35
1001.5,996.05,992.98
1001.7,995.79,991.59
1003.5,996.31,993.47
1004.1,998.22,993.41
1004.8,998.83,995.11
1006.0,999.8,995.01
1007.3,997.4,994.63
1007.8,997.67,994.68
1009.2,997.9,994.83
1009.9,996.95,994.57
1010.0,996.86,997.6
1009.5,996.48,997.55
1009.2,996.13,999.37
1009.5,996.07,999.72
1009.9,996.4,1000.28
1010.7,996.73,1001.86
1010.3,995.0,1001.89
1010.7,995.09,1004.67
1010.7,995.51,999.85
1010.2,995.13,1000.74
1010.0,995.77,1003.71
1009.6,994.98,999.98
1009.3,996.06,1004.79
1008.9,995.94,1004.98
1009.0,996.9,1006.49
1008.8,995.77,1006.62
1008.7,996.69,1008.73
1008.5,995.81,1007.54
1008.5,996.38,1008.11
1007.6,997.13,1008.87
1007.6,997.06,1003.93
1007.1,996.43,999.65
1005.9,995.86,999.05
1005.5,995.3,997.09
1005.2,996.38,998.43
1004.0,997.49,1001.74
1001.9,997.33,1002.23
1000.2,997.31,1003.05
998.7,995.87,997.47
997.5,997.15,1000.18
996.4,995.41,998.19
995.6,996.76,1001.71
994.3,995.81,998.4
993.4,996.16,999.17
991.9,993.92,998.0
991.1,993.48,999.37
989.6,993.27,996.81
988.9,993.63,997.54
988.0,993.37,999.13
987.5,994.6,999.77
987.5,992.73,1000.79
987.0,993.69,1001.61
987.5,992.77,999.26
987.8,992.77,998.8
989.4,994.37,998.44
989.8,994.82,999.48
990.4,994.76,1001.96
991.6,993.8,997.79
991.7,995.11,998.28
992.1,997.19,1000.87
992.1,996.2,998.39
992.0,997.31,995.19
992.1,997.86,992.94
991.6,998.2,993.61
991.9,997.47,993.88
992.2,996.93,995.54
992.4,995.83,989.56
993.2,996.83,992.84
994.2,997.25,994.01
997.4,1002.63,998.5
999.1,1003.87,1000.43
1000.3,1003.85,999.27
1001.4,1004.28,1001.03
1001.4,1002.93,999.91
1002.3,1005.53,1001.83
1003.5,1005.35,1001.69
1004.6,1004.96,1003.06
1005.1,1004.14,1002.81
1005.6,1004.59,1002.84
1006.0,1004.75,1003.13
1006.0,1004.49,1002.51
1006.6,1006.25,1003.41
1005.7,1005.73,1003.66
1005.0,1004.64,1001.46
1003.9,1003.6,1000.32
1003.3,1002.27,998.96
1003.2,1000.84,999.0
1003.5,1000.99,999.38
1003.3,1003.18,999.73
1002.4,1003.07,1000.17
1002.5,1003.06,1000.37
1002.3,1002.77,1001.97
1001.8,1002.71,1002.17
1002.0,1001.77,1001.14
1000.9,1000.64,998.75
1000.6,1000.01,998.93
999.9,998.31,996.69
999.2,997.77,995.52
998.8,998.42,994.81
997.3,997.62,995.12
997.1,997.95,995.29
995.9,998.2,994.11
994.6,997.91,993.41
994.1,998.13,996.34
993.5,998.01,996.69
992.3,997.86,994.69
991.5,998.75,995.7
990.1,998.24,997.58
989.8,996.88,998.7
989.9,995.75,998.71
990.4,995.03,997.93
992.4,994.04,997.51
992.5,995.09,996.59
994.3,996.14,995.67
995.0,997.55,998.25
996.5,997.45,997.66
997.2,996.63,995.56
997.9,996.62,993.69
999.1,996.88,994.04
999.9,995.97,991.77
1001.0,997.03,993.08
1001.4,997.32,995.26
1002.0,998.09,997.21
1003.2,998.97,996.89
1004.5,997.11,997.25
1005.4,998.14,997.12
1006.3,999.39,999.21
1006.3,1000.95,999.72
1006.8,1000.15,1002.13
1007.2,1002.36,1001.45
1006.7,1000.49,1000.93
1006.1,1001.34,1004.0
1005.8,1000.55,999.85
1006.0,1000.92,1004.82
1006.1,1000.09,1004.77
1006.1,997.82,1000.13
1006.6,998.36,1001.9
1007.2,998.79,1000.78
1007.5,999.13,999.31
1008.0,1000.31,998.74
1008.2,1001.24,999.66
1008.8,1002.94,1002.68
1009.3,1004.54,999.88
1009.4,1003.69,998.88
1009.7,1004.51,999.08
1010.1,1004.79,1000.07
1010.3,1004.3,1000.28
1010.6,1003.67,999.97
1010.7,1002.51,1001.56
1011.6,1004.19,1001.63
1012.0,1002.8,1002.55
1012.3,1002.49,1003.33
1012.2,1004.43,1003.58
1011.6,1004.58,1001.23
1010.9,1003.43,1002.22
1010.3,1003.24,999.48
1009.2,1002.23,999.1
1009.1,1002.13,999.49
1009.0,1001.65,999.71
1008.9,1001.34,1002.21
1008.6,1001.23,1001.47
1008.3,999.06,998.63
1008.1,999.93,1000.53
1007.4,1001.11,1001.3
1007.4,1001.58,999.93
1006.9,999.93,1004.63
1006.5,997.76,999.09
1006.0,999.9,997.31
1005.6,999.81,999.49
1005.7,999.69,995.96
1005.9,996.05,995.81
1005.9,995.17,996.14
1005.9,994.95,998.97
1006.1,995.42,1000.67
1005.5,994.23,1000.51
1004.9,994.42,1001.07
1005.2,994.92,1002.29
1004.2,994.88,1001.23
1003.5,994.72,999.77
1002.6,994.62,997.81
1002.6,995.44,1002.2
1002.8,994.75,996.3
1002.8,996.44,1002.65
1002.7,995.48,1002.23
1002.1,996.0,1004.1
1001.5,995.02,1000.34
1001.3,996.08,1004.6
1000.7,995.54,1002.62
1000.9,995.33,1001.97
1001.7,996.2,1003.58
1001.1,995.69,1001.22
1000.6,995.33,1001.78
999.9,994.74,1000.88
999.3,993.77,998.68
998.3,993.81,999.66
997.6,994.3,1000.74
996.1,993.61,993.44
996.4,994.7,994.43
995.8,994.16,995.42
995.0,995.81,998.86
995.4,995.33,995.34
994.0,993.0,997.41
991.5,992.49,996.89
991.0,992.86,996.33
990.2,990.9,992.78
989.7,992.66,994.05
989.5,993.1,995.94
989.0,994.06,1002.32
988.7,993.82,1000.18
988.1,994.05,1001.08
988.1,994.43,1001.16
988.0,995.03,997.08
988.1,995.07,1000.14
988.4,994.81,1001.96
989.4,995.24,1003.48
989.8,995.33,1001.15
990.6,995.6,998.6
991.7,996.26,1000.51
993.7,996.49,1000.81
995.1,998.0,1002.52
996.5,997.28,998.96
998.6,998.0,1000.19
1000.1,998.21,998.66
1001.4,999.25,1001.04
1002.4,1000.18,1003.22
1003.0,1002.16,1002.46
1003.7,1002.6,1005.58
1005.0,1003.02,1000.26
1006.2,1003.56,1000.73
1007.5,1003.8,1002.02
1008.6,1004.02,1000.2
1009.8,1002.58,999.21
1010.7,1001.16,997.84
1011.7,1001.5,998.16
1012.1,1001.92,1000.68
1013.0,1003.52,1002.11
1013.4,1002.33,1002.1
1013.8,1001.87,1000.79
1013.6,1002.58,1001.72
1014.2,1003.25,1002.84
1014.9,1003.03,1002.58
1015.0,1002.22,1002.59
1016.3,1002.29,1002.57
1015.9,1002.57,1005.09
1016.3,1001.88,1004.02
1016.5,1002.55,1005.76
1015.6,1001.54,1004.17
1014.5,1002.39,1002.45
1014.0,1001.7,1002.49
1013.0,1002.01,1001.74
1011.7,1002.09,1002.33
1010.1,1001.19,1001.66
1008.9,1000.03,1000.36
1007.9,999.6,999.15
1006.1,1000.43,1001.42
1006.6,1000.09,999.28
1004.7,999.11,998.47
1004.5,993.68,995.41
1002.7,992.23,991.67
1000.9,993.29,992.21
999.8,992.61,990.96
998.5,994.52,993.73
997.2,995.35,996.42
996.0,995.29,998.15
995.0,996.28,998.22
994.2,996.56,999.13
993.1,996.49,1001.11
992.6,996.72,1003.84
992.2,996.03,995.57
992.0,996.39,998.03
992.1,996.36,997.64
991.6,994.95,995.26
991.1,995.91,997.72
990.8,997.02,998.76
989.3,996.91,1002.5
990.1,995.61,998.99
989.5,995.87,999.27
989.6,995.02,997.93
989.8,995.31,999.57
989.1,994.1,998.63
989.3,994.85,1001.26
987.7,991.84,997.23
987.0,993.24,1002.62
986.7,992.87,999.72
986.5,994.14,999.91
986.4,994.6,999.11
985.6,994.65,999.32
984.7,995.36,999.51
985.2,995.2,999.96
985.7,994.41,998.28
986.2,994.99,997.86
986.9,994.84,997.6
987.6,996.76,997.98
988.5,997.49,999.69
989.2,997.42,998.28
989.8,998.3,1000.56
990.4,998.49,999.51
991.2,998.39,999.91
992.3,999.22,999.42
993.2,999.0,997.13
994.2,1000.46,999.99
995.3,1000.25,1001.25
996.2,1001.96,1001.57
996.7,1001.46,1000.19
997.5,1001.61,998.54
998.5,1002.78,1001.21
999.1,1003.55,1003.3
999.8,1003.49,1004.39
1000.7,1004.42,1004.78
1001.5,1004.87,1002.89
1001.6,1004.7,1004.25
1002.1,1003.98,1002.87
1002.6,1005.32,1005.83
1003.2,1003.43,1002.48
1003.9,1004.48,1003.79
1004.6,1004.49,1003.29
1004.8,1004.48,1003.4
1005.0,1005.95,1005.1
1004.9,1005.64,1004.38
1004.4,1007.41,1007.83
1004.1,1005.83,1008.95
1004.0,1006.5,1009.12
1004.5,1006.38,1011.26
1004.9,1005.13,1010.09
1005.3,1005.94,1012.17
1005.7,1006.03,1011.62
1006.5,1006.21,1012.08
1007.1,1004.98,1010.17
1007.9,1005.85,1011.85
1007.8,1007.05,1013.22
1008.3,1005.87,1011.9
1009.1,1006.19,1012.21
1009.1,1006.31,1013.3
1010.0,1004.59,1016.88
1010.2,1006.85,1014.16
1010.7,1006.32,1014.68
1011.2,1005.65,1014.99
1011.5,1005.41,1013.96
1011.7,1005.84,1014.22
1012.5,1005.37,1013.27
1012.6,1006.07,1014.65
1012.8,1006.82,1011.5
1013.1,1006.41,1010.63
1013.1,1006.47,1011.91
1012.1,1004.81,1009.27
1011.4,1004.17,1008.78
1011.8,1004.21,1008.13
1011.5,1006.0,1011.91
1011.9,1006.55,1012.57
1011.8,1006.59,1011.92
1012.4,1005.48,1010.62
1013.8,1005.68,1012.07
1014.1,1005.12,1010.54
1013.9,1006.45,1012.11
1013.5,1005.42,1010.31
1013.0,1005.47,1011.21
1012.7,1005.7,1010.16
1012.6,1004.1,1010.28
1012.2,1003.73,1011.0
1012.2,1003.28,1010.43
1012.1,1003.72,1010.59
1012.0,1003.77,1010.62
1012.4,1003.3,1010.09
1012.7,1003.79,1011.02
1012.4,1003.83,1011.24
1011.8,1004.5,1007.58
1011.4,1005.82,1009.52
1010.3,1004.63,1009.39
1009.5,1005.57,1009.85
1009.1,1004.48,1010.01
1008.5,1004.12,1010.55
1008.3,1004.97,1010.96
1008.2,1004.57,1011.57
1008.4,1003.02,1010.3
1008.3,1002.64,1011.23
1007.8,1003.63,1012.9
1007.6,1002.6,1010.47
1007.4,1001.84,1011.63
1007.0,999.91,1010.58
1006.7,1001.53,1012.03
1006.9,1001.7,1008.89
1007.1,1002.85,1010.28
1007.1,1002.51,1009.28
1007.3,1001.07,1004.93
1008.1,1002.13,1006.47
1008.9,1001.77,1006.67
1009.1,1003.07,1002.52
1009.3,1002.62,1003.19
1009.1,1002.37,1003.59
1008.8,1004.28,1004.74
1009.1,1002.4,1002.93
1009.6,1001.45,1000.1
1010.0,1000.85,999.32
1010.6,1001.88,1002.75
1011.4,1001.33,1000.67
1011.7,1000.56,1001.7
1011.8,1000.71,1001.8
1012.3,998.57,1002.96
1012.7,999.53,1001.98
1012.9,999.57,1002.19
1012.9,1000.36,1001.56
1012.8,999.26,1000.1
1013.0,999.33,1003.23
1013.2,998.85,1003.39
1013.4,998.92,1003.13
1014.0,999.37,1003.7
1014.2,999.04,1002.15
1014.5,999.25,1002.25
1014.7,1000.38,1003.41
1015.0,1000.99,1002.6
1014.8,1001.37,1003.44
1014.2,1002.26,1002.81
1013.7,1002.1,1001.47
1012.9,1001.57,999.43
1012.4,1000.75,997.38
1011.7,1001.88,998.46
1011.0,1002.25,998.77
1010.9,1000.94,999.67
1010.6,999.71,1001.25
1010.4,999.54,1001.6
1009.7,999.53,1001.78
1009.1,999.59,1002.87
1008.4,999.15,1001.61
1007.8,999.2,1003.39
1007.8,997.95,995.47
1007.0,998.91,997.32
1006.5,999.45,998.29
1005.8,998.42,998.48
1005.5,999.48,999.53
1005.0,1000.65,999.68
1004.9,999.0,997.99
1004.3,999.99,999.63
1004.2,1000.28,999.1
1003.7,1001.52,998.37
1002.8,1002.42,1001.17
1002.1,1002.61,998.09
1000.8,1002.93,998.84
1000.2,1002.7,997.97
999.8,1003.47,999.73
999.4,1001.64,995.72
999.1,1001.31,994.84
999.6,1000.32,991.36
999.8,999.86,991.4
1000.2,1000.61,994.7
999.9,999.68,991.51
999.6,998.66,991.51
999.5,998.37,990.54
999.4,997.52,990.12
999.1,998.59,991.61
999.3,999.38,993.17
999.1,998.68,992.42
998.5,998.41,994.44
998.5,998.2,995.27
998.4,998.14,994.2
998.1,997.93,997.31
998.1,999.18,998.02
997.8,999.6,996.87
998.0,999.21,999.07
997.3,1000.94,1001.14
996.8,1000.15,999.91
994.8,997.83,999.57
994.0,998.73,995.17
993.8,999.08,996.32
993.0,998.56,994.13
993.0,997.31,994.17
993.1,996.93,999.31
992.6,994.52,997.42
992.3,996.99,997.9
991.8,996.97,994.4
990.9,995.47,988.84
990.2,994.71,988.66
989.7,996.08,992.38
988.3,996.12,992.54
988.0,996.18,993.45
986.8,995.44,989.37
985.9,995.19,991.01
985.4,996.07,992.6
985.1,995.09,991.26
984.9,995.43,993.95
984.7,996.45,996.68
984.6,995.18,992.38
985.2,995.79,994.22
985.3,997.11,996.58
985.0,996.69,995.13
984.7,995.91,993.69
984.8,996.36,994.43
984.3,995.22,991.73
985.0,995.36,990.47
985.2,995.32,992.35
985.5,995.02,994.53
986.2,994.97,992.96
987.0,996.69,995.47
986.7,993.6,996.54
986.6,995.87,997.56
986.4,995.82,996.97
986.0,993.74,997.35
986.0,993.48,998.77
985.0,995.56,1000.39
984.8,993.17,995.73
985.4,995.23,998.42
986.1,995.42,997.79
986.4,996.56,999.37
987.1,996.37,997.49
988.4,997.01,998.84
988.4,997.81,999.59
988.7,998.03,999.28
989.4,998.39,999.3
989.8,998.75,998.99
989.5,998.12,998.87
989.6,998.96,999.2
990.0,998.61,998.71
990.4,999.25,998.58
990.4,998.78,998.71
990.2,998.08,999.74
990.6,997.2,997.18
990.9,996.42,997.19
991.1,994.77,996.4
991.2,997.6,997.29
990.9,997.7,997.48
991.3,997.0,998.6
992.1,997.22,999.59
990.8,996.72,997.47
989.8,997.57,997.13
988.5,996.72,996.46
987.6,995.86,997.32
989.1,997.12,995.29
988.9,994.74,995.14
989.4,993.79,991.48
989.6,994.65,994.19
988.2,995.92,999.79
987.7,995.29,995.12
986.8,996.27,998.18
986.5,997.02,999.74
985.8,995.92,998.59
986.0,997.39,999.69
986.7,996.26,998.23
987.9,996.17,998.47
988.6,994.52,996.66
988.3,995.77,996.53
988.7,995.41,996.69
989.1,994.9,997.21
989.2,994.03,995.21
989.1,994.16,994.26
989.1,992.86,993.17
988.8,992.77,992.03
988.8,993.33,992.6
978.0,997.44,997.24
977.5,996.96,996.3
976.9,996.17,994.37
976.2,995.8,992.29
975.6,995.93,990.96
975.2,995.96,992.89
975.0,995.13,991.12
975.7,994.36,986.46
976.0,995.2,990.17
977.5,995.32,992.42
979.2,996.65,994.87
980.8,997.66,995.12
983.1,999.01,995.74
984.3,1000.49,998.03
985.0,999.05,996.18
986.0,1000.67,996.52
986.7,1001.02,997.64
987.8,1001.17,998.79
988.9,1000.34,997.52
990.6,1001.81,999.65
992.1,1002.27,999.67
993.7,997.77,997.7
995.0,999.84,999.48
996.8,999.33,1003.55
998.1,1001.04,1003.56
999.3,1000.61,1003.52
1000.3,1002.23,1003.57
1000.6,1000.9,1001.8
1000.4,1003.18,1003.28
1000.5,1002.11,1001.82
1000.8,1002.39,1003.82
1001.0,1001.71,1002.7
1001.5,1002.13,999.85
1002.0,1003.19,1000.97
1002.3,1001.81,999.99
1002.4,1003.22,1000.01
1002.7,1002.54,1000.71
1002.7,1003.13,1001.99
1002.5,1003.39,1000.93
1002.5,1002.85,998.41
1002.9,1001.0,998.51
1002.9,1001.75,997.17
1002.9,1002.3,999.74
1003.3,1001.83,999.72
1003.6,1001.37,999.28
1003.9,1000.48,999.95
1004.8,1002.7,1001.23
1004.8,1005.19,1002.25
1004.6,1004.48,1002.95
1004.6,1004.01,1003.98
1003.7,1004.22,1000.22
1002.9,1003.64,1003.02
1002.0,1001.93,999.15
1001.4,1001.66,1000.23
1001.2,1000.91,999.01
1001.0,1000.48,998.92
1001.0,1000.09,999.12
1000.9,999.21,997.01
1000.5,998.53,996.57
1000.7,999.05,996.74
1000.2,997.66,993.82
999.4,1000.16,993.46
999.2,1001.68,992.38
999.5,1002.26,993.62
1000.0,1001.38,993.63
999.9,1000.95,992.01
999.3,1001.06,993.25
998.5,999.02,991.06
998.0,999.99,993.51
998.1,999.99,996.71
997.9,1001.02,995.76
997.9,1000.52,1000.03
996.7,1000.3,999.65
996.0,999.72,994.16
995.5,1000.16,996.66
993.9,1000.03,995.11
992.9,999.73,994.95
992.5,999.15,996.25
992.4,998.85,997.14
992.0,999.22,996.69
991.4,999.06,997.59
990.9,999.1,995.59
990.5,997.68,993.31
990.4,998.66,996.88
989.2,998.05,996.41
988.3,997.99,995.46
987.5,998.37,995.65
986.9,995.11,995.1
985.8,996.98,993.9
986.1,997.24,993.05
985.5,994.59,992.26
985.9,993.66,989.23
985.1,994.06,992.61
985.9,995.02,994.12
985.1,994.65,991.39
984.3,995.4,993.86
982.4,994.41,989.5
981.3,994.77,990.83
981.2,993.57,990.13
980.9,993.76,992.04
979.7,995.57,992.61
978.5,995.86,995.33
979.0,996.29,995.13
978.6,994.54,991.4
976.9,995.44,993.64
975.0,993.98,990.52
972.4,992.63,987.57
970.3,992.92,988.1
966.3,992.21,985.43
965.2,991.8,986.15
963.5,993.78,990.91
962.4,992.23,986.68
961.6,992.31,987.4
961.9,990.88,983.21
961.9,991.74,987.14
962.1,991.87,988.77
962.1,991.72,986.05
961.5,994.0,992.71
961.7,994.23,990.08
962.1,994.72,992.52
962.3,994.67,989.49
963.1,994.01,989.07
964.9,994.29,989.74
967.2,993.48,985.55
969.3,994.94,986.0
971.5,994.75,989.33
973.7,993.98,986.78
975.6,997.53,991.02
977.5,997.68,991.3
978.5,996.9,989.64
979.9,997.28,991.07
980.7,997.49,992.25
981.5,998.4,993.16
982.5,997.84,994.15
983.4,997.85,994.08
984.3,998.76,995.56
985.3,998.2,994.32
986.1,999.34,995.73
986.9,997.89,994.27
987.9,998.6,996.46
988.9,999.71,998.83
989.4,1001.56,1001.36
990.2,1001.91,1001.79
991.2,1002.79,1001.36
991.5,1002.21,999.53
991.6,1002.65,1001.75
991.4,1001.49,1000.1
991.2,1000.79,998.98
991.7,1001.08,1000.9
991.9,999.27,998.57
992.2,999.43,997.86
992.1,998.68,998.13
992.2,998.68,998.21
992.5,998.65,1000.27
992.9,998.95,1001.57
992.8,998.89,1002.56
992.9,998.66,1000.67
993.3,998.92,1001.71
993.2,998.89,1000.03
992.7,999.16,999.28
992.8,998.46,995.78
992.3,998.49,994.85
992.0,999.0,999.7
991.5,998.33,999.44
991.7,998.67,999.47
991.3,999.18,1000.4
990.5,998.05,999.9
990.3,998.35,998.21
989.6,996.75,997.91
988.4,996.24,997.2
987.7,995.6,996.25
987.6,994.84,996.13
987.4,994.8,996.89
988.4,994.79,996.13
988.8,994.53,993.42
988.8,994.08,992.21
989.5,992.01,991.76
990.3,993.04,991.17
991.0,992.82,992.17
991.0,994.28,997.92
991.2,993.48,997.76
991.8,994.22,998.96
992.6,995.83,1002.25
993.8,995.21,998.09
994.5,996.06,999.78
995.2,996.98,998.71
995.9,997.07,998.46
996.4,998.1,999.17
997.1,999.11,999.76
997.4,998.66,1000.29
997.5,998.95,1000.52
997.6,998.6,999.43
996.7,997.01,998.14
995.3,998.27,999.27
994.8,998.45,1000.83
994.4,996.59,998.05
994.0,995.83,992.59
994.1,995.75,995.06
994.1,997.33,995.67
994.0,996.78,994.87
994.1,996.12,990.89
994.3,996.06,993.36
994.3,997.76,997.14
994.3,997.7,999.11
994.4,998.07,997.81
994.2,997.75,996.97
994.4,997.72,996.69
994.5,997.27,997.4
994.9,997.16,996.73
995.1,997.38,998.06
995.2,998.0,999.65
995.0,998.17,998.96
995.1,998.87,998.08
994.6,998.62,998.02
994.1,997.25,995.94
992.9,997.26,994.51
991.9,996.67,993.0
991.4,996.19,992.24
990.8,995.88,990.33
991.0,995.66,990.34
991.1,996.66,994.66
991.0,997.06,995.25
991.2,995.08,990.39
990.9,996.45,994.71
990.8,995.96,993.79
990.5,996.69,995.32
990.2,996.98,995.84
989.8,998.07,996.55
989.7,997.87,996.21
989.5,997.2,994.85
989.2,997.92,995.65
989.2,997.59,994.47
989.3,998.13,995.79
989.3,998.37,997.0
989.4,998.24,995.87
989.4,998.67,997.74
989.0,998.13,995.42
988.3,997.59,995.18
987.5,997.81,997.44
986.4,996.46,997.09
985.5,994.82,993.3
984.5,996.56,995.99
983.9,993.92,991.46
983.4,994.23,994.02
983.0,994.33,993.63
982.7,995.57,994.58
982.5,994.99,994.58
981.8,996.41,994.51
981.0,995.56,992.57
980.7,995.36,993.32
980.5,995.29,991.61
980.9,996.39,994.72
981.0,996.17,994.97
980.9,996.53,996.13
980.8,996.09,995.72
981.6,996.74,995.09
982.5,997.48,995.95
984.2,997.8,995.87
986.4,996.93,993.24
989.0,996.2,993.24
990.3,997.73,995.12
991.5,999.83,995.53
991.1,998.54,995.0
991.1,997.65,994.69
991.4,998.29,995.14
991.5,997.02,992.65
991.7,996.27,991.84
991.9,997.64,993.62
992.0,997.52,995.8
992.1,996.55,996.69
991.8,996.77,996.34
991.4,996.1,997.59
991.0,997.47,998.12
990.7,997.86,996.86
990.2,998.47,998.24
989.7,997.32,997.32
989.1,997.38,995.44
988.9,998.4,996.92
989.3,998.25,996.61
989.8,998.11,999.44
989.1,997.85,997.74
989.5,999.81,1001.14
989.5,999.58,1002.53
989.6,1001.0,1002.85
989.2,1000.71,1002.5
989.1,1000.57,1003.04
988.8,1001.07,1002.89
989.1,997.61,1000.5
989.1,998.72,1000.73
989.0,998.72,1001.22
989.5,997.25,999.2
990.1,997.47,1001.13
990.6,995.62,997.75
990.7,995.61,997.91
991.2,994.23,998.19
991.3,995.6,999.46
990.9,997.07,1000.65
990.9,996.28,999.03
990.7,993.1,993.4
990.5,992.49,991.75
990.6,994.87,993.21
990.7,994.94,993.54
991.4,994.48,992.96
991.3,997.89,1001.38
991.5,999.73,1001.43
991.8,999.83,1001.3
992.3,1000.26,1001.84
992.8,1000.09,1003.53
993.1,1000.19,1003.37
992.8,998.93,1002.4
992.1,999.06,1002.9
991.3,996.62,999.52
990.8,995.54,998.12
990.7,998.33,1001.09
990.4,996.54,998.94
990.6,997.26,1001.0
990.2,996.44,998.59
989.8,996.24,997.11
989.3,997.32,994.06
989.2,994.84,991.57
988.9,995.67,990.72
988.6,995.69,989.56
988.2,996.04,993.2
987.1,995.06,993.11
986.3,995.01,994.4
985.9,993.71,993.14
985.5,993.66,991.89
985.3,993.09,990.53
985.1,993.98,996.59
984.8,994.43,998.88
984.0,993.92,993.92
983.7,996.05,993.03
982.4,995.96,993.89
980.4,992.34,989.28
979.2,992.55,990.38
978.0,991.6,989.45
976.8,990.31,987.13
975.9,991.25,990.19
975.0,991.93,990.33
974.3,994.3,994.46
973.9,993.93,994.77
973.4,994.55,994.5
973.4,992.12,991.76
971.8,992.83,991.14
971.0,992.97,992.53
973.6,993.7,992.52
972.6,993.05,990.08
970.0,993.31,990.26
969.8,994.16,992.74
969.7,993.58,996.39
969.3,993.86,995.84
968.9,992.64,991.73
969.3,994.61,994.73
969.6,995.61,998.64
969.6,995.28,997.4
970.3,996.14,996.83
971.6,995.3,994.81
972.0,996.05,996.8
970.7,995.06,995.84
971.8,995.44,995.88
971.9,994.53,993.36
972.6,996.36,998.97
974.3,997.35,998.96
974.9,996.35,995.77
974.8,998.36,997.59
975.7,997.14,995.36
976.8,997.55,993.49
976.2,996.09,992.26
975.9,997.0,995.19
975.3,997.47,998.03
974.9,997.08,999.76
975.4,995.54,992.55
975.2,997.18,995.92
975.6,995.21,990.09
976.5,997.46,995.36
977.1,997.16,994.34
992.2,997.21,992.73
1007.7,1017.25,998.46
992.7,997.98,995.13
1007.7,1017.18,998.67
992.4,997.23,994.15
1007.7,1017.12,996.57
992.1,996.67,992.81
1007.7,1017.04,999.23
992.0,997.67,995.54
1007.7,1016.96,1000.86
991.3,997.38,995.71
1007.7,1016.88,1004.28
990.5,996.53,993.9
989.7,995.97,992.53
989.4,995.64,991.72
989.6,995.62,992.15
988.9,995.64,994.09
988.7,995.81,994.26
988.9,997.14,996.3
988.7,998.05,997.71
987.5,997.03,996.07
986.3,997.15,995.01
984.7,996.33,993.99
983.2,994.66,987.04
981.9,992.75,989.34
981.2,992.54,990.62
981.4,990.45,991.24
981.9,991.0,994.65
982.8,997.75,995.72
982.9,996.69,993.55
983.0,996.18,992.12
982.9,996.03,992.18
982.7,997.1,993.87
983.0,995.91,993.19
982.8,994.44,987.45
982.3,995.81,992.43
982.3,995.77,992.64
982.2,996.65,994.39
982.3,995.8,993.12
982.4,995.94,996.75
981.9,994.75,994.8
981.3,996.36,996.19
981.5,993.29,992.37
980.9,993.73,991.44
979.7,994.51,992.33
975.7,994.92,993.63
977.3,994.69,991.38
974.6,994.19,991.06
974.5,993.46,991.0
974.9,992.29,988.82
975.2,993.34,991.43
975.6,991.75,992.66
978.2,990.86,991.14
978.7,990.13,988.78
979.6,990.98,990.74
978.7,989.52,990.36
978.3,989.22,989.14
978.7,990.06,989.27
980.5,991.62,991.73
981.7,991.54,988.71
982.7,992.24,990.5
983.9,991.96,994.57
985.1,991.28,996.17
986.5,991.91,995.13
987.9,993.57,990.38
989.4,997.51,998.29
990.7,998.43,997.62
991.6,997.9,996.14
992.3,997.92,995.67
992.4,1000.3,1001.79
993.0,999.27,998.52
993.5,998.7,998.73
994.1,997.28,999.48
994.8,998.64,999.56
995.2,997.58,1000.79
995.8,998.66,1000.33
995.8,997.69,998.61
995.6,997.22,998.12
995.6,996.38,996.46
995.6,997.34,997.23
995.4,996.98,995.79
994.7,997.79,998.06
993.8,999.26,998.28
993.4,998.93,998.59
992.7,998.83,999.89
991.8,998.99,999.48
991.6,998.55,997.41
991.3,997.69,993.73
991.1,997.75,993.72
990.1,998.03,994.74
988.8,998.58,997.92
987.9,998.31,996.48
986.8,996.72,993.72
984.9,997.79,996.71
983.4,995.65,990.62
982.5,996.37,993.02
982.0,996.38,990.36
982.5,996.74,994.57
982.3,997.54,996.92
982.3,997.46,996.51
981.9,997.86,997.82
982.0,997.08,998.05
982.4,996.79,996.68
982.5,997.55,997.01
983.2,997.33,995.7
984.4,997.08,993.73
985.3,997.1,994.08
986.1,998.24,994.73
987.5,999.74,997.47
989.4,995.89,998.18
990.6,996.24,993.01
992.0,997.87,997.35
993.0,997.73,993.67
995.0,997.83,996.37
996.1,998.15,996.86
996.5,999.17,998.32
997.0,999.83,998.61
997.4,999.36,998.64
997.3,999.74,998.62
997.1,997.84,997.66
997.2,998.94,999.73
997.5,998.29,1000.64
997.4,997.24,1001.02
997.4,997.44,1000.92
997.9,997.07,1000.29
998.1,996.9,999.11
997.9,995.54,996.13
997.8,995.65,995.29
997.1,996.05,995.32
996.6,995.97,994.53
995.6,996.48,995.65
994.8,996.44,993.68
993.3,995.85,993.22
993.8,996.42,993.85
992.8,996.94,995.09
992.2,997.16,993.9
992.1,998.39,996.27
991.1,997.09,993.14
989.7,997.86,997.89
987.2,997.51,996.46
985.8,996.82,995.88
984.5,995.01,991.71
983.8,994.96,992.12
982.6,993.82,992.2
981.5,992.55,988.5
980.0,992.15,988.43
980.7,991.78,986.26
982.1,993.98,991.12
983.0,995.04,993.82
983.2,996.28,995.77
983.5,995.55,994.7
983.7,996.78,995.94
983.5,997.65,998.1
983.4,996.25,994.38
983.5,997.83,996.81
983.5,998.13,996.35
984.3,998.12,996.27
984.5,998.7,999.1
985.4,997.77,996.36
986.2,999.05,998.92
986.2,999.23,998.18
986.9,999.58,998.78
987.6,998.98,999.36
988.0,1001.26,1001.23
988.1,999.63,1000.08
987.9,1000.03,1000.7
988.0,999.33,998.91
988.5,999.06,997.97
989.3,1000.63,1001.71
989.9,999.79,1000.24
990.7,1000.39,1000.94
991.3,999.7,1000.08
992.3,998.67,999.16
992.6,999.23,998.51
993.1,998.17,997.97
993.2,998.5,999.5
993.0,997.7,999.12
992.7,997.51,997.59
992.5,996.75,996.68
992.6,996.84,996.75
993.1,996.93,997.5
993.5,997.12,998.57
994.1,997.69,997.77
994.6,997.97,999.06
994.9,998.74,1002.76
995.8,999.59,1001.9
996.2,998.53,1003.74
996.6,998.96,1003.76
996.9,1000.43,1003.73
996.8,1000.18,1000.34
996.8,1000.08,1001.34
997.5,998.7,998.91
998.1,999.59,1000.86
998.7,998.4,1000.69
999.1,998.51,1002.19
999.6,998.16,1000.57
999.8,997.35,1000.11
1000.0,997.48,1000.24
999.8,997.66,998.08
1000.2,997.1,997.49
1000.6,997.06,997.12
1000.5,996.46,997.33
1000.6,998.36,997.26
1000.6,998.8,997.76
1000.5,996.91,997.06
1001.0,999.01,998.65
1001.6,999.07,999.2
1002.3,998.74,999.12
1003.1,997.11,996.73
1003.7,997.78,998.84
1004.0,997.65,998.9
1004.1,998.69,1000.38
1003.7,999.19,998.09
1003.2,998.01,1000.17
1002.8,998.41,1000.84
1002.4,997.15,998.5
1002.2,998.33,1000.75
1002.3,997.87,1000.28
1001.9,997.54,1000.39
1002.0,997.6,1000.72
1001.9,997.51,999.48
1002.3,994.89,998.12
1002.1,997.48,996.77
1002.1,996.97,995.44
1000.9,997.42,995.51
1000.5,996.27,995.69
1000.9,997.01,996.18
1001.1,996.7,996.22
1001.7,996.38,994.5
1001.8,997.11,995.33
1001.8,995.77,993.05
1002.3,997.18,995.65
1002.1,996.45,994.52
1002.0,995.78,993.96
1001.6,996.97,994.79
1001.0,997.92,996.19
1000.4,996.74,995.64
999.7,996.27,993.99
999.5,996.4,993.96
999.1,996.94,995.82
998.3,995.66,992.1
997.9,996.78,993.72
998.3,995.82,993.41
997.7,996.18,993.77
997.0,995.55,993.16
997.4,995.55,992.7
996.5,996.1,996.12
995.6,995.41,993.43
994.4,994.74,994.7
992.7,995.74,993.47
992.2,994.4,991.43
990.8,995.56,992.16
991.4,995.3,992.58
992.6,995.02,993.71
991.5,994.82,994.29
993.0,994.84,993.56
991.6,994.75,995.34
990.2,995.41,995.08
989.2,996.26,993.41
988.8,991.03,987.3
987.8,990.25,986.89
986.8,991.74,991.42
986.2,989.67,986.17
986.0,992.42,989.77
985.8,991.32,989.23
985.6,991.22,988.03
986.3,991.13,988.11
986.7,991.04,987.98
987.4,992.08,989.42
987.2,992.33,990.25
987.3,991.65,991.0
987.6,991.14,988.76
987.7,992.41,991.89
988.3,992.26,991.45
989.2,993.87,994.31
990.0,994.97,995.27
990.3,994.21,994.93
990.0,994.65,995.16
990.7,994.47,993.61
990.8,995.1,992.7
990.4,995.27,995.25
990.0,995.39,994.48
989.3,994.97,993.42
989.0,994.3,992.27
989.0,997.24,992.57
989.5,996.62,993.24
989.8,997.32,994.09
989.7,997.01,991.5
989.5,996.31,993.22
989.5,995.83,992.12
989.2,995.44,991.3
988.9,995.67,990.94
988.3,995.38,991.72
987.5,996.07,990.67
986.5,995.14,988.41
985.4,995.03,987.39
985.0,994.58,986.51
984.0,994.49,988.28
984.0,994.62,988.81
983.8,993.2,991.08
983.9,992.31,992.87
983.2,991.47,990.75
982.7,991.28,991.4
981.9,991.72,992.62
980.8,993.14,990.82
980.0,992.04,990.55
978.5,992.78,990.81
979.0,990.66,986.55
979.7,993.74,992.26
979.8,994.56,991.47
979.6,995.47,991.55
980.3,994.57,989.59
980.6,993.94,988.46
981.7,993.79,988.31
981.5,994.92,990.35
982.4,995.09,990.33
983.3,995.86,990.89
983.7,994.99,989.76
984.0,994.37,986.48
985.4,994.48,985.1
987.0,996.04,987.19
987.8,997.79,990.16
988.6,996.2,988.06
998.9,997.88,992.66
999.0,997.41,993.81
999.3,998.53,990.41
998.7,999.2,996.53
999.1,998.69,996.76
998.6,997.24,999.99
999.6,995.58,1000.21
1000.1,995.63,998.58
999.9,995.67,999.0
1000.1,997.62,1001.04
999.7,998.05,1001.19
999.8,998.95,1001.78
999.8,999.14,1003.82
999.3,999.0,1003.31
998.8,1000.34,1003.78
997.9,1000.71,1003.6
996.9,1001.94,1003.05
996.7,1000.49,1001.73
995.9,1000.39,999.68
995.1,1000.03,1000.04
995.1,1000.66,1000.92
994.9,999.98,1001.18
994.2,999.83,999.66
993.6,1000.46,999.78
992.7,1001.02,999.82
991.9,1000.76,998.76
990.7,999.03,996.0
989.5,998.51,996.23
988.6,998.77,996.35
987.8,997.7,995.21
986.7,996.67,992.14
987.1,997.51,994.53
987.8,998.32,997.59
989.7,994.63,997.02
990.8,994.62,995.79
992.4,993.18,992.68
993.2,992.76,992.72
993.8,993.04,992.12
994.7,996.14,994.42
995.1,995.02,996.89
995.6,998.1,999.36
996.2,995.51,996.04
996.8,995.9,998.64
997.0,996.54,998.22
997.8,996.66,996.13
998.5,995.99,997.51
998.9,996.14,993.98
999.0,996.33,1000.56
999.0,996.18,998.03
999.2,996.62,1001.85
998.9,995.9,996.45
998.8,999.75,1003.32
999.2,999.32,1001.33
999.7,1000.02,1001.75
1000.1,999.02,999.04
1000.8,998.8,999.18
1001.7,1000.61,1000.58
1001.8,1001.35,1000.86
1002.0,1002.09,1000.62
1002.1,1004.34,1000.0
1001.9,1003.18,1001.93
1001.4,1002.53,1001.32
1001.1,1003.28,1001.58
1000.4,1003.34,999.03
999.9,1001.49,1000.52
999.9,1001.16,1000.34
999.8,1000.36,999.62
999.7,998.17,999.67
999.9,999.16,998.83
1000.3,998.34,998.63
1000.3,997.51,996.55
1000.3,997.48,997.31
1000.4,998.19,998.32
1000.1,998.69,998.53
999.8,998.72,995.93
999.7,999.69,995.95
999.3,999.77,996.17
999.0,1000.26,996.27
998.7,998.36,995.34
998.7,999.56,999.01
999.0,998.21,997.54
998.4,997.82,990.04
998.2,998.1,992.12
998.0,998.24,991.52
997.1,997.35,991.47
996.2,997.2,992.27
995.8,998.17,994.4
995.2,996.97,992.93
995.0,995.88,993.53
995.3,996.04,996.18
995.3,994.94,994.25
995.4,994.82,995.57
995.9,994.22,994.81
996.3,993.76,994.4
996.3,994.35,993.61
996.3,994.53,994.22
996.3,994.44,994.02
996.0,995.0,992.02
996.0,994.7,992.75
996.1,994.53,992.39
996.1,994.75,993.09
996.5,994.41,992.9
996.9,994.96,996.95
997.4,994.12,995.83
997.4,995.33,998.3
997.5,995.04,998.94
998.4,994.77,998.09
998.0,995.07,997.26
998.4,995.93,1000.73
998.9,995.81,999.31
998.8,995.44,1000.4
998.7,996.13,1000.4
999.1,995.47,999.21
999.3,994.21,996.62
999.7,994.12,996.23
1000.4,993.81,998.06
1001.0,994.21,996.51
1001.1,992.7,995.39
1001.1,993.3,995.3
1001.0,993.16,997.22
1000.8,993.92,997.39
1000.9,993.49,996.81
1001.0,993.62,996.02
1001.4,994.96,996.27
1002.0,994.77,992.49
1002.8,994.5,995.97
1003.5,993.6,995.12
1003.9,994.45,998.59
1004.2,994.93,998.65
1004.6,995.28,1000.51
1004.6,996.06,1000.11
1004.5,997.6,1001.15
1004.1,996.64,1000.95
1003.6,998.4,1001.76
1003.2,997.83,1001.16
1002.9,998.74,1001.15
1002.6,999.28,998.55
1002.1,999.4,998.41
1002.3,999.51,1000.64
1002.7,1000.13,1000.66
1002.6,997.35,1001.56
1002.2,999.69,1002.7
1002.0,999.38,998.5
1001.7,998.75,1000.44
1001.0,998.28,997.06
1001.0,998.44,997.06
1001.2,998.61,996.28
1001.3,998.23,994.83
1001.7,998.35,996.68
1001.9,998.22,996.15
1002.2,998.06,996.41
1002.1,999.03,999.07
1002.3,1000.23,999.87
1002.2,1000.27,996.29
1002.0,999.52,996.38
1001.3,1000.16,996.84
1000.6,999.69,998.41
999.6,1000.36,998.29
998.5,999.85,999.14
997.8,998.46,997.46
997.1,998.69,997.29
996.8,997.94,996.67
996.9,997.23,996.2
997.0,998.52,996.85
996.2,996.73,995.59
996.4,996.27,993.5
996.4,996.81,995.27
996.9,996.63,993.42
996.8,996.65,995.36
995.9,997.59,994.47
995.5,997.89,995.18
995.5,997.85,995.7
994.8,998.01,995.17
994.3,997.15,994.47
994.0,997.62,996.75
993.0,997.23,994.89
992.6,996.59,994.91
991.8,997.45,995.77
991.3,996.41,994.14
989.4,996.18,993.55
987.8,996.51,995.92
987.7,996.2,994.78
986.2,996.27,995.28
986.3,996.81,996.64
986.2,996.2,995.21
985.8,995.97,996.63
985.6,996.66,997.05
985.5,996.27,997.94
985.1,996.42,994.51
984.6,996.81,995.41
984.1,996.1,995.32
983.9,995.36,996.32
983.1,996.53,993.68
982.5,995.12,995.31
982.5,993.06,989.27
983.0,993.91,991.75
984.8,994.58,993.12
985.3,995.35,994.93
985.5,996.67,997.39
985.2,995.38,997.01
986.1,996.74,998.74
986.0,998.66,998.73
986.2,997.34,997.02
986.5,996.94,995.87
986.8,997.44,995.54
986.7,997.51,996.35
986.4,997.66,997.93
986.6,996.87,995.22
987.0,996.91,996.19
987.3,996.68,993.11
987.7,997.8,996.77
988.2,997.27,994.69
988.1,998.64,998.09
988.0,998.23,996.27
1004.5,996.33,992.55
1004.4,995.84,992.4
1004.5,994.97,991.52
1004.9,996.17,992.88
1005.3,995.14,992.66
1004.9,996.19,995.29
1005.1,995.29,993.98
1005.5,996.33,995.72
1005.8,996.76,996.88
1005.4,995.49,993.2
1005.1,995.7,993.53
1004.9,996.67,995.59
1004.4,996.5,994.71
1002.3,996.15,996.5
1001.5,995.51,995.36
1000.9,995.64,996.55
998.3,995.57,996.07
997.0,994.9,995.15
995.0,994.07,991.93
993.5,994.14,992.67
992.7,993.97,992.89
992.2,994.65,992.16
991.1,993.98,993.72
989.7,993.93,992.7
988.4,992.39,988.75
986.9,991.68,987.25
984.4,992.37,988.59
984.2,990.34,985.5
984.3,992.12,989.27
984.6,991.3,987.84
984.5,992.17,986.56
984.8,992.23,988.6
985.6,993.05,990.89
986.9,993.15,989.86
987.7,993.57,989.34
988.9,993.48,988.7
989.8,994.89,993.43
990.2,995.13,992.98
991.1,994.54,990.5
991.7,995.29,995.33
991.8,995.18,992.7
992.9,994.56,991.43
993.3,994.32,990.47
994.1,994.88,994.6
995.4,996.23,997.29
996.4,995.67,997.16
996.9,995.31,997.5
997.2,996.35,996.8
997.3,996.07,998.21
997.6,996.61,998.94
998.4,996.03,998.02
999.1,996.58,999.18
998.9,995.95,997.76
998.8,998.31,998.34
999.3,998.09,998.23
999.9,998.5,999.46
999.2,998.65,998.79
999.1,999.63,998.84
998.6,998.19,996.72
997.6,997.61,998.56
996.8,997.82,994.77
996.3,996.47,995.31
996.0,995.83,993.31
995.0,993.54,993.0
995.0,992.53,991.02
994.7,992.02,991.29
994.7,993.76,992.07
995.5,994.02,992.23
996.0,992.35,989.52
996.7,992.7,991.47
997.0,993.21,990.35
997.7,996.61,995.25
997.6,995.63,994.33
997.8,993.12,994.81
998.3,995.8,997.42
998.4,993.25,995.53
999.7,996.64,995.8
1000.2,995.09,996.85
1000.5,993.37,993.88
1001.2,994.55,996.94
1000.2,993.14,996.18
1000.0,996.67,999.33
1000.4,995.14,997.33
1000.6,995.11,996.87
1000.0,996.14,998.17
1000.0,995.86,996.49
998.8,994.39,994.91
998.3,994.42,996.6
998.5,996.2,997.54
998.2,995.99,996.58
998.0,996.0,997.14
998.4,995.32,995.87
999.0,994.67,995.4
999.3,992.03,995.68
999.0,995.94,996.58
999.2,995.98,994.13
999.2,995.67,996.87
999.1,996.35,997.94
998.9,994.38,994.8
998.9,994.3,995.21
999.2,992.89,996.29
999.5,995.09,997.23
999.9,992.61,998.66
1000.6,995.69,999.82
1000.3,996.44,999.87
1000.5,997.05,998.7
1000.5,997.9,999.48
1000.6,997.58,998.49
1000.4,996.39,996.49
1000.1,997.51,997.84
999.7,997.22,996.65
998.8,997.76,996.78
998.5,995.54,994.23
998.6,995.84,994.96
998.6,995.39,993.52
998.5,994.96,994.51
998.9,995.18,994.97
998.6,995.75,995.71
998.0,995.59,995.59
997.4,995.78,995.66
997.0,995.28,994.75
996.5,995.54,994.08
995.9,995.25,994.25
995.8,994.96,993.74
995.5,994.76,992.28
995.6,994.49,992.05
995.8,993.41,991.78
995.8,995.1,996.4
995.5,994.79,994.66
995.4,996.41,996.88
995.4,995.2,994.67
995.4,994.42,994.86
996.0,993.64,995.41
995.4,991.51,992.26
995.1,992.57,994.43
995.2,992.92,994.14
995.9,991.41,992.07
996.6,992.66,992.7
997.1,990.85,988.83
997.6,990.02,989.97
998.5,990.03,990.54
999.1,989.66,988.68
999.6,989.88,992.08
999.9,990.05,991.22
1000.3,990.81,991.04
1000.4,990.87,991.82
1000.5,991.84,991.37
1001.1,991.59,989.85
1001.8,991.91,996.86
1002.3,992.33,992.95
1003.5,992.89,994.78
1004.4,992.92,991.03
1005.2,992.79,994.33
1005.6,994.36,993.9
1005.9,995.68,996.04
1006.4,995.65,994.4
1006.9,996.37,995.41
1006.4,996.22,995.84
1006.2,995.62,995.11
1006.3,995.29,996.7
1006.2,995.75,996.49
1006.1,996.25,997.19
1005.8,996.12,997.13
1005.6,996.84,995.55
1005.5,996.16,994.95
1005.7,996.58,995.82
1005.7,996.42,994.72
1005.7,996.93,995.87
1005.2,996.75,994.46
1005.4,996.63,994.52
1005.2,996.41,993.62
1005.6,996.06,993.43
1006.1,995.82,994.09
1006.2,996.84,997.52
1005.9,997.04,997.87
1005.9,996.82,997.15
1005.5,997.01,997.62
1004.9,998.13,997.97
1004.5,997.94,997.7
1003.9,998.14,997.24
1003.1,997.54,995.35
1002.1,997.45,994.41
1001.5,996.77,992.6
1001.3,996.55,996.54
1001.0,994.8,994.52
1001.1,995.72,993.75
1000.7,996.26,997.42
1000.8,995.62,994.11
1000.5,993.29,993.65
1000.3,993.94,990.02
1000.3,994.91,991.77
999.8,995.06,992.31
999.8,995.81,992.25
999.8,994.88,990.22
999.5,995.68,991.22
999.4,995.1,991.06
999.2,995.22,993.05
999.1,995.47,997.0
998.1,996.72,997.72
997.4,995.16,995.99
997.0,994.62,996.01
996.4,994.47,994.42
995.3,993.72,992.3
993.8,993.63,993.35
992.5,993.33,994.11
991.0,991.92,993.59
990.1,991.22,992.0
989.6,992.26,992.91
989.0,991.27,991.03
989.6,991.4,990.08
989.5,991.48,990.92
988.9,993.05,992.31
988.0,992.31,992.27
988.1,992.6,992.38
987.7,991.7,992.85
987.6,993.03,993.72
987.1,993.74,994.4
987.0,993.4,993.79
986.9,992.85,993.24
987.4,992.59,992.32
987.9,992.15,990.13
987.9,992.99,991.92
988.4,993.34,990.61
989.3,994.52,992.45
990.9,995.48,993.61
992.9,997.16,994.73
993.9,996.83,993.4
994.7,997.87,995.52
995.3,997.12,993.2
996.1,997.63,994.16
996.4,997.74,993.5
996.8,998.63,994.68
997.5,998.75,994.61
998.0,997.96,994.2
998.4,997.51,993.28
998.5,997.24,993.21
998.9,996.87,993.63
999.3,996.88,993.73
999.5,996.05,993.83
1000.1,997.03,993.62
1000.5,997.34,995.69
1000.4,996.47,995.23
999.8,996.57,995.99
1000.2,996.72,995.53
1000.2,997.72,997.21
1000.2,997.12,995.46
1000.5,997.63,996.56
1000.3,997.09,995.09
1000.0,996.06,994.85
999.6,996.4,996.14
998.7,996.31,995.53
995.8,996.6,995.83
996.0,996.22,996.38
996.3,996.48,996.84
995.9,996.94,996.62
995.1,995.42,995.36
994.8,996.12,994.67
994.2,994.6,993.25
993.9,995.63,995.14
993.5,994.86,992.48
992.5,995.5,995.21
991.9,995.42,994.78
990.8,995.12,993.09
989.4,992.78,988.15
988.2,993.97,990.21
986.7,991.45,986.38
986.3,993.53,989.84
984.7,993.79,990.09
983.9,993.08,991.49
983.3,991.59,992.01
983.2,991.3,988.52
983.0,991.01,988.77
982.4,991.85,992.39
982.1,991.87,991.52
982.4,991.82,991.3
982.9,994.0,992.17
983.7,994.02,993.41
984.1,992.76,991.4
984.7,993.21,993.08
985.0,993.66,993.06
985.7,992.57,990.37
986.1,993.39,991.89
987.0,993.02,991.77
986.8,994.05,993.17
987.3,994.16,993.98
986.9,993.64,993.09
986.9,994.29,993.9
987.2,994.96,994.31
987.7,995.81,992.78
988.0,995.06,990.2
988.3,995.06,990.55
989.1,995.77,992.18
989.6,995.58,994.94
990.4,995.87,995.64
990.9,995.95,994.87
991.8,996.21,994.48
992.2,996.48,992.97
992.3,996.65,994.3
992.7,995.55,992.82
993.0,996.64,992.99
992.1,997.22,995.57
991.9,997.03,994.86
992.0,996.92,994.27
992.6,996.18,994.91
992.4,996.53,995.4
993.1,995.81,995.01
993.6,994.41,992.91
993.3,995.65,993.48
992.9,995.1,993.04
992.8,994.56,992.45
992.2,995.22,994.96
992.3,994.58,992.48
992.5,993.79,991.75
993.0,992.64,989.51
993.8,993.45,991.02
994.4,992.89,992.18
994.8,993.29,993.82
995.0,994.11,994.87
994.7,994.7,995.51
995.6,992.76,993.7
995.8,993.38,994.74
995.4,991.82,993.48
995.6,992.47,994.01
995.7,991.76,993.85
995.2,991.94,994.84
994.8,991.18,992.05
995.1,992.82,993.81
995.4,992.42,992.18
995.3,992.44,993.37
995.2,992.72,992.92
994.7,992.47,995.44
995.0,992.45,994.63
994.8,992.35,990.99
994.2,992.28,994.17
994.5,992.73,995.73
993.9,993.36,996.64
993.6,992.74,996.26
993.4,992.76,996.25
993.8,993.4,994.33
994.5,993.14,992.72
994.7,993.25,992.52
994.6,992.58,992.79
994.6,992.73,992.89
994.3,994.54,992.23
994.5,994.28,992.93
994.9,993.75,993.38
994.2,994.23,994.09
994.2,993.41,995.84
994.0,992.64,994.1
995.0,993.58,996.47
995.1,992.6,995.14
994.9,993.67,996.75
994.5,992.92,994.16
994.7,993.67,996.11
994.7,994.36,998.79
994.6,992.17,993.47
994.6,992.81,996.46
993.7,992.5,994.81
993.7,992.31,995.97
993.2,992.15,994.96
993.8,991.37,992.96
993.8,991.21,993.61
993.9,992.38,991.44
994.6,993.1,993.45
995.2,992.85,992.12
995.5,993.89,993.53
996.0,993.69,992.74
996.5,993.48,991.35
996.4,993.88,993.16
996.1,993.7,993.03
996.0,994.48,993.23
996.3,993.54,993.9
996.1,995.13,995.01
995.9,994.49,992.82
995.8,994.77,993.29
995.9,994.26,991.82
995.6,993.94,992.79
995.7,994.05,993.66
996.1,993.46,991.67
996.1,993.49,989.35
996.1,993.13,990.65
995.4,993.66,990.45
995.3,992.94,991.33
995.1,993.25,990.21
994.9,993.5,990.52
994.9,993.23,990.27
995.5,994.25,991.54
995.9,994.29,992.68
996.1,994.53,990.79
996.3,994.76,989.51
996.2,994.75,990.59
996.1,994.45,989.44
1005.0,996.37,994.76
1005.2,995.87,993.42
1004.8,995.07,991.57
1004.7,995.38,993.71
1004.5,995.81,993.82
1004.6,996.16,996.13
1005.3,996.32,996.78
1005.6,996.33,995.32
1006.1,996.96,996.92
1006.3,996.75,997.59
1005.9,997.85,998.42
1005.7,997.98,998.88
1005.5,998.46,999.73
1004.8,998.81,1000.04
1004.5,998.38,1000.16
1004.0,997.59,998.98
1003.3,997.91,999.01
1002.7,996.62,997.9
1002.0,996.21,997.27
1001.4,995.04,996.12
1001.2,995.54,995.37
1001.5,994.73,995.68
1001.5,995.74,996.69
1001.4,996.39,997.71
1000.9,996.98,997.12
1000.4,995.55,996.13
999.8,995.86,996.53
999.3,995.49,992.0
998.9,995.66,992.94
998.6,996.47,994.2
998.6,996.15,998.44
998.7,996.77,998.51
998.9,996.19,997.72
998.6,996.68,998.19
998.0,996.96,999.03
997.5,997.48,1000.14
997.0,997.29,998.44
995.8,997.43,998.0
995.0,996.25,997.24
993.8,997.11,999.57
993.2,997.75,1000.19
992.5,996.79,997.6
992.1,997.05,998.13
991.5,996.86,998.44
991.5,996.9,999.47
991.6,995.99,996.68
992.0,995.37,994.3
992.0,994.86,992.69
991.6,994.19,991.55
991.1,992.96,989.63
991.2,993.46,990.38
990.8,992.06,988.28
990.6,992.67,988.89
990.7,993.67,989.92
990.8,993.53,992.02
991.3,993.47,991.66
991.1,994.73,994.7
991.4,992.49,991.9
991.4,992.6,991.13
991.2,994.07,992.25
990.8,994.87,992.46
990.3,995.01,994.64
990.0,992.58,993.26
989.3,995.36,992.99
989.0,993.91,991.69
988.3,993.22,991.45
988.1,995.24,993.64
987.8,993.62,992.79
987.7,993.06,993.42
988.1,993.18,994.14
988.2,994.19,993.81
988.3,993.97,991.38
988.0,993.94,990.67
987.8,994.23,991.21
987.8,993.99,991.03
987.6,993.59,991.25
987.5,993.88,992.03
987.7,993.73,992.67
987.8,993.51,993.0
988.3,992.78,991.36
989.4,994.66,989.41
990.0,995.02,990.58
990.5,995.15,991.13
991.2,996.07,992.6
991.1,995.32,992.01
991.5,995.0,994.3
992.3,995.51,993.65
993.2,995.37,993.34
993.9,994.4,991.79
994.2,996.11,995.6
994.5,995.98,995.36
994.7,998.41,994.49
995.1,996.45,993.81
995.2,996.69,995.35
995.6,997.73,996.46
995.9,998.22,997.05
995.6,998.24,996.66
995.9,996.28,994.0
995.6,996.53,995.67
995.7,996.58,996.11
996.7,995.68,995.64
996.6,996.26,998.21
996.6,995.76,997.43
997.0,995.04,995.16
996.9,994.83,994.72
997.1,995.35,997.82
996.8,993.8,996.14
997.1,992.86,995.96
997.1,992.45,996.29
997.6,991.96,994.95
997.9,992.19,994.15
999.0,991.72,992.3
999.1,992.11,993.96
999.5,993.33,994.85
999.2,993.59,995.62
999.1,993.4,994.36
998.3,993.66,995.05
999.6,995.04,997.22
999.2,994.6,996.23
998.1,995.02,997.1
997.0,993.45,993.05
996.0,992.83,993.61
994.5,993.28,994.79
995.9,993.73,992.16
994.7,993.63,995.09
995.0,993.65,992.78
994.4,991.69,988.82
994.1,993.13,991.59
992.5,991.62,987.37
993.0,992.42,988.73
992.0,992.19,987.15
990.9,992.43,986.94
991.1,991.96,986.35
990.7,990.52,983.78
988.6,989.88,986.95
988.0,990.71,991.3
987.9,990.6,980.57
987.4,991.71,989.61
987.3,990.64,984.7
986.7,990.98,987.27
986.9,991.24,985.25
985.8,991.0,986.43
985.4,990.31,985.24
984.4,991.3,988.58
984.4,991.0,985.78
984.0,990.97,986.06
983.8,991.41,986.36
984.9,993.18,991.24
984.7,991.89,990.84
984.7,991.74,991.28
984.5,992.33,991.9
984.5,992.13,991.04
984.3,992.28,991.32
983.9,992.72,992.53
983.0,993.28,993.68
983.1,991.93,989.25
982.9,992.99,990.87
982.8,992.09,989.02
983.1,993.46,990.34
983.2,992.51,989.62
983.7,992.95,991.05
984.4,991.97,988.99
984.9,993.03,991.26
985.5,993.85,990.76
986.0,993.16,989.49
986.7,993.37,992.52
987.5,993.98,993.31
988.0,993.39,992.84
988.7,994.19,993.05
989.0,992.01,988.02
989.6,992.67,989.3
989.9,993.21,991.85
990.7,992.21,989.39
991.0,993.13,991.0
990.9,992.37,990.9
990.8,992.39,990.86
990.8,992.45,988.59
990.7,992.09,989.55
990.4,992.58,991.64
990.6,992.46,991.46
990.9,992.54,992.0
991.3,993.11,993.23
991.9,993.46,991.64
992.3,995.06,992.48
992.7,995.37,993.3
993.4,994.89,993.46
994.0,994.6,992.46
994.7,995.15,993.66
994.9,995.48,994.83
995.0,996.9,995.97
995.4,996.37,994.96
995.7,996.69,995.5
996.1,996.75,994.82
996.1,996.03,994.86
996.6,997.45,995.71
997.0,994.82,995.35
996.9,996.36,995.58
997.3,996.28,995.2
997.0,996.76,995.55
997.0,997.34,995.93
996.5,995.73,996.64
995.8,993.58,996.43
995.8,995.35,996.71
995.9,996.59,995.88
996.0,997.2,996.03
996.4,997.53,996.66
996.8,997.29,997.32
997.0,997.43,997.59
997.7,997.97,996.68
998.4,998.68,998.24
998.4,999.68,999.03
998.6,999.46,999.41
998.6,998.86,999.51
998.7,999.97,1000.31
998.7,998.94,1000.56
998.8,999.45,999.7
998.8,997.36,998.63
999.0,996.59,997.02
998.9,996.78,997.62
999.1,996.1,997.13
999.5,995.61,997.06
999.9,995.93,996.6
1000.2,995.41,995.78
1000.4,996.23,995.66
1000.6,996.39,995.65
1000.6,995.13,995.97
1000.5,996.07,995.85
1000.6,995.83,997.16
1000.8,992.72,997.03
1001.1,995.92,997.09
1002.0,996.32,998.12
1002.4,997.65,998.95
1003.5,996.18,997.24
1003.7,995.28,995.19
1004.2,996.15,995.74
1004.4,995.7,997.03
990.7,995.91,994.99
992.2,997.93,996.06
993.1,998.11,999.85
994.1,999.08,1000.34
994.3,999.21,998.73
994.5,1000.79,1000.61
994.5,1001.23,999.81
994.5,1001.28,1000.95
994.2,1000.22,999.99
994.1,1000.03,999.94
993.8,998.23,997.15
993.7,998.32,995.55
993.7,998.08,993.75
993.8,997.92,994.92
994.0,997.08,994.18
994.6,995.99,995.47
994.9,996.81,996.62
995.2,996.36,998.12
994.9,995.95,998.22
994.8,997.25,1000.04
994.8,995.1,1000.37
995.3,994.97,1000.78
995.2,998.03,1002.61
995.5,996.59,1003.27
996.0,996.9,1001.77
996.0,998.34,1000.62
996.0,997.25,1001.23
995.8,995.15,998.22
995.5,993.21,996.76
995.1,995.08,996.26
994.5,993.8,993.36
994.0,993.85,993.22
993.5,996.8,994.78
992.9,993.82,993.06
992.0,991.55,992.81
991.5,989.98,991.3
991.7,991.89,991.14
991.5,991.77,991.03
992.9,991.82,992.06
993.0,992.06,992.7
992.4,992.81,991.97
992.0,993.1,993.35
992.0,992.94,994.34
991.8,993.41,993.54
992.3,993.13,991.04
992.1,994.58,993.2
992.3,995.07,994.05
992.8,993.35,992.2
992.5,994.29,993.36
992.0,993.76,993.75
991.1,994.3,993.28
990.6,993.0,994.69
989.9,992.92,994.76
989.7,991.42,992.63
989.3,991.73,993.19
990.4,992.32,991.09
989.2,992.84,993.24
988.6,992.76,993.31
987.9,991.67,991.66
987.4,991.83,992.56
988.0,990.37,993.17
988.4,990.89,993.08
988.8,992.44,993.72
989.6,991.96,992.4
990.1,992.1,992.63
990.3,992.84,992.15
990.3,993.5,992.84
990.3,992.67,992.71
990.4,992.81,991.87
991.2,992.68,990.45
992.0,993.87,991.45
992.9,994.35,991.63
994.3,995.36,995.2
995.6,995.41,994.0
995.8,992.08,989.94
997.1,995.7,994.2
997.6,995.58,992.1
997.3,994.98,991.84
997.0,995.56,991.72
997.0,994.81,990.72
996.7,995.84,992.9
996.9,995.29,993.1
996.5,995.12,993.1
997.1,993.22,992.56
997.3,993.45,993.32
997.8,993.46,993.5
997.6,990.71,992.78
997.2,990.46,994.72
996.7,991.96,994.24
996.8,992.74,995.77
996.7,990.33,997.28
997.4,990.25,995.35
997.2,991.61,996.99
997.6,993.77,991.69
997.8,994.04,992.64
998.7,994.13,993.4
998.8,994.26,994.71
998.8,994.95,994.38
998.2,994.65,993.64
998.5,996.16,994.24
998.5,994.61,993.62
997.8,996.14,994.35
997.7,995.45,993.7
997.4,994.09,994.5
997.3,994.59,994.8
996.8,993.24,994.36
996.8,992.49,992.08
996.7,992.99,992.5
996.7,991.43,989.67
996.8,991.6,990.58
996.7,991.9,990.79
996.7,993.41,991.83
996.2,995.07,994.38
992.8,995.57,993.61
993.0,995.58,994.74
993.1,995.8,995.86
993.1,996.27,996.55
992.8,994.98,995.07
993.1,995.66,995.67
992.9,995.75,995.28
992.3,996.21,996.39
991.9,996.05,995.66
991.4,997.42,996.3
990.6,996.67,997.01
989.9,996.13,995.52
989.5,995.52,994.56
989.1,994.28,994.73
989.2,994.15,995.35
989.1,994.48,995.52
989.3,994.08,996.13
988.9,993.61,995.51
988.7,992.9,995.46
989.0,990.79,994.15
987.6,992.08,993.29
987.6,993.64,995.0
987.5,994.74,995.47
988.2,994.02,993.18
987.7,993.3,993.83
987.7,993.8,995.59
987.2,995.05,996.86
987.7,996.08,997.32
986.9,996.36,997.05
986.5,996.07,997.18
986.1,995.96,996.29
985.5,995.68,995.66
984.9,994.66,995.07
984.3,991.38,990.65
984.1,990.03,992.89
984.4,993.06,990.74
985.2,993.88,994.8
985.4,994.08,995.41
985.3,993.05,995.28
985.3,993.42,994.5
985.9,992.98,992.71
986.1,993.29,993.12
986.2,993.83,993.36
985.8,994.13,993.34
985.3,993.62,991.13
985.3,993.7,992.09
984.9,993.56,991.33
984.7,993.36,991.65
985.0,994.58,996.2
984.8,993.91,993.39
984.3,994.66,996.09
984.3,995.44,997.58
984.1,994.22,992.98
998.5,996.81,996.17
998.4,997.5,995.98
998.3,997.63,997.09
998.2,995.81,992.54
997.8,996.19,992.86
997.7,995.13,992.5
998.1,995.18,993.66
998.6,995.52,995.21
999.2,996.59,997.18
999.4,996.07,997.56
998.9,995.34,996.9
999.1,996.62,996.81
999.1,996.53,997.15
999.2,996.01,995.72
999.3,996.61,996.75
998.9,995.74,995.72
998.6,995.49,995.69
998.3,993.08,995.69
997.4,993.62,994.48
997.7,994.69,995.42
997.9,992.56,994.46
998.1,994.65,994.45
998.1,993.45,993.95
997.9,992.44,993.61
997.1,992.76,994.17
996.9,994.06,994.62
996.3,993.7,994.29
996.4,992.85,993.89
996.4,994.04,994.75
996.7,993.41,994.86
996.5,993.33,995.43
996.1,994.88,997.7
996.6,995.74,997.33
996.0,995.37,997.99
995.7,996.18,996.79
995.5,996.89,997.27
994.6,996.91,997.45
994.1,995.86,995.33
993.3,994.02,993.41
992.8,993.76,992.53
992.5,993.54,992.27
992.0,993.21,991.83
991.5,993.51,992.51
990.9,993.14,992.1
990.6,993.06,993.89
991.1,992.93,993.44
991.2,991.67,993.64
991.3,992.12,993.88
990.6,992.48,993.86
990.3,992.57,993.14
989.6,991.6,990.85
989.4,991.84,990.84
989.0,991.95,992.02
988.6,992.31,991.94
989.2,992.08,991.24
989.4,992.6,992.0
989.4,992.98,993.44
989.3,993.36,994.77
989.3,993.24,994.57
989.2,992.78,992.52
988.6,991.29,992.91
988.6,989.43,990.79
987.7,990.44,992.24
987.3,989.61,991.03
986.6,990.02,992.11
986.6,990.03,992.31
987.1,991.21,992.68
987.5,990.64,992.7
987.8,990.32,993.77
988.2,990.93,994.18
988.4,991.84,993.95
989.2,992.15,992.5
989.0,994.58,992.28
988.6,992.64,991.99
987.4,993.03,990.87
988.5,994.72,993.41
988.7,991.74,993.55
988.8,994.16,991.68
989.2,994.17,992.79
989.9,994.63,991.3
989.6,993.99,992.09
989.1,996.35,994.84
989.3,995.68,991.29
988.7,995.9,992.23
987.0,994.7,991.59
987.5,992.61,992.29
986.7,992.21,991.19
984.1,993.74,990.89
983.9,993.4,991.01
983.7,993.28,991.38
984.0,994.01,992.18
984.9,992.21,990.68
984.8,992.74,992.48
985.4,993.04,991.84
986.4,992.68,992.37
986.7,989.84,994.11
987.0,992.08,994.36
987.2,993.43,995.23
987.5,992.86,994.13
988.0,991.59,993.61
988.5,991.49,992.71
989.4,991.27,994.7
990.0,992.51,995.35
990.8,992.71,995.31
991.9,994.53,995.4
992.3,995.52,996.28
992.5,996.95,995.54
992.4,995.24,995.47
992.8,994.82,996.05
992.5,994.09,994.67
992.2,995.36,995.22
992.3,994.55,995.31
992.4,989.76,993.75
992.7,994.2,994.81
992.9,994.8,995.2
993.4,990.91,988.8
993.5,993.76,995.34
993.7,993.68,994.57
993.8,990.74,994.98
993.9,991.79,992.09
993.8,992.17,992.51
993.5,992.19,992.86
993.0,991.57,991.26
993.4,991.6,991.81
993.9,992.89,993.83
994.2,991.73,991.35
994.7,991.71,990.92
995.1,992.56,992.41
994.7,992.86,992.31
995.1,992.04,991.85
995.3,992.59,991.05
994.4,993.05,992.87
994.3,993.25,992.93
994.1,993.42,993.19
993.2,994.59,995.54
992.0,993.12,993.93
991.8,990.53,991.62
991.3,989.39,992.6
991.4,991.61,992.41
991.7,991.66,992.24
992.0,991.68,992.99
992.5,992.12,993.62
992.3,991.95,993.5
992.0,992.36,993.67
991.4,991.56,991.99
991.2,992.91,993.32
991.0,992.87,992.79
991.0,993.07,993.22
991.8,991.39,992.53
991.5,992.42,992.46
991.2,992.69,992.74
991.0,991.8,991.72
991.1,994.6,995.44
990.6,991.68,992.39
990.1,991.59,992.43
990.2,991.77,992.32
990.2,993.42,993.48
989.3,991.3,992.62
989.0,990.98,992.94
988.2,988.64,990.44
988.3,990.02,991.27
988.7,990.27,990.49
989.1,990.58,990.21
989.9,991.39,990.8
990.7,989.65,989.1
991.6,991.64,991.33
992.2,992.1,992.24
992.9,991.59,992.25
993.2,992.56,991.97
993.7,991.39,989.93
993.9,992.1,989.08
994.6,991.8,989.81
995.4,992.61,990.95
995.7,992.74,990.75
996.2,992.73,991.02
996.3,992.92,992.58
996.1,992.31,992.29
996.2,992.86,992.44
996.2,994.3,992.55
996.0,992.11,991.57
995.4,991.88,990.67
995.2,989.61,989.53
994.9,991.93,992.16
995.0,990.54,990.47
994.9,990.68,989.28
994.8,989.98,989.13
994.9,990.22,989.91
995.1,991.3,991.34
995.5,991.73,991.23
995.8,991.79,991.89
995.8,990.73,991.92
996.1,991.37,991.57
996.1,991.27,991.55
996.2,992.55,992.29
996.5,992.73,992.56
997.4,991.87,990.73
998.2,991.88,990.67
999.0,992.7,992.26
999.3,992.2,992.59
999.2,992.58,992.63
998.7,992.99,995.11
998.7,993.57,994.74
998.6,993.31,993.64
998.3,992.67,993.06
997.3,991.73,992.8
997.2,991.28,991.91
997.0,990.82,991.98
996.7,989.24,991.56
996.5,991.4,992.94
997.1,991.08,992.02
997.2,991.28,992.54
997.8,992.36,993.02
999.7,991.86,992.85
999.6,993.04,993.16
999.3,991.43,993.34
999.8,994.44,993.55
1000.0,994.96,992.83
999.8,992.08,991.98
999.5,991.43,993.18
999.5,992.55,993.15
999.7,994.3,994.35
999.8,994.33,994.82
1000.3,994.63,995.31
1000.4,992.61,994.68
1000.3,992.91,995.15
1000.6,996.71,992.95
1000.4,997.17,993.41
1000.4,998.7,991.87
1000.7,996.59,990.35
1000.8,997.2,994.32
1000.6,996.11,993.88
1000.5,996.34,993.17
1000.5,994.46,992.81
1000.6,996.3,993.92
1000.1,995.41,992.59
1000.3,993.26,991.98
1000.9,993.77,992.58
1000.9,994.68,991.96
1000.8,990.74,991.14
1000.7,992.94,991.93
1000.9,993.98,994.04
1000.4,993.76,993.78
1000.5,991.89,991.95
1000.6,992.67,993.41
1001.1,993.74,992.74
1001.4,994.8,993.46
1001.5,995.54,994.75
1001.6,995.18,992.66
1001.4,994.31,994.22
1000.7,995.1,995.72
999.9,994.5,995.74
999.1,995.16,995.51
998.5,995.29,994.68
998.6,995.02,994.13
997.3,994.01,993.09
997.6,993.69,993.02
997.0,994.35,992.85
996.9,993.63,992.23
996.6,991.45,991.59
996.5,992.91,991.26
996.2,992.14,992.34
996.2,991.72,991.9
995.9,990.07,990.31
994.9,990.82,991.43
994.2,991.27,992.36
994.5,990.73,990.66
994.7,991.04,991.43
995.4,990.94,991.15
995.7,990.2,990.93
995.9,992.95,993.83
995.8,990.86,992.33
995.6,989.25,990.53
994.8,990.19,991.22
994.3,990.73,990.01
993.8,990.25,990.29
993.6,994.26,994.25
992.6,992.92,993.51
992.1,992.62,993.65
992.2,992.84,992.92
991.9,992.78,993.34
991.9,990.36,992.73
993.5,992.88,991.79
993.6,993.51,992.28
993.0,993.63,992.92
992.7,992.69,992.83
992.5,993.98,993.14
992.0,993.52,991.92
991.5,993.35,991.67
991.9,992.54,991.69
992.2,991.44,990.83
992.3,991.51,992.52
992.5,990.87,992.77
992.7,991.98,993.3
992.4,993.35,995.18
992.5,993.54,994.7
992.3,992.25,994.07
992.2,991.45,991.22
992.2,992.86,993.77
991.8,992.64,992.63
991.6,991.56,990.97
991.5,990.85,990.89
991.1,990.62,991.93
991.5,990.01,990.97
991.9,990.61,991.96
992.4,991.07,992.59
993.7,992.93,993.18
994.1,993.86,993.42
994.6,993.74,993.6
994.7,993.59,994.14
994.8,994.87,993.33
995.6,995.73,991.94
996.1,994.13,991.99
996.8,994.63,992.35
997.4,995.27,992.99
997.7,995.59,993.36
997.7,997.52,994.9
997.6,998.22,994.2
997.6,998.02,995.59
997.3,997.45,996.07
997.4,998.11,996.29
996.8,997.71,996.34
996.3,997.27,995.72
995.9,996.97,994.87
995.9,995.1,993.82
995.7,993.44,992.4
995.5,993.22,992.32
995.5,992.86,991.99
996.2,993.82,994.19
995.6,993.94,993.76
995.0,993.28,993.81
994.7,989.97,993.36
995.3,991.31,991.97
995.3,992.31,992.78
995.4,991.8,992.43
994.8,993.4,993.91
994.4,993.09,990.68
993.6,994.93,992.48
992.7,992.69,994.21
992.1,993.29,994.62
991.2,992.7,992.57
991.2,991.94,992.78
990.9,990.3,992.12
991.1,992.91,992.66
991.6,990.1,991.94
992.2,990.58,992.74
992.3,991.59,993.64
991.9,990.42,993.43
991.8,993.39,992.25
991.5,990.92,992.8
991.1,992.7,995.11
990.9,994.31,994.76
990.6,994.39,994.3
990.9,993.4,993.45
990.4,993.84,993.41
990.8,992.11,992.25
991.2,992.78,993.13
991.4,992.9,992.26
991.2,994.11,994.04
990.9,995.07,990.93
990.6,993.64,992.4
991.1,996.95,992.91
990.7,995.73,993.99
990.0,996.88,994.65
989.7,994.06,993.07
990.0,993.74,993.1
990.2,993.71,992.83
990.2,993.67,992.27
990.8,992.42,991.99
991.1,992.03,991.39
990.9,991.97,991.66
990.9,992.38,991.8
991.1,992.25,992.61
991.5,992.29,992.7
991.3,992.06,992.45
991.6,993.26,992.82
992.0,992.71,992.75
992.5,992.75,994.08
993.3,994.67,994.85
993.7,994.79,994.3
994.0,995.93,994.45
994.1,995.68,994.56
994.3,996.46,994.56
994.5,996.59,994.58
994.3,996.82,994.84
994.0,995.79,993.52
993.9,996.33,994.28
993.8,997.08,994.19
993.6,994.1,993.17
993.4,994.08,992.91
993.4,994.47,993.42
993.5,994.53,992.68
993.8,990.31,992.71
994.4,990.26,992.52
994.5,990.12,992.62
994.7,991.09,994.1
994.6,992.06,993.97
994.8,992.35,994.11
994.6,992.82,994.28
994.7,993.53,994.01
994.8,993.05,994.45
995.1,993.43,994.81
995.6,994.4,994.74
995.6,992.91,994.85
995.5,992.77,994.51
995.3,990.12,993.3
995.0,993.46,994.29
994.7,993.87,993.87
994.7,993.12,992.57
994.4,994.93,991.48
994.2,993.83,991.42
993.6,992.19,991.52
993.0,992.28,992.11
992.6,992.35,992.23
992.6,993.15,992.41
992.7,994.0,992.18
993.4,990.97,992.45
993.7,991.84,992.57
993.8,989.52,993.24
994.8,994.27,992.54
994.3,993.28,993.12
993.8,994.07,993.3
993.9,992.34,993.05
993.9,993.51,993.4
994.4,992.72,992.35
994.8,992.68,993.99
995.3,993.48,994.64
995.9,992.64,995.16
995.9,993.53,995.81
995.7,995.12,994.31
995.9,994.06,993.54
996.0,995.07,994.2
995.8,996.2,994.28
995.7,994.96,993.52
995.4,996.68,993.42
995.2,995.05,994.7
995.2,994.19,993.42
995.1,993.28,993.8
995.0,992.05,992.5
995.1,992.46,993.1
995.8,991.56,992.51
996.4,991.03,992.13
996.7,989.23,993.77
996.5,990.09,994.58
996.2,989.45,994.54
996.7,991.36,994.5
996.8,992.46,994.4
996.9,992.42,994.41
996.7,991.38,994.3
996.8,992.91,994.69
997.3,992.8,994.18
998.1,992.69,995.18
999.5,993.02,994.43
1000.0,995.14,993.57
999.5,992.85,994.14
998.7,993.4,991.87
997.8,995.28,994.1
997.9,994.32,994.44
997.3,995.22,994.38
996.7,993.71,993.3
996.2,992.87,994.07
995.9,992.8,993.59
995.7,992.04,993.76
995.9,991.62,993.42
997.0,992.2,993.43
997.2,992.45,993.86
997.1,990.49,993.24
997.0,991.95,993.44
996.5,991.17,993.33
996.5,991.29,993.89
996.4,992.05,992.64
996.4,991.27,993.66
996.3,992.14,994.69
996.6,992.53,994.93
996.5,992.54,994.89
996.2,992.82,994.97
995.9,992.64,994.29
995.9,992.52,994.4
995.4,991.76,993.6
994.4,991.74,993.02
993.6,990.68,993.0
992.8,991.18,994.37
992.6,989.72,991.29
992.1,989.89,990.82
991.7,989.44,989.98
992.0,989.79,992.79
992.0,991.75,992.43
991.9,992.09,993.43
991.6,992.91,993.01
991.9,991.58,992.8
991.4,991.92,993.87
990.6,994.71,993.22
990.3,992.17,992.36
989.8,994.29,992.41
989.9,992.75,992.17
990.1,993.47,993.64
990.0,992.09,994.32
990.1,993.22,994.18
990.4,993.44,994.45
990.5,993.04,993.16
990.7,993.14,993.96
990.8,993.21,992.72
990.8,993.1,993.44
990.7,993.57,993.8
990.2,992.68,993.44
991.4,994.34,989.64
991.4,993.04,988.84
991.5,993.94,989.93
992.1,993.32,989.44
993.1,994.25,991.36
993.4,995.43,991.3
993.9,994.11,990.81
994.1,992.91,990.21
994.0,993.27,989.85
993.5,993.49,990.91
993.3,994.4,991.99
993.6,993.6,991.77
994.3,993.53,991.4
994.9,993.7,992.33
995.1,993.53,992.92
995.9,992.32,991.87
996.3,994.43,996.33
997.0,993.02,994.79
997.3,994.88,997.55
997.6,995.27,997.82
997.6,997.01,996.28
997.8,996.15,997.48
997.5,995.86,997.25
997.3,996.29,997.27
997.0,995.73,997.74
997.1,994.47,995.49
996.8,994.88,995.47
997.2,995.3,996.24
997.2,994.18,995.73
997.4,994.42,995.7
997.8,994.04,994.52
998.2,993.98,995.03
998.6,993.72,994.92
998.3,992.12,994.14
997.6,993.81,995.12
997.3,994.24,995.62
997.1,990.46,995.85
996.7,992.62,995.19
997.6,992.31,994.91
997.6,991.87,995.05
997.9,993.0,995.82
998.0,993.76,995.67
997.6,994.04,995.6
997.3,992.59,993.9
997.6,990.73,990.0
997.4,995.15,994.76
996.9,995.44,993.98
996.6,994.19,992.42
996.0,994.8,992.78
995.6,992.03,991.98
994.7,994.13,993.0
995.2,993.12,991.43
995.7,993.17,991.8
996.0,994.43,992.49
996.8,991.72,989.43
996.4,992.11,990.5
996.1,991.98,990.3
995.5,992.28,991.01
995.3,991.92,990.09
994.9,992.05,990.29
994.9,992.78,991.43
995.1,993.36,991.88
995.4,993.64,991.77
995.9,993.24,991.84
996.5,995.05,994.28
996.5,996.08,994.86
996.3,995.96,994.13
996.4,994.33,993.37
996.6,994.5,993.09
996.2,994.09,992.88
995.8,994.32,993.94
995.5,993.58,993.12
995.3,993.7,995.04
995.1,993.27,993.72
995.1,993.07,993.73
995.3,992.8,993.82
995.3,993.5,994.26
995.8,993.36,993.92
995.5,993.74,995.22
995.3,992.27,993.82
995.4,993.55,994.52
994.8,993.3,993.91
995.1,994.27,994.69
994.9,993.39,994.13
994.7,990.28,993.58
994.5,994.17,994.32
995.0,994.14,994.57
995.4,993.91,993.68
995.5,994.49,995.28
995.7,995.13,995.93
995.6,996.33,996.49
995.4,997.02,996.75
995.5,996.33,996.47
994.7,996.11,997.1
994.2,996.15,996.67
993.3,995.22,996.78
992.8,993.84,994.57
992.3,994.25,994.34
992.0,992.89,994.12
993.4,993.76,993.81
992.5,994.41,995.3
993.2,993.24,993.88
993.2,991.84,992.36
992.8,993.58,992.29
993.1,991.37,990.33
991.3,992.84,992.73
990.9,992.39,992.7
990.7,991.85,992.4
990.4,992.02,991.71
991.1,991.0,991.67
991.6,992.07,993.5
991.9,991.94,993.23
992.6,990.64,992.38
992.8,992.08,991.74
992.6,992.4,993.78
992.4,995.93,994.48
992.2,992.07,992.6
992.1,992.6,993.59
991.7,992.44,993.21
990.9,991.68,992.84
990.4,989.34,990.0
989.8,991.72,992.28
990.0,991.57,992.37
989.9,989.56,991.78
989.8,990.69,992.3
991.8,992.41,992.36
991.1,994.94,993.01
990.6,994.0,993.68
990.2,994.84,994.04
989.2,992.88,993.11
988.1,993.71,994.09
988.1,991.74,993.62
989.5,993.53,993.73
990.2,992.55,993.98
990.8,993.77,994.6
991.2,993.67,992.25
991.7,993.36,993.42
991.6,993.78,992.81
991.7,994.63,991.05
991.8,993.7,992.72
991.8,992.73,991.34
992.0,993.0,991.59
991.5,993.62,992.72
991.2,991.91,990.52
991.3,992.12,992.28
991.3,991.67,991.65
991.5,991.43,992.62
992.0,991.1,993.19
992.4,991.25,992.92
993.3,990.94,991.97
993.5,993.87,993.67
993.8,992.22,992.99
993.8,994.06,993.62
993.9,992.07,993.66
994.3,991.99,994.12
994.5,993.4,994.38
995.2,993.59,994.48
995.4,993.92,994.47
995.9,994.53,993.99
996.0,993.39,994.18
995.9,995.92,994.42
995.8,996.55,995.46
996.4,996.35,995.1
996.3,996.72,994.78
996.3,996.16,993.91
996.2,995.45,993.93
995.7,995.57,994.77
995.5,994.92,992.42
995.2,995.41,992.84
995.0,995.44,992.76
995.5,995.73,992.99
995.5,994.85,992.83
995.6,994.45,992.82
995.9,993.79,992.01
996.4,993.57,992.5
996.8,990.59,992.8
996.7,992.23,992.46
996.6,990.92,994.47
996.5,992.75,993.72
996.7,993.24,994.8
996.7,993.85,994.1
997.1,993.37,994.37
997.4,993.03,995.01
997.8,992.97,995.28
997.6,996.58,995.3
998.1,996.37,993.57
998.3,995.46,994.39
998.4,995.1,994.68
998.0,995.92,995.06
997.7,995.7,994.35
997.4,995.48,994.13
997.3,993.6,993.73
996.7,993.21,993.42
996.2,993.35,993.63
996.4,992.93,993.23
996.5,992.39,992.91
996.9,989.44,992.9
997.2,993.93,992.45
997.3,991.09,991.79
997.1,990.22,991.77
997.4,990.47,991.72
997.7,990.46,992.35
998.0,990.46,994.54
997.8,990.68,994.92
997.3,990.88,995.19
996.7,990.92,994.48
997.5,994.14,994.63
997.5,994.34,995.02
997.8,995.04,994.54
997.4,995.55,993.52
997.1,996.65,994.05
996.5,996.28,994.29
996.2,993.9,992.59
995.7,992.87,991.95
995.0,993.22,992.7
994.5,992.83,991.99
993.9,991.91,990.49
993.3,992.18,991.27
992.8,992.46,991.87
992.5,992.29,991.55
992.3,992.59,992.19
992.8,992.13,991.9
993.0,989.17,992.39
993.1,992.2,992.57
992.7,992.16,993.62
992.2,992.04,994.03
991.5,991.72,994.08
991.2,992.3,994.28
991.3,991.58,993.58
991.2,992.18,993.98
991.8,992.01,993.43
992.0,992.3,993.66
991.7,993.02,994.55
991.1,993.55,993.48
990.5,994.92,992.86
989.9,995.06,993.97
989.3,993.03,994.08
988.4,993.09,994.4
987.8,991.31,991.95
988.4,993.28,994.02
988.0,993.18,993.56
986.9,993.06,993.07
987.8,992.46,992.31
987.5,991.89,992.27
987.5,992.14,992.15
988.1,991.89,993.49
988.4,993.17,993.79
989.4,994.03,994.0
991.4,993.67,994.66
991.7,993.92,994.3
992.2,992.63,992.45
994.1,994.91,993.92
995.1,994.29,993.58
995.5,994.89,994.39
995.7,995.4,995.04
995.8,995.69,993.95
996.6,994.82,993.22
997.3,994.07,992.76
997.7,993.33,991.41
998.2,994.31,994.34
998.2,994.27,995.82
998.1,993.34,994.68
997.8,993.22,995.1
998.5,993.64,995.84
998.5,992.81,994.32
999.2,993.05,995.11
999.5,993.71,996.88
999.7,993.63,996.7
999.5,994.51,997.97
999.3,994.0,997.37
999.2,994.04,997.82
998.8,994.81,998.28
999.0,993.12,996.66
999.0,993.72,997.04
999.2,994.18,996.6
999.2,992.7,995.74
999.4,994.7,997.67
999.4,992.9,995.51
999.9,993.42,995.65
999.9,994.62,996.3
1000.0,996.22,997.6
999.9,996.41,997.12
999.4,997.11,998.37
999.1,997.02,998.24
998.7,997.81,998.69
998.0,996.89,999.03
997.6,995.8,997.7
997.3,995.08,995.73
997.2,995.32,995.86
997.0,994.34,994.82
997.8,993.64,994.22
997.5,992.13,991.61
997.5,991.99,990.8
997.3,992.22,990.7
996.7,992.64,990.87
996.1,991.76,993.7
995.8,990.0,994.39
995.3,991.91,994.44
994.7,992.85,994.85
994.9,992.51,994.7
994.4,992.21,994.16
994.3,992.79,993.23
994.3,991.38,992.25
993.8,991.93,992.46
992.9,993.26,992.23
992.0,994.12,993.44
991.9,993.38,991.92
991.1,993.48,993.02
990.9,992.93,992.63
990.6,993.24,992.43
990.6,992.15,991.84
991.0,991.13,991.62
991.5,993.72,992.19
992.2,992.84,991.97
992.5,992.76,991.97
992.3,991.52,992.23
992.2,991.72,991.46
992.2,991.56,990.7
992.3,992.3,991.78
992.4,992.05,992.44
992.9,992.72,991.96
993.0,993.36,993.1
994.0,993.27,992.14
994.6,992.93,992.67
995.7,994.12,994.81
996.1,994.37,994.85
994.9,993.24,994.69
995.3,993.08,993.52
995.2,994.3,993.75
995.4,994.11,994.01
995.3,994.4,993.93
995.6,994.74,994.21
995.8,993.27,993.48
995.7,994.41,994.26
995.4,992.6,993.72
995.8,992.22,993.28
995.8,992.69,993.87
996.2,992.83,993.86
996.7,993.18,994.53
995.8,993.2,995.56
996.0,993.51,995.41
996.4,994.01,996.26
996.2,993.33,995.04
996.4,991.16,992.68
996.8,992.49,993.18
997.1,992.87,992.69
996.9,993.22,993.31
997.3,993.91,994.54
997.9,994.44,994.8
998.0,994.99,995.91
998.1,995.19,996.51
997.7,995.51,996.92
997.6,996.13,998.12
997.2,996.01,997.19
997.4,996.4,997.61
997.4,996.6,996.93
997.0,995.25,997.37
996.9,994.77,995.74
997.1,994.81,995.24
997.0,994.56,995.34
996.8,994.88,995.06
996.7,994.26,995.14
996.9,993.75,993.72
996.7,992.75,994.13
997.1,993.18,993.66
997.2,993.3,993.77
997.5,994.18,993.9
997.5,992.96,992.77
997.8,993.29,992.67
997.7,994.35,993.86
998.0,993.53,993.89
998.1,993.44,994.63
998.1,994.01,994.52
998.1,994.76,995.37
998.6,994.15,995.12
999.0,995.36,993.44
998.9,994.63,993.03
998.2,994.62,991.65
998.3,994.99,993.45
998.0,994.28,994.01
997.5,993.46,993.28
997.3,993.08,992.89
997.3,993.39,992.25
997.3,992.75,992.91
997.5,992.55,992.59
998.1,991.54,990.71
998.0,992.07,991.88
998.0,993.2,992.54
998.1,992.72,991.88
997.7,992.72,992.28
997.8,992.82,992.65
997.6,992.91,993.07
997.6,992.13,992.6
997.5,991.98,991.36
997.4,992.11,992.55
997.8,993.37,993.82
997.3,991.22,992.9
997.1,993.9,994.86
996.7,993.74,994.33
996.2,994.15,993.73
995.4,993.25,994.61
995.4,989.31,992.37
995.3,991.11,992.61
994.8,991.64,992.08
994.5,990.22,992.19
994.3,991.21,993.21
994.2,991.36,991.25
994.4,991.77,993.07
995.1,991.95,991.41
995.0,992.01,990.81
994.4,992.11,990.24
994.3,991.27,989.89
995.1,991.63,990.38
995.2,991.77,990.42
994.6,991.98,991.29
994.4,992.03,991.4
994.6,992.16,990.19
994.7,991.95,989.91
995.0,991.83,990.7
995.2,991.91,991.63
995.5,992.4,991.16
995.3,994.06,992.61
995.2,992.02,992.6
994.9,993.43,993.5
994.5,989.98,989.05
994.3,991.13,991.12
993.5,990.29,990.22
994.7,994.27,991.46
994.9,993.08,989.83
995.2,992.95,989.03
994.4,992.29,989.78
994.5,993.01,991.14
994.9,992.53,991.5
995.4,992.78,991.4
995.2,991.81,990.89
995.3,992.98,991.84
995.4,992.08,992.25
995.0,993.84,992.88
994.9,994.09,992.87
995.5,990.45,992.32
995.8,994.2,993.21
995.8,993.66,991.99
996.0,993.51,992.37
996.4,993.53,992.92
996.8,995.05,992.59
997.2,993.72,994.43
997.5,993.09,993.42
997.6,994.68,992.52
997.4,993.87,992.01
996.9,994.84,992.53
996.1,995.15,994.0
996.1,994.29,993.05
995.8,994.41,994.02
996.0,993.76,993.17
996.0,993.38,993.53
996.5,994.12,994.12
996.7,992.73,994.15
996.8,993.17,993.33
996.5,993.49,993.43
996.3,992.49,993.37
995.6,992.94,992.63
995.2,992.14,994.05
994.3,992.28,992.9
994.5,991.16,990.47
994.3,992.36,992.35
994.6,992.93,992.79
995.3,990.61,990.79
995.2,992.01,992.68
995.6,991.25,992.52
995.5,990.31,992.08
995.5,992.17,992.1
995.4,994.73,993.89
994.5,993.79,992.77
994.0,994.38,993.38
994.0,993.23,992.87
993.5,992.89,992.49
993.4,992.85,992.64
993.8,993.09,992.39
994.0,991.45,991.37
994.5,990.59,990.53
994.7,992.13,992.79
994.8,991.62,991.92
994.9,990.96,990.5
994.7,991.62,991.39
994.8,991.74,991.9
995.2,992.22,992.28
995.0,992.45,991.66
995.6,992.44,992.2
996.0,992.76,992.52
996.7,994.11,994.01
997.0,994.66,994.22
997.1,994.69,993.19
997.3,994.45,993.07
997.7,995.89,994.25
997.3,996.67,995.66
997.0,994.97,994.08
996.8,994.35,993.92
995.8,992.91,993.13
996.8,993.0,992.61
996.8,993.1,992.26
996.4,992.5,991.45
996.6,992.65,991.55
996.6,992.21,991.6
996.5,992.54,992.01
996.9,989.31,991.39
996.8,989.66,990.38
996.5,991.64,990.78
996.4,989.34,991.66
996.4,992.04,991.82
997.3,991.69,991.57
997.4,992.11,992.41
997.4,991.09,990.76
996.6,991.45,991.63
995.1,991.86,992.15
996.4,993.4,993.93
997.5,994.44,993.46
997.8,994.74,993.87
997.7,992.11,993.51
997.4,993.53,993.48
997.4,994.98,994.45
997.4,995.52,994.29
997.8,993.95,993.15
997.5,993.23,993.02
997.7,993.43,993.41
997.6,992.57,992.16
998.0,991.75,992.41
998.6,991.86,992.18
998.4,991.35,992.46
997.9,991.45,993.33
998.8,991.78,993.92
998.4,992.96,994.4
998.4,993.4,994.64
998.5,992.99,995.14
1000.6,991.76,993.98
1000.3,992.6,993.26
1000.2,992.86,995.06
997.9,991.95,995.09
998.1,992.27,994.96
999.1,994.31,995.12
998.9,996.14,994.39
999.0,994.23,994.2
999.2,993.03,994.55
998.8,993.6,994.54
998.6,995.45,994.59
998.6,991.82,992.09
998.6,995.17,992.17
998.1,993.42,993.5
997.9,993.51,992.82
997.6,992.02,993.86
998.0,992.13,993.59
997.9,990.66,990.88
998.1,994.07,992.12
998.0,990.49,991.72
997.8,990.62,993.8
997.8,990.86,994.94
998.4,990.86,994.73
997.9,994.73,996.24
997.3,993.1,994.9
998.0,994.45,994.16
998.2,994.2,992.77
998.1,994.86,994.5
998.4,994.46,993.89
998.6,994.35,994.15
998.4,994.5,994.31
998.1,994.43,993.15
998.0,992.63,992.39
998.3,993.12,991.8
999.0,993.68,992.25
997.7,993.51,992.45
997.0,992.55,992.18
997.2,991.72,990.66
997.1,990.88,990.24
997.7,990.24,991.71
998.3,991.12,993.59
998.8,990.24,992.82
998.7,990.67,994.42
998.9,990.8,995.64
998.5,991.29,995.7
998.8,990.32,996.63
999.2,989.85,994.08
999.5,990.72,996.07
999.5,990.54,995.08
1000.3,990.4,997.56
1000.8,991.56,998.71
1001.3,991.51,993.48
1001.8,991.9,996.87
1002.0,992.96,995.54
1002.2,993.39,996.26
1002.5,994.02,997.25
1002.5,994.04,998.02
1002.4,994.29,997.94
1002.4,994.6,996.05
1002.5,993.51,998.22
1002.3,992.86,998.12
1002.3,991.9,995.49
1002.7,991.41,996.08
1002.9,991.65,997.37
1003.3,991.32,995.39
1003.8,990.86,991.48
1004.0,990.92,996.2
1004.0,990.66,995.11
1003.5,991.7,994.34
1003.4,990.78,990.75
1003.9,991.46,995.93
1004.5,992.86,996.98
1004.7,992.06,994.85
1005.4,992.89,995.76
1006.0,993.33,995.73
1006.6,993.88,995.95
1007.2,995.57,997.76
1007.3,996.4,998.31
1007.6,995.78,998.36
1008.0,995.51,998.11
1008.0,996.16,998.26
1008.2,996.55,998.23
1008.2,995.53,997.63
1007.8,995.72,997.02
1007.8,994.34,997.28
1007.3,994.95,998.34
1007.3,994.63,996.66
1006.9,994.57,997.65
1006.8,994.15,996.77
1007.2,994.33,997.51
1007.0,994.14,998.47
1007.0,993.07,996.19
1007.1,993.68,997.7
1006.9,992.99,995.0
1007.1,993.66,998.05
1007.2,994.25,998.09
1007.1,994.77,998.61
1007.3,993.12,995.7
1007.1,994.91,996.65
1007.4,995.74,996.4
1007.6,995.31,996.9
1007.7,996.59,998.38
1007.6,996.83,997.55
1007.5,996.92,997.03
1007.1,996.91,996.55
1006.5,997.19,997.56
1003.2,995.45,994.71
1003.4,996.15,996.32
1003.6,996.21,996.6
1004.0,996.29,995.79
1003.7,996.92,996.88
1003.7,996.38,996.39
1003.7,996.03,996.54
1003.5,995.9,996.44
1003.2,995.54,996.46
1002.9,994.02,994.17
1003.0,993.98,994.33
1002.8,994.21,993.08
1002.8,993.8,993.8
1003.0,993.44,993.98
1003.4,993.48,992.87
1003.2,993.64,993.19
1003.2,992.97,992.99
1003.1,992.04,993.2
1003.6,992.64,993.28
1003.1,992.81,993.18
1003.0,993.84,993.02
1003.1,993.2,993.09
1003.5,993.61,993.71
1003.9,993.08,993.33
1004.0,993.88,993.47
1004.3,994.4,994.42
1004.0,995.26,994.66
1004.4,996.4,994.81
1004.1,995.14,994.69
1003.1,995.11,994.46
1002.6,994.11,994.25
1002.3,994.98,994.23
1001.7,993.0,992.45
1001.4,993.19,992.95
1001.4,993.43,992.64
1001.4,993.26,992.3
1001.7,992.74,992.21
1002.3,993.57,991.89
1002.1,994.28,992.58
1001.9,992.76,991.85
1001.6,993.2,992.01
1001.8,990.15,992.06
1001.6,993.77,992.36
1001.2,992.7,991.35
1001.3,990.32,991.82
1000.9,991.59,993.16
1001.1,991.82,992.35
1000.8,992.02,993.43
1000.5,993.77,994.16
1000.6,993.32,993.48
1000.7,995.42,993.29
1000.0,993.79,993.74
999.8,993.18,991.92
999.3,993.07,992.38
998.8,993.9,993.78
998.1,989.09,991.71
997.6,991.68,992.6
997.2,990.45,992.41
996.9,990.85,992.86
997.3,991.03,992.83
998.0,991.32,992.76
998.4,991.54,993.36
998.2,991.26,992.58
997.9,993.56,993.44
997.8,990.41,993.61
997.3,992.52,993.04
997.1,991.86,993.28
997.1,992.4,993.24
997.2,993.28,993.59
997.3,990.88,993.77
997.5,993.7,993.87
997.6,992.53,994.21
997.6,993.52,995.18
997.3,991.61,994.31
997.2,991.59,993.34
996.4,991.16,993.17
995.9,992.42,992.23
995.8,991.51,990.9
995.0,990.97,991.0
994.7,991.95,993.46
995.1,991.07,993.13
995.2,990.5,991.83
995.2,991.02,992.55
995.4,990.94,991.97
996.0,991.44,992.44
996.2,992.36,993.35
996.7,992.09,991.7
996.8,991.71,991.6
996.5,991.71,992.34
995.9,992.83,993.28
996.0,992.41,993.2
996.4,992.55,993.46
996.6,992.88,992.12
996.6,992.93,993.4
996.5,992.72,994.53
996.2,992.66,994.54
996.6,992.72,994.13
996.6,992.15,994.39
996.4,992.22,993.92
995.9,991.75,993.9
995.6,993.03,994.07
995.1,991.28,993.08
994.7,990.41,992.13
994.5,989.47,991.98
994.9,992.25,992.98
995.1,991.07,992.78
995.1,991.75,993.01
995.2,992.56,993.47
996.3,991.03,992.74
996.5,991.79,992.86
996.5,991.41,993.05
997.4,992.41,993.49
997.5,992.34,993.27
997.6,994.38,993.61
997.0,995.27,992.66
997.1,994.24,991.99
997.1,993.49,990.38
997.6,994.44,992.27
997.5,993.05,991.83
997.1,992.01,992.34
997.6,991.59,990.86
997.1,994.26,993.2
997.7,992.77,991.89
997.4,990.32,989.75
996.9,994.04,992.85
996.5,996.5,992.72
995.6,994.09,991.36
995.0,995.33,991.74
995.1,991.11,992.05
995.2,991.16,992.86
995.7,992.2,993.27
995.5,991.56,993.75
994.9,991.3,993.21
995.4,992.5,993.87
995.6,992.22,993.78
995.6,992.89,994.12
995.3,991.32,993.56
995.1,992.44,993.58
995.0,993.52,993.61
995.3,992.47,991.66
995.5,992.96,993.46
996.0,992.61,992.88
996.3,992.53,991.6
996.4,992.0,992.11
996.7,993.56,994.58
996.6,992.25,993.55
996.6,992.86,993.96
996.6,991.74,993.54
996.4,991.98,992.79
995.9,991.79,992.79
995.1,993.24,994.52
994.9,993.97,992.9
994.6,991.47,992.16
994.6,990.65,992.9
994.8,990.5,992.33
995.1,992.5,992.64
995.5,993.57,991.37
996.3,994.86,993.01
995.8,993.68,993.51
995.5,993.07,992.05
994.9,990.55,991.21
994.8,990.73,992.12
994.7,993.49,992.81
994.3,993.85,993.03
994.3,990.46,994.23
994.9,992.24,993.45
995.0,994.3,994.61
995.3,996.29,994.85
994.5,996.64,994.19
994.1,994.55,995.0
993.8,995.85,994.27
993.2,993.42,992.64
992.1,994.09,993.9
992.4,993.49,992.5
992.6,994.21,993.45
992.5,992.97,992.54
992.5,992.3,992.01
991.1,991.44,990.89
991.4,992.3,993.39
991.7,992.34,992.69
992.4,991.91,993.31
992.1,991.52,992.55
992.0,991.96,992.79
992.1,991.94,991.14
992.1,991.76,991.53
991.9,992.21,992.73
992.2,992.02,992.58
992.3,989.98,992.91
992.8,992.18,993.25
993.5,992.65,992.78
994.2,993.7,993.78
994.5,994.35,994.23
994.6,995.55,994.78
994.7,995.69,994.78
994.7,995.45,994.53
994.4,995.46,994.83
994.3,996.26,994.75
993.9,996.17,994.93
993.8,994.67,993.61
993.8,995.15,993.49
993.7,994.8,993.34
993.9,994.24,993.18
994.6,993.88,993.09
994.7,993.64,992.61
994.9,993.7,992.36
994.7,994.28,992.98
994.6,992.66,992.04
994.8,993.71,993.03
994.7,993.93,993.16
995.0,990.47,993.0
995.4,990.74,993.93
995.6,993.27,994.23
995.8,992.54,994.62
996.5,993.13,994.75
997.1,995.21,995.37
997.4,995.41,995.22
997.3,995.21,994.95
997.5,996.19,995.17
997.6,996.71,994.72
997.7,995.85,994.79
997.3,996.71,995.26
997.1,996.87,994.66
996.9,996.13,994.6
996.7,995.36,993.64
996.6,995.11,993.51
996.7,994.66,992.98
996.8,994.85,992.86
997.3,994.71,992.82
997.5,994.84,992.76
997.7,991.93,992.46
997.5,993.1,992.71
997.7,992.9,992.85
997.5,990.52,994.26
997.7,990.61,994.34
997.6,990.54,995.22
998.2,994.71,995.56
998.4,990.67,995.59
998.5,990.6,995.44
998.7,993.63,994.7
998.8,994.31,994.46
998.9,994.63,994.85
998.9,994.54,995.06
998.9,993.6,993.78
998.6,992.2,993.57
998.3,995.1,994.66
997.8,994.3,993.67
997.5,993.79,994.19
997.4,991.8,992.18
997.3,992.55,992.89
996.5,992.92,992.9
997.4,992.1,992.88
998.1,991.26,992.28
998.7,989.83,993.01
997.5,992.46,994.3
997.4,992.26,993.75
997.5,989.28,993.75
997.4,992.58,994.44
997.0,989.85,994.25
996.5,991.52,993.27
995.6,992.32,993.23
996.9,994.13,993.81
997.1,993.45,993.75
997.4,991.93,992.87
997.7,991.91,991.55
997.1,992.95,994.38
996.5,995.06,994.76
996.7,994.66,994.87
996.8,994.88,994.23
996.6,994.7,993.37
996.3,995.03,993.1
996.8,992.92,992.53
994.8,992.06,992.61
998.3,993.62,993.36
995.9,992.56,991.33
995.6,991.69,991.79
994.9,993.19,993.64
996.4,992.61,993.53
996.2,993.74,994.04
996.3,992.34,994.22
995.0,992.54,994.26
997.1,992.78,994.6
995.8,992.11,993.07
996.1,992.63,991.95
996.3,993.18,992.88
996.9,992.07,990.79
997.6,990.88,993.42
998.0,992.43,991.27
998.3,993.92,994.54
998.3,994.66,993.33
998.6,995.1,994.79
998.2,994.39,993.19
998.4,994.52,992.97
998.0,994.11,993.05
997.9,994.34,993.36
997.5,993.89,992.72
997.4,993.23,992.52
997.8,993.02,992.51
997.5,993.33,992.48
998.1,993.12,992.35
997.8,992.97,992.43
997.7,992.71,992.75
997.8,993.22,993.13
997.9,993.23,993.72
997.4,992.45,993.43
997.3,992.16,993.03
997.4,992.37,992.82
997.1,991.45,990.7
997.4,992.25,992.04
997.6,992.26,991.87
998.2,992.18,992.03
998.2,993.65,992.62
998.7,993.63,993.42
998.4,993.3,992.38
997.7,992.68,992.57
997.3,994.08,994.67
996.9,993.32,993.94
995.4,993.3,993.9
994.8,993.58,994.32
994.7,991.21,990.93
995.8,991.16,989.12
994.1,992.26,990.62
994.5,992.44,992.28
996.6,991.77,989.52
996.0,993.88,992.65
994.6,992.9,992.74
994.7,992.24,991.74
994.8,993.03,992.06
994.0,993.68,992.91
993.7,992.25,992.41
993.5,992.16,991.61
993.5,991.06,989.06
993.9,992.85,992.33
994.1,991.71,992.36
994.7,992.64,991.78
995.1,993.12,992.26
995.5,993.86,993.59
995.9,994.0,993.49
996.0,993.1,992.44
996.4,993.39,992.9
996.3,994.65,993.41
995.6,994.08,992.96
995.5,993.34,992.68
995.6,993.36,992.69
995.3,992.99,992.67
995.8,993.49,992.93
996.0,993.58,993.01
997.0,993.38,992.73
997.5,993.38,992.78
997.7,991.67,992.59
997.2,993.29,993.52
996.8,993.97,993.79
996.7,993.15,993.3
996.3,992.17,992.36
996.4,992.78,993.13
996.8,992.15,991.31
997.1,991.67,992.95
997.4,993.05,993.97
997.7,993.51,994.88
998.0,993.13,994.22
998.6,993.0,994.35
998.7,992.93,994.47
998.9,993.55,995.11
998.7,993.73,996.04
998.6,994.59,995.27
998.8,993.15,995.93
998.4,993.93,995.84
998.5,993.98,996.18
998.3,993.18,995.95
998.4,992.97,995.37
998.4,993.32,996.7
998.8,992.63,994.89
998.7,991.96,992.87
998.5,992.77,994.03
998.3,993.12,994.35
998.0,992.64,993.65
997.6,993.12,993.91
997.7,993.08,994.91
997.4,993.52,994.75
997.5,993.09,995.04
998.1,994.09,996.15
998.6,993.42,995.46
998.6,994.07,995.09
999.2,994.12,997.08
999.7,993.82,995.13
999.7,994.4,997.42
999.1,995.87,997.48
998.9,994.51,997.29
998.5,995.06,996.65
998.6,995.85,996.88
998.6,994.13,996.06
998.3,994.3,996.19
998.1,994.11,996.4
997.8,994.03,995.78
998.0,993.49,994.42
997.9,993.65,994.34
998.0,993.64,995.04
997.9,993.94,995.9
998.1,992.96,994.17
997.7,993.3,994.62
998.1,993.6,994.62
998.2,993.62,994.56
998.1,994.26,994.95
998.5,992.91,994.78
998.8,993.91,994.16
998.8,994.61,995.76
998.6,993.7,993.99
998.5,994.6,995.16
999.0,994.92,994.51
998.7,995.43,994.12
997.9,996.32,995.6
997.5,995.6,996.45
996.7,995.72,996.08
996.2,993.85,994.56
995.6,993.99,993.86
995.5,992.71,993.15
995.3,993.11,992.94
995.2,992.61,992.91
995.4,991.84,991.28
995.6,991.29,992.25
995.5,992.22,992.44
995.2,992.48,991.46
994.4,992.53,992.82
994.1,992.39,991.76
993.5,991.92,991.16
993.3,993.31,993.96
993.2,992.91,993.34
993.2,992.65,991.41
993.0,993.49,993.16
992.8,993.12,991.7
992.5,992.15,990.32
992.3,992.33,992.21
991.9,992.35,992.67
991.7,990.38,992.07
991.5,990.38,991.41
991.2,991.17,991.6
991.3,990.58,990.14
991.7,991.7,989.7
991.9,991.94,989.68
992.4,992.09,988.62
992.9,994.35,991.16
993.4,994.12,992.26
993.8,994.37,992.72
994.0,995.41,993.12
994.6,995.47,993.38
994.1,995.86,993.06
993.9,994.09,993.2
994.0,994.47,993.09
994.3,995.49,993.43
994.2,994.88,993.77
994.3,995.3,992.16
994.4,995.59,993.5
994.4,994.87,993.4
994.2,996.32,995.34
994.0,996.19,996.69
994.0,996.36,997.2
993.7,996.21,997.15
993.2,995.15,996.11
993.1,994.83,994.99
993.0,993.11,991.27
993.0,996.93,996.99
993.4,994.4,994.25
993.4,992.93,992.86
993.7,993.87,994.41
994.1,994.1,995.06
994.8,995.03,996.63
994.8,995.26,995.83
995.1,995.5,996.25
995.3,996.03,995.92
995.5,995.35,995.85
995.5,995.56,996.28
995.6,995.37,995.12
995.7,995.32,994.27
995.8,995.2,994.4
996.0,995.41,995.82
996.8,995.99,997.46
997.1,995.69,997.63
997.5,995.72,997.78
997.8,996.47,997.0
998.1,995.99,997.0
998.0,995.34,996.52
997.8,996.14,996.04
997.9,996.05,996.65
997.8,994.26,993.88
997.5,994.61,995.36
997.8,995.4,996.33
998.0,993.95,995.21
998.3,995.46,996.21
998.8,995.38,996.23
999.3,995.51,997.11
999.6,994.9,996.2
999.5,992.91,998.24
999.6,993.14,998.18
999.7,993.09,997.45
999.8,995.33,997.56
999.9,996.12,996.59
1000.0,996.27,996.28
1000.4,996.6,997.08
1000.9,995.78,996.7
1001.5,994.77,998.17
1002.0,995.45,998.87
1002.3,996.81,998.82
1002.6,997.03,999.87
1002.6,995.86,998.93
1002.2,993.97,995.95
1002.1,994.06,994.04
1001.9,995.57,995.95
1001.7,994.91,996.54
1001.5,994.5,994.38
1001.4,996.28,995.2
1001.5,996.08,994.75
1001.7,995.94,994.4
1002.0,995.43,994.68
1002.4,995.33,995.01
1002.5,994.15,994.55
1002.7,994.49,995.3
1002.7,993.85,995.64
1002.6,993.74,997.1
1002.6,994.12,996.94
1002.6,993.04,997.67
1002.5,994.76,997.09
1002.7,995.73,997.33
1002.9,995.64,994.2
1003.2,995.08,996.36
1003.4,995.54,996.82
1003.3,994.97,998.06
1002.9,993.41,993.15
1002.5,992.88,993.06
1001.9,994.42,993.62
1001.4,993.85,993.93
1000.7,992.02,994.02
1000.2,993.78,994.98
999.8,992.46,994.32
999.8,992.63,993.29
999.4,994.02,995.03
999.4,993.21,995.82
999.4,994.75,994.7
999.3,993.84,994.17
999.2,993.98,993.3
998.9,993.56,993.09
998.8,993.36,993.13
998.6,993.84,994.66
998.3,993.48,990.44
998.8,993.17,989.01
998.1,993.61,990.23
998.1,995.13,991.77
998.0,993.13,990.33
997.9,993.56,990.57
998.0,993.64,992.14
998.4,992.34,996.64
998.3,995.79,997.6
998.6,994.55,995.28
998.7,994.85,995.78
998.8,994.5,995.25
998.8,995.16,996.52
999.0,994.91,996.48
998.8,994.74,996.08
998.8,993.4,994.99
999.1,993.18,994.79
999.5,992.63,993.69
1000.1,993.2,995.2
1000.3,993.1,993.16
1000.6,993.15,993.26
1000.5,995.09,996.36
1001.0,993.89,996.04
1000.6,994.68,998.06
1000.4,994.92,998.25
1000.7,994.14,996.99
1000.6,994.47,997.18
1000.9,994.8,996.25
1001.6,995.08,997.76
1001.7,995.34,998.32
1001.9,996.33,998.84
1001.8,996.7,998.64
1002.1,996.83,998.97
1002.2,996.82,998.48
1002.0,996.31,997.7
1001.5,997.16,998.35
1001.2,996.91,997.78
1001.0,998.16,998.92
1000.5,996.31,997.22
999.9,995.69,996.7
999.5,995.9,997.88
999.5,996.18,997.57
999.6,995.16,997.53
999.7,994.24,996.77
999.0,994.77,998.36
998.9,994.93,997.65
999.2,994.99,997.16
999.1,995.37,997.48
999.3,994.54,996.55
999.5,993.78,997.01
999.5,994.36,997.48
1000.0,994.36,996.9
1000.6,994.6,997.99
1000.8,994.29,996.35
1001.3,994.91,996.47
1001.7,995.68,996.13
1001.7,997.41,996.6
1001.6,996.68,998.18
1001.4,997.63,998.99
1001.5,997.12,998.67
1000.9,995.17,996.95
1001.1,993.77,995.54
1001.5,993.84,995.7
1001.6,995.59,996.92
1001.8,996.09,997.06
1002.1,995.8,996.74
1002.3,995.14,996.78
1002.1,995.15,997.04
1002.4,994.26,996.38
1002.3,995.51,997.95
1002.5,991.32,995.66
1002.8,991.45,995.69
1003.6,994.26,996.38
1004.0,994.21,997.68
1004.4,994.74,997.63
1004.7,995.59,998.14
1005.1,997.15,999.15
1005.1,997.78,998.59
1004.7,997.26,998.87
1004.4,997.32,998.48
1004.0,997.28,998.94
1003.7,996.87,998.52
1003.3,996.52,998.22
1003.3,995.83,998.36
1003.1,994.6,996.94
1003.2,994.49,996.91
1003.5,994.54,996.87
1003.7,994.71,996.41
1003.7,994.58,997.18
1003.7,993.98,996.93
1003.8,994.79,998.04
1003.6,993.41,996.62
1003.3,995.21,997.66
1003.3,994.26,997.65
1003.3,993.97,997.32
1003.4,994.58,997.26
1003.8,993.37,996.73
1003.9,993.56,995.54
1004.0,995.99,998.38
1004.0,996.4,998.43
1004.0,996.56,997.91
1003.5,997.53,999.18
1003.2,997.33,998.4
1002.8,997.39,998.6
1002.3,996.81,998.29
1001.7,997.14,998.43
1001.5,996.54,997.94
1001.3,995.16,996.76
1001.0,995.43,997.1
1001.0,995.39,996.82
1001.0,995.35,996.97
1001.0,995.13,996.44
1000.7,994.83,996.37
1000.4,994.63,996.29
1000.1,994.93,997.04
999.6,994.86,996.66
999.7,994.87,996.46
999.3,994.28,994.96
999.0,993.07,994.37
998.9,992.28,993.58
999.1,993.21,994.29
999.2,993.4,994.95
999.0,995.08,994.93
998.9,995.93,997.16
998.6,996.29,997.36
998.2,996.46,997.57
997.6,996.88,997.96
996.9,995.81,997.37
996.3,996.27,997.95
995.7,996.73,998.6
995.2,995.9,997.58
994.9,995.53,996.98
994.3,995.24,996.53
994.2,993.52,995.14
994.0,994.1,995.63
993.7,993.49,995.07
993.6,990.63,994.04
993.3,992.75,995.04
992.7,993.12,993.63
991.9,993.29,993.8
991.2,994.17,993.57
990.7,993.61,992.12
990.5,993.6,993.79
989.9,993.73,992.52
989.9,994.17,994.38
989.5,994.53,994.92
988.9,992.94,992.87
988.4,994.04,994.91
988.3,994.24,995.66
988.0,992.45,992.04
987.7,993.44,993.95
987.1,994.01,994.71
986.2,993.26,993.81
986.0,992.85,992.94
986.0,993.96,994.22
985.9,992.59,992.05
985.9,993.21,992.55
986.2,994.95,994.91
987.2,994.18,991.74
987.9,995.53,993.17
988.1,995.87,996.93
988.1,995.61,994.48
988.2,996.01,995.65
988.3,995.7,996.42
988.0,995.45,994.36
988.2,995.42,994.66
988.4,995.87,992.22
988.9,995.36,991.73
989.6,994.56,993.32
990.1,996.86,998.27
990.2,996.27,999.68
989.9,999.12,1001.48
990.0,997.65,999.6
989.5,998.14,1000.49
989.0,997.51,998.82
988.5,996.49,997.08
987.7,995.91,996.68
986.8,996.22,996.91
986.6,995.89,996.78
986.4,994.45,994.43
986.2,995.82,998.0
986.3,995.36,997.92
986.4,995.21,997.86
986.0,992.63,998.33
985.4,994.63,997.29
984.6,994.7,996.74
984.0,994.52,996.88
983.1,995.74,998.88
982.2,995.0,998.09
982.6,994.25,995.79
983.1,994.29,995.25
983.8,994.76,996.32
984.6,994.36,996.43
985.4,994.49,996.22
986.1,995.36,996.66
987.2,996.41,996.67
988.2,995.26,997.48
989.0,996.46,997.97
989.4,996.54,998.78
989.4,996.12,996.47
989.7,995.98,995.87
990.2,995.72,996.93
990.6,996.1,998.99
991.4,995.47,998.53
991.8,996.19,998.0
992.9,995.43,998.19
993.8,997.34,997.71
994.0,998.62,998.23
994.4,997.85,998.32
994.5,996.5,998.6
994.5,995.83,998.39
994.3,996.28,997.92
994.5,996.78,997.62
994.8,995.97,995.51
995.1,996.81,993.82
995.3,996.6,994.9
995.6,996.2,997.44
995.9,996.79,998.24
996.2,997.11,1000.26
996.6,996.24,1000.03
996.7,997.07,1000.89
996.8,997.21,999.85
996.5,996.26,998.05
996.4,998.51,1000.72
996.0,997.32,998.74
995.9,996.08,998.67
995.9,997.44,997.94
996.2,996.03,997.06
996.5,994.4,996.95
997.3,995.44,997.7
997.5,995.96,998.62
997.7,996.33,998.19
998.2,996.66,998.76
998.5,995.66,999.27
998.9,995.66,1000.16
998.9,994.22,998.35
999.0,996.2,997.22
999.4,996.83,996.99
999.7,997.83,996.93
1000.2,996.12,995.44
1000.9,994.48,996.84
1001.4,997.46,1000.22
1001.9,997.99,1000.72
1002.4,998.73,1001.24
1002.9,998.03,1001.63
1003.1,997.54,996.54
1003.1,998.45,999.51
1002.9,998.14,998.31
1002.9,997.86,998.38
1002.6,996.97,996.37
1002.7,997.03,997.26
1002.7,995.76,996.8
1002.7,995.51,996.37
1003.2,995.46,996.91
1003.9,995.31,997.1
1004.2,996.09,997.63
1004.4,992.66,997.81
1004.6,994.15,997.94
1004.6,993.53,1000.88
1004.8,994.54,1000.95
1004.8,996.32,1001.56
1004.8,995.35,1001.32
1005.0,996.73,1001.58
1005.4,995.44,1001.13
1005.7,995.63,1001.7
1005.8,995.74,1001.69
1005.8,996.62,1001.11
1005.8,996.96,1001.58
995.4,994.03,994.94
995.3,994.27,994.61
994.9,994.41,993.19
995.1,994.48,991.68
995.2,994.13,991.69
995.8,995.19,992.66
996.1,994.88,993.44
996.3,993.61,992.82
996.4,994.83,992.97
996.8,995.49,995.22
997.0,995.2,995.84
997.0,995.83,994.9
997.1,996.18,995.96
997.3,995.66,996.12
997.5,995.91,996.75
997.1,993.53,993.71
997.2,994.38,995.53
997.2,994.1,994.22
997.1,993.79,995.08
997.4,992.53,993.96
997.9,990.62,995.5
998.5,993.88,994.09
998.6,993.73,993.01
998.8,993.02,993.02
999.2,992.78,993.51
999.3,993.4,994.29
999.2,993.68,995.18
999.6,993.24,994.63
999.6,993.42,994.89
1000.0,993.18,994.84
1000.6,993.68,995.16
1001.1,992.44,993.2
1001.4,993.33,994.56
1001.8,995.72,997.72
1002.0,995.87,997.71
1002.1,996.23,998.14
1002.1,996.73,997.83
1002.1,996.59,997.81
1001.6,996.42,997.23
1001.4,994.99,994.52
1001.1,994.66,995.12
1001.1,994.08,993.09
1001.1,992.81,993.84
1001.0,990.98,993.78
1001.5,993.03,993.91
1001.8,993.42,995.18
1001.8,992.67,994.58
1001.4,992.04,994.58
1001.2,993.32,994.98
1001.1,993.04,994.89
1001.4,993.06,994.85
1001.5,992.9,995.34
1001.7,992.73,994.77
1001.8,993.81,995.37
1002.5,994.56,995.27
1003.0,994.56,995.36
1003.2,995.55,996.22
995.3,993.88,993.9
994.7,994.18,994.15
994.3,994.45,993.76
993.9,992.58,990.67
994.1,992.93,991.34
994.0,992.76,993.08
994.2,992.58,993.66
991.6,993.23,992.66
992.1,992.49,993.8
992.3,993.03,993.12
992.2,992.64,994.86
992.4,993.36,995.04
991.9,993.06,994.84
991.9,994.28,995.36
991.1,993.58,993.28
990.8,993.42,994.49
989.9,992.73,992.69
989.5,994.0,994.47
989.0,994.42,993.18
989.2,991.54,991.76
989.6,992.52,991.65
989.9,993.18,992.42
989.9,992.46,991.15
990.3,992.39,991.42
990.6,992.41,992.09
990.8,990.87,994.8
991.0,992.83,992.8
990.7,992.37,991.21
990.9,992.95,991.54
991.0,993.51,992.65
990.5,993.13,991.72
990.3,993.03,992.52
991.4,993.49,992.97
992.7,994.02,993.09
993.1,995.01,993.44
993.7,995.37,993.45
993.0,993.88,992.1
993.0,994.96,992.59
993.2,993.95,993.64
993.0,995.95,995.5
993.4,995.1,992.83
993.7,994.47,993.38
994.2,994.07,993.65
994.4,993.24,992.84
994.4,993.31,994.42
994.6,993.08,993.92
994.8,992.71,994.33
995.3,992.57,994.99
995.5,993.55,996.34
995.2,993.68,996.36
995.2,993.08,995.81
995.0,993.32,996.63
994.7,992.85,996.1
994.7,992.46,995.17
994.8,992.7,997.18
995.1,992.08,996.52
995.8,992.94,998.57
996.2,992.5,997.37
996.5,992.89,997.28
996.7,993.91,998.1
996.8,994.52,997.8
997.0,994.22,997.54
996.7,995.45,998.73
995.9,993.45,997.62
995.6,994.36,998.53
995.2,993.47,996.73
995.4,993.15,997.1
996.0,993.14,997.73
995.9,992.35,995.43
995.9,993.2,997.89
995.7,993.26,998.45
995.4,992.11,995.22
995.0,993.41,998.66
994.7,992.54,996.72
994.4,993.68,998.28
993.7,992.53,996.03
993.4,992.11,996.54
993.3,991.79,995.09
993.5,992.96,994.88
993.5,993.29,994.98
993.4,992.72,994.12
993.5,994.3,996.01
993.9,995.81,997.41
994.0,994.85,997.1
994.2,995.17,997.63
994.0,995.2,997.15
993.6,995.69,998.32
993.1,995.91,998.46
992.5,995.42,997.88
992.4,995.48,998.36
992.2,995.37,997.16
992.1,995.1,997.73
991.9,994.37,996.83
992.0,994.3,997.24
992.2,993.82,996.69
992.3,990.69,996.17
992.2,992.24,996.31
992.1,993.82,996.83
992.1,993.24,996.67
992.1,993.54,996.1
991.9,993.35,995.54
991.8,993.85,996.0
992.1,993.36,995.58
992.3,992.53,992.61
992.7,993.04,993.82
993.0,992.97,994.4
993.2,993.84,996.56
993.3,993.1,993.72
993.4,991.82,993.11
993.0,992.29,993.41
992.4,992.91,993.86
991.8,991.86,992.32
991.3,993.71,995.27
990.9,995.05,995.27
990.9,993.74,994.37
990.9,993.41,993.96
991.1,993.19,992.63
991.1,991.5,991.43
991.3,992.0,992.3
991.4,991.22,993.03
991.9,993.84,993.98
991.8,995.54,994.99
991.7,992.77,994.63
991.9,993.53,993.71
991.9,993.09,991.83
992.1,993.49,992.65
992.0,993.38,991.13
992.2,993.74,991.82
992.6,993.39,990.98
993.0,994.48,992.87
993.1,993.93,991.71
993.5,992.75,992.54
993.6,992.47,992.53
993.3,991.21,991.74
993.0,991.79,992.87
992.5,990.4,992.74
991.6,990.87,993.5
991.7,990.61,993.77
991.8,991.48,993.47
992.2,989.82,993.06
992.7,991.73,993.34
993.2,990.71,994.42
993.5,990.6,994.02
994.0,991.85,993.27
994.5,992.64,994.43
994.8,992.34,993.8
995.7,994.19,995.06
996.2,994.19,995.12
996.6,992.32,994.03
997.1,992.33,993.93
997.8,992.99,994.25
998.3,993.6,993.59
999.0,995.48,993.69
999.7,995.59,995.38
1000.4,995.82,995.8
1001.3,996.88,994.91
1001.5,996.39,994.51
1001.8,996.63,993.7
1001.8,996.15,993.42
1001.5,996.41,994.54
1001.4,995.5,993.15
1001.3,994.71,992.7
1001.4,994.81,993.02
1001.0,994.66,993.91
1001.0,994.04,993.56
1001.3,995.23,994.37
1001.5,994.24,994.19
1001.7,995.02,997.12
1001.8,993.2,995.43
1001.9,993.82,995.46
1001.8,992.91,995.19
1001.9,993.54,995.16
1001.5,994.46,995.58
1001.7,993.93,995.28
1001.9,992.74,994.76
1002.3,991.16,994.4
1002.8,991.03,995.11
1003.0,994.3,995.66
1003.2,995.76,997.21
1003.4,994.91,996.05
1003.4,996.12,996.71
1003.0,996.2,997.58
1002.4,996.62,997.46
1002.1,996.57,997.23
1001.6,994.77,995.2
1001.5,992.98,994.16
1001.3,992.67,993.15
1001.4,992.88,993.93
1001.2,993.43,993.91
1001.3,991.81,993.05
1001.5,992.01,993.03
1001.6,991.7,995.3
1001.5,992.82,995.27
1001.4,992.09,995.31
1001.3,994.03,995.15
1001.1,990.84,994.06
1000.9,993.09,993.38
1001.6,992.55,992.01
1001.9,990.55,993.05
1002.2,993.03,995.23
1002.3,993.48,995.27
1002.3,994.4,996.16
1002.4,993.47,996.23
1002.8,994.46,996.25
1002.7,995.47,996.14
1002.8,996.49,996.75
1002.3,996.45,996.71
1001.7,996.13,996.32
1001.0,994.8,993.58
1000.6,994.7,994.46
1000.4,993.35,993.59
1000.3,994.31,994.43
1000.4,992.44,993.25
1000.3,992.64,993.44
1000.4,992.34,992.83
1000.7,993.34,993.86
1000.6,993.53,994.27
1000.7,993.14,994.35
1000.7,994.51,995.9
1001.2,993.12,994.03
1001.3,992.96,992.15
1001.5,992.93,993.33
1001.8,993.82,994.33
1001.8,994.03,994.91
1002.2,993.01,993.8
1002.2,993.73,994.9
1002.7,994.47,995.95
1003.1,995.38,998.03
1002.9,996.55,998.46
1002.3,994.93,997.39
1002.2,996.45,998.78
1001.9,995.13,997.32
1001.6,994.1,994.98
1001.5,994.44,996.4
1001.8,993.91,995.66
1001.8,993.6,994.82
1001.8,991.99,994.46
1001.8,991.94,992.17
1002.5,992.57,992.62
1002.4,993.71,995.29
1002.8,994.22,994.15
1002.9,994.53,995.09
1003.0,995.2,996.55
1003.2,994.79,997.02
1003.1,994.77,996.54
1003.4,995.09,995.81
1003.7,995.19,996.78
1003.9,995.15,997.33
1004.3,995.87,997.22
1004.1,996.06,997.97
1003.8,995.53,998.56
1003.6,996.2,999.03
1003.0,994.81,996.48
1002.5,994.95,998.24
1002.2,994.63,997.36
1002.1,994.29,996.25
1002.1,994.46,996.6
1001.9,992.64,994.27
1001.9,992.24,992.0
1001.8,992.07,992.34
1002.0,993.67,994.14
1001.9,992.97,993.69
1001.9,993.02,993.32
1002.1,992.38,992.47
1002.1,992.21,993.16
1002.0,991.89,992.53
1001.7,992.45,992.95
1001.7,992.78,994.21
1001.6,992.59,994.26
1001.7,992.67,995.11
1001.9,993.14,994.47
1002.0,992.77,992.97
1002.4,993.98,993.83
1002.4,993.61,993.3
1002.2,994.8,994.78
1001.8,995.31,993.87
1001.1,992.74,992.28
1000.5,993.59,993.63
999.9,993.4,991.25
999.5,993.5,991.35
999.3,992.67,991.8
999.1,991.85,990.46
999.0,992.87,991.01
999.4,991.86,990.83
999.3,992.71,991.89
999.4,991.09,992.12
999.2,991.42,993.35
998.9,992.54,994.33
998.9,992.36,991.84
999.0,993.02,992.58
998.8,993.16,991.94
998.7,993.64,992.4
998.9,993.07,991.43
999.2,993.72,992.38
999.3,994.07,992.76
999.8,994.38,993.13
999.9,993.93,992.31
999.8,993.06,992.53
999.7,994.45,994.92
999.2,993.55,994.44
998.0,992.47,993.99
997.3,991.57,992.0
996.7,991.8,991.83
996.6,990.53,992.55
996.6,991.29,992.76
996.8,991.3,993.01
997.0,991.11,993.88
997.4,991.99,993.83
997.8,991.92,995.31
997.8,990.81,995.43
997.6,990.97,995.35
997.7,992.48,995.06
997.7,994.07,995.38
997.8,994.2,995.27
998.1,993.17,994.28
998.5,994.13,994.6
998.9,995.05,995.74
999.1,995.24,995.39
999.6,994.7,994.65
999.7,994.49,994.49
999.7,994.53,995.62
999.1,993.47,994.25
998.7,994.09,995.45
998.0,992.53,992.34
997.3,993.88,994.22
996.4,991.22,992.15
996.2,992.22,992.86
995.7,991.28,992.45
995.9,991.69,992.77
996.1,991.36,992.08
996.3,992.29,992.54
996.2,993.86,992.71
996.3,992.56,990.94
996.3,994.02,993.37
996.5,991.61,994.03
997.0,993.34,993.31
997.0,994.13,993.36
996.8,993.34,994.05
996.9,994.29,993.76
997.2,993.11,992.06
997.5,994.14,993.91
997.8,993.87,993.88
997.9,994.05,993.23
998.4,994.15,992.65
998.5,994.39,993.44
998.5,994.31,992.99
998.2,995.35,994.56
997.7,992.5,992.22
997.0,993.44,993.09
996.2,993.25,993.24
995.6,994.33,992.18
995.4,992.48,991.72
995.7,991.45,991.99
995.6,993.59,992.39
996.2,994.08,992.22
996.7,993.69,991.58
996.9,994.41,992.29
996.9,991.65,991.37
996.6,992.3,990.21
996.6,992.95,991.1
996.1,993.34,991.26
995.6,992.53,990.38
995.8,993.29,990.23
995.3,992.51,989.9
995.9,992.27,993.82
995.8,992.82,993.33
996.8,992.0,991.2
997.8,991.87,992.68
998.3,991.18,992.49
998.1,993.09,997.1
998.4,992.57,998.12
998.5,992.79,996.27
998.6,993.03,997.89
998.5,992.38,997.5
998.6,993.72,996.71
999.5,993.7,995.08
999.6,994.12,994.47
1000.2,994.8,994.64
1000.9,994.83,994.94
1001.5,994.24,996.12
1001.9,994.15,996.82
1002.2,994.81,996.72
1002.2,995.48,996.87
1002.6,995.2,996.13
1003.2,995.25,996.96
1003.4,995.28,996.23
1003.8,995.67,996.84
1004.6,994.24,996.53
1005.5,994.2,997.98
1005.8,994.94,1000.18
1007.1,995.45,1002.92
1007.6,995.48,1001.85
1008.2,997.31,1002.83
1008.6,995.25,1001.69
1008.8,996.27,1001.43
1008.6,995.55,999.92
1008.4,997.29,1002.77
1008.3,996.0,1001.59
1008.1,996.09,1000.16
1008.1,995.32,999.34
1008.4,995.19,999.28
1008.6,995.92,999.81
1008.8,995.05,998.29
1009.1,995.94,998.88
1009.5,995.95,999.73
1009.4,996.03,1001.06
1009.3,996.44,998.88
1009.3,995.3,996.58
1009.4,994.94,998.63
1009.6,995.88,996.47
1009.9,995.16,997.46
1010.4,995.52,998.15
1010.7,996.51,997.79
1011.0,996.02,999.24
1011.5,997.59,999.65
1011.8,996.75,1000.57
1011.6,998.03,1001.2
1011.2,997.73,999.11
1010.4,996.89,998.25
1009.4,997.39,999.15
1008.8,997.55,998.83
1008.2,995.93,997.11
1007.5,996.32,997.08
1007.1,995.54,996.17
1006.9,995.0,994.71
1006.7,995.23,995.54
1006.0,994.73,994.63
1006.1,994.72,996.55
1006.0,995.55,996.82
1005.7,995.57,998.3
1005.4,996.08,999.58
1004.5,997.83,999.04
1004.2,995.71,996.79
1003.7,996.75,999.13
1003.6,996.4,997.81
1003.1,995.98,997.25
1002.7,996.33,998.04
1002.4,995.53,994.89
1002.4,996.65,996.14
1001.7,995.75,995.19
1001.1,996.6,999.47
1000.6,994.97,998.94
999.1,994.87,996.78
998.6,993.95,994.29
997.9,995.04,997.54
997.1,994.29,996.06
997.1,993.04,994.3
997.2,994.23,996.55
997.7,993.77,994.12
998.3,994.41,996.87
998.4,993.84,996.71
999.0,993.81,996.47
999.3,994.31,998.99
999.7,993.92,998.36
1000.0,994.33,1000.19
999.9,994.29,999.45
999.8,994.68,999.18
999.9,995.03,998.35
1000.0,994.83,999.91
1000.2,995.16,999.31
1000.6,995.29,997.77
1001.0,995.68,997.41
1001.1,996.33,999.6
1001.1,997.26,1001.11
1000.6,995.97,997.92
1000.3,995.3,996.1
999.6,995.53,996.79
999.3,996.0,997.51
999.2,995.29,998.61
998.9,994.75,997.74
998.9,994.89,1000.95
998.6,994.24,999.62
998.4,994.0,1001.73
998.5,994.89,1002.17
998.4,993.16,998.65
998.0,993.3,997.75
997.4,993.22,997.56
997.1,993.0,995.84
996.5,992.73,996.15
996.4,993.15,996.33
996.4,993.14,996.91
996.4,993.84,996.0
996.6,994.31,995.82
996.6,994.75,997.13
996.8,995.02,997.59
997.2,996.2,999.35
997.0,995.54,998.51
996.5,995.82,999.99
996.4,995.61,999.29
995.4,994.76,997.03
994.8,995.98,999.1
994.5,995.64,998.68
994.0,995.02,997.37
993.9,994.7,997.35
993.7,993.25,996.86
993.7,992.9,994.97
994.1,992.32,994.67
994.0,992.25,994.89
994.7,993.25,996.86
994.5,992.77,994.93
994.8,994.81,997.12
995.3,993.79,996.75
995.1,994.05,996.45
994.9,994.64,997.19
995.1,994.6,998.8
995.5,995.2,998.33
996.2,994.69,998.45
996.5,992.18,998.16
997.1,994.0,998.49
997.6,995.52,999.14
997.8,994.91,998.05
998.4,995.84,998.51
998.6,995.63,997.12
998.2,995.8,997.34
998.2,995.41,997.35
998.3,993.79,995.84
998.2,993.93,995.96
998.3,995.31,995.89
999.1,994.59,995.6
999.8,993.8,994.32
1000.3,994.29,994.9
1000.6,992.32,995.07
1001.6,994.11,995.47
1001.8,994.17,995.42
1002.1,994.59,996.2
1002.4,994.52,995.89
1002.6,993.72,995.78
1002.8,994.31,995.85
1003.4,994.22,996.13
1003.7,994.65,997.18
1004.3,994.88,997.28
1005.1,993.61,995.19
1005.6,993.35,995.82
1006.1,993.62,998.03
1006.7,994.03,997.69
1006.4,995.12,998.42
1005.8,993.99,996.71
1005.5,994.65,997.11
1005.7,994.3,997.88
1005.6,993.11,995.98
1005.6,993.06,997.16
1005.6,992.74,996.79
1005.7,992.8,997.75
1005.4,992.9,996.22
1005.5,992.79,998.44
1005.1,992.36,998.53
1005.0,992.97,1000.43
1004.4,992.96,1000.2
1004.0,992.85,999.04
1003.8,992.85,998.03
1004.0,993.52,998.87
1003.8,993.68,999.37
1003.8,992.33,996.41
1004.1,993.45,997.31
1004.1,993.83,998.78
1004.3,992.09,995.7
1004.6,992.75,997.55
1004.2,992.0,994.91
1004.1,992.82,996.1
1003.8,993.03,996.52
1003.1,994.65,997.52
1003.0,992.1,992.12
1002.3,995.01,998.43
1002.3,994.79,998.03
1002.1,994.9,997.33
1002.0,994.68,997.53
1002.1,994.68,997.8
1001.9,993.42,997.65
1002.2,994.05,997.59
1002.5,994.14,997.19
1002.3,995.2,997.37
1001.9,994.05,995.92
1001.9,994.79,996.21
1002.1,994.65,994.74
1001.9,994.06,993.82
1002.6,994.71,995.73
1002.2,994.59,995.96
1002.0,995.12,996.05
1001.2,995.47,997.3
1000.1,995.91,998.17
999.6,994.58,997.05
998.8,994.44,997.55
998.6,995.24,998.45
998.2,993.01,996.69
997.8,994.31,997.36
997.8,993.79,997.16
997.7,995.72,998.26
997.1,994.47,997.59
996.6,995.37,997.54
996.2,995.59,997.88
996.1,995.6,998.14
995.9,994.85,996.51
995.4,995.35,997.84
995.4,995.17,998.95
995.3,995.1,999.71
995.0,994.93,998.34
995.0,994.97,998.65
995.3,995.03,997.21
995.2,995.45,998.52
994.0,995.4,998.59
993.4,995.04,997.73
978.9,994.15,994.81
978.5,992.69,994.73
978.4,996.33,996.02
978.7,994.86,992.95
979.6,994.58,992.92
980.9,995.11,993.18
982.1,995.01,993.56
982.8,994.75,992.94
983.6,994.35,990.66
984.7,994.55,992.25
985.1,994.9,993.92
985.7,995.47,995.84
986.2,995.6,995.24
986.8,995.94,996.47
987.6,996.07,995.38
988.4,996.77,998.3
989.3,995.61,996.93
990.2,996.06,996.94
991.1,996.9,997.76
991.7,996.88,997.8
992.4,998.18,998.81
992.9,996.89,996.1
993.3,997.12,996.29
993.4,997.16,995.51
993.7,997.03,994.73
994.1,997.04,994.73
994.4,997.84,994.84
994.9,996.91,992.9
995.1,997.38,994.21
995.0,997.34,995.99
995.1,997.5,996.51
994.9,996.98,995.84
993.9,997.99,999.72
993.3,996.45,997.27
991.9,995.88,995.43
990.5,996.05,997.18
989.0,994.09,993.93
987.6,995.28,994.55
986.6,995.02,993.81
986.2,995.3,993.94
986.9,994.93,994.56
986.7,995.76,994.26
985.6,995.61,995.51
984.4,994.38,995.38
984.4,994.84,992.94
984.8,994.14,991.82
985.3,994.34,993.75
985.9,995.28,993.76
986.5,996.32,995.89
986.6,995.27,992.54
986.8,995.63,993.11
986.6,995.15,994.36
986.3,994.99,994.08
986.0,995.31,994.22
985.6,996.04,995.17
985.6,996.0,993.99
985.3,996.42,996.52
985.1,997.76,998.66
984.8,996.95,996.89
984.9,997.47,997.43
985.0,996.06,991.65
985.0,995.83,994.74
985.6,995.83,994.17
985.4,993.96,989.37
985.8,995.07,992.36
986.2,995.05,993.12
986.3,995.49,994.04
986.5,995.08,993.51
986.3,994.74,993.77
986.1,995.98,995.03
985.9,995.42,993.3
985.9,996.64,995.8
985.8,995.2,994.37
986.1,995.73,994.88
986.0,995.42,992.87
986.4,996.62,996.59
986.7,995.59,993.31
987.3,995.62,994.75
988.1,995.04,996.24
988.9,996.84,997.11
989.8,994.83,991.12
1006.7,995.75,992.99
1006.4,995.95,994.73
1006.5,994.49,994.07
1006.6,996.47,995.77
1006.5,995.52,995.58
1006.6,995.49,993.64
1007.1,996.15,995.79
1007.3,994.63,992.82
1007.8,995.7,996.36
1008.5,996.28,995.92
1008.6,994.79,993.06
1008.1,996.39,997.1
1007.3,997.37,997.06
1006.7,996.45,998.12
1005.7,997.13,995.98
1005.5,994.68,993.39
1005.5,995.12,995.33
1005.4,994.54,995.22
1005.4,995.04,997.81
1005.1,993.46,993.6
1005.5,993.63,995.58
1005.0,994.03,995.75
1004.6,992.72,992.53
1004.6,992.92,993.66
1004.5,993.85,995.91
1004.5,995.33,996.76
1004.3,993.58,994.06
1003.9,993.98,992.41
1003.9,994.81,992.78
1003.7,995.19,994.36
1003.7,995.29,994.67
1003.6,995.82,995.98
1003.9,995.41,995.54
1004.1,996.87,997.34
1003.9,996.0,995.86
1003.6,996.71,999.58
1003.3,997.12,998.05
1002.2,997.27,999.23
1001.4,997.18,997.69
1000.7,996.43,996.13
1000.0,996.05,995.96
999.8,995.25,996.35
999.7,994.62,996.75
1000.1,994.63,995.29
999.9,993.67,993.37
1000.0,993.22,994.84
1000.4,992.96,991.6
1000.4,993.33,992.89
1000.2,993.96,996.23
1000.1,994.59,998.81
1000.1,994.23,997.67
999.9,993.27,996.24
999.7,994.79,995.9
999.5,994.06,993.03
999.4,994.42,994.36
999.4,994.2,992.71
999.5,994.24,994.07
999.8,994.05,990.73
999.7,994.81,993.63
999.0,996.59,998.67
998.6,997.64,998.97
998.0,996.24,995.47
997.7,996.81,997.24
997.3,995.93,998.38
996.8,995.43,998.07
996.6,994.23,994.84
996.4,994.13,995.32
996.4,994.21,994.55
996.6,992.49,988.22
996.6,992.55,987.98
996.6,991.85,990.83
996.8,992.57,990.75
996.8,992.31,994.32
996.5,992.18,995.84
995.8,991.89,994.28
996.1,992.71,999.28
995.9,991.86,993.85
995.9,992.3,999.1
996.0,991.61,999.27
996.3,992.39,1002.05
996.4,992.12,999.1
996.8,992.09,996.35
997.4,993.14,999.29
997.4,994.72,1001.08
996.8,994.34,998.07
996.4,993.47,997.04
995.8,993.55,995.54
995.6,993.37,993.59
995.6,993.54,995.91
995.5,993.17,993.28
995.7,994.01,997.08
995.5,991.99,990.96
995.5,991.9,992.48
995.5,993.58,998.75
995.1,993.39,996.34
994.7,993.63,999.41
994.0,994.11,1000.76
993.6,993.79,1001.81
993.0,993.52,999.6
992.7,994.7,1002.49
992.1,993.56,997.65
992.2,994.31,1002.23
991.8,993.33,998.39
992.1,993.56,999.75
992.0,995.23,996.27
992.4,993.79,993.86
992.3,995.7,999.94
992.0,996.39,999.53
991.4,996.74,998.66
990.7,995.2,994.72
990.1,996.6,997.73
989.9,995.28,998.4
989.8,995.7,997.75
989.8,996.06,998.15
989.6,996.84,998.5
989.8,997.16,997.5
989.8,996.94,998.09
989.8,994.32,996.69
989.7,997.68,996.62
989.3,996.67,996.37
988.9,997.39,996.77
988.9,997.15,996.15
988.7,996.76,994.98
988.8,996.38,995.86
988.6,996.59,995.06
988.9,996.66,995.28
989.2,996.17,996.27
989.3,995.98,994.16
989.8,994.43,993.06
990.3,995.45,994.48
990.8,997.03,998.51
990.7,995.92,999.17
990.7,998.23,1000.36
990.6,996.66,995.71
990.3,996.8,997.72
990.4,997.68,998.31
990.6,996.6,998.88
991.1,995.83,998.38
991.3,997.75,998.37
991.7,995.92,998.77
991.8,997.29,998.52
992.2,996.53,997.95
992.4,995.83,998.11
992.6,995.42,997.93
992.5,994.58,998.54
992.9,996.59,996.35
993.0,996.48,998.84
993.2,997.08,999.62
993.3,997.79,998.62
993.8,997.39,999.01
994.7,996.63,996.08
995.2,996.83,998.89
995.8,997.16,998.8
996.5,997.14,996.91
996.9,997.5,999.58
997.0,999.16,999.94
996.8,997.88,996.54
996.6,998.59,998.73
996.5,997.32,995.92
997.3,996.64,998.14
998.3,997.04,997.71
998.9,995.92,997.12
999.3,996.31,996.45
999.6,996.0,995.85
999.8,994.88,995.55
999.7,996.21,995.26
1000.0,994.06,992.79
999.9,993.91,992.98
1000.2,994.56,994.43
1000.4,994.06,995.78
1001.3,994.9,994.79
1001.6,994.57,995.42
1001.8,994.73,994.57
1002.3,991.71,992.14
1002.2,994.04,995.85
1002.5,995.78,996.91
1002.1,996.0,997.95
1001.5,997.18,999.68
1000.9,997.09,996.68
1000.3,998.15,997.45
999.9,996.54,993.58
999.7,997.42,995.39
999.2,997.91,997.43
998.9,998.0,997.79
998.3,996.51,997.58
997.7,996.0,993.28
997.9,996.75,994.14
997.8,996.48,995.41
997.5,996.64,994.83
996.7,995.02,991.26
996.0,996.65,993.55
995.7,995.72,992.26
996.3,996.41,994.28
997.6,995.22,991.23
998.2,996.3,995.61
999.0,997.39,998.06
999.6,995.94,996.73
999.9,998.48,996.6
999.6,997.51,994.21
999.6,996.71,993.75
999.5,996.31,992.33
999.7,996.77,993.33
1000.1,997.28,994.42
1000.7,994.77,995.17
1001.2,997.15,996.09
1001.8,998.27,998.79
1002.2,997.72,997.29
1002.3,998.93,998.08
1002.6,999.13,998.74
1003.0,999.11,998.24
1003.0,999.24,996.24
1003.1,999.16,996.96
1003.1,998.18,997.9
1003.6,999.63,995.87
1003.7,999.38,992.61
1003.8,999.48,994.8
1004.2,999.34,994.66
1004.5,999.17,997.36
1004.1,999.45,997.45
1003.6,999.65,998.31
1003.1,997.97,995.59
1001.6,998.89,996.75
999.7,997.84,996.22
998.4,996.28,996.17
997.4,998.0,996.93
996.8,996.93,995.31
996.0,997.32,995.0
995.2,996.07,992.08
994.8,997.87,994.81
994.2,996.68,994.17
993.5,996.34,995.08
992.7,994.91,992.09
991.5,994.87,993.79
990.3,995.17,994.68
989.5,994.26,992.3
989.1,994.52,993.25
988.2,994.55,993.06
988.3,995.04,994.96
988.4,994.33,993.91
988.6,994.44,993.49
989.1,995.07,996.08
990.0,994.55,993.47
990.7,995.1,995.52
991.9,997.21,998.28
993.3,996.3,996.28
995.0,996.45,995.49
996.1,997.07,999.03
997.0,995.62,995.62
997.9,997.06,998.32
998.3,997.5,997.39
999.2,997.55,997.23
999.9,997.52,996.67
1000.3,997.85,997.23
1000.8,998.41,996.66
1001.3,998.92,997.05
1001.9,998.33,997.65
1002.1,999.36,995.8
1002.6,999.79,998.7
1002.7,999.57,997.37
1002.8,1000.09,999.45
1002.4,1000.54,1000.39
1002.0,999.82,1000.79
1002.3,999.75,999.85
1002.7,1000.26,998.0
1002.9,998.66,998.95
1002.8,999.37,1000.31
1003.0,999.73,998.78
1001.9,1000.73,999.88
1001.1,999.05,996.76
999.3,998.24,995.46
997.9,998.72,996.7
996.8,997.58,994.25
996.0,998.0,995.15
995.1,996.32,993.44
994.3,997.6,995.03
992.8,997.6,994.1
991.8,997.1,993.4
990.1,996.83,992.0
989.2,996.65,991.81
988.0,997.03,993.46
986.4,996.64,993.56
984.7,997.41,996.24
983.6,997.66,995.11
982.2,995.71,991.63
981.1,995.36,990.35
979.8,995.39,990.86
979.1,994.44,989.26
978.4,993.14,989.9
978.5,993.05,990.44
978.9,992.8,989.37
978.9,994.53,993.56
979.5,994.71,994.35
979.6,993.87,989.7
979.4,994.24,992.57
979.6,996.09,997.09
979.9,994.67,995.8
980.2,994.99,996.04
980.8,994.5,997.21
981.1,994.99,996.6
981.6,995.13,995.61
981.7,994.79,994.78
983.0,994.82,995.24
984.3,995.0,996.81
985.2,994.72,994.06
985.5,994.86,994.83
986.1,993.49,994.66
986.9,994.53,994.23
987.5,994.55,996.26
987.7,994.34,996.65
988.0,994.36,994.18
988.4,996.0,999.78
988.6,996.68,1000.48
990.0,997.11,996.79
990.5,996.29,997.94
990.7,996.98,998.51
991.3,996.33,996.12
991.1,996.83,997.43
990.5,997.11,998.54
990.2,997.23,997.99
990.3,997.38,998.0
990.4,996.51,996.97
990.3,996.35,999.52
990.0,993.97,994.26
990.0,995.86,999.41
989.8,994.15,999.63
990.2,993.98,996.01
990.1,993.47,998.1
990.4,993.46,1000.69
990.4,992.86,998.87
990.2,992.8,998.67
990.2,992.7,1000.1
990.3,992.46,996.06
990.7,993.11,994.55
991.5,991.94,995.4
992.7,992.89,997.04
993.2,993.03,996.8
994.0,993.22,992.16
995.3,994.92,993.09
995.7,995.41,993.63
996.6,996.35,994.4
997.3,996.97,996.3
997.8,997.9,996.61
998.4,998.8,995.85
998.8,998.09,995.35
999.7,998.53,993.84
1000.4,1000.19,999.22
1000.7,1000.59,999.93
1000.6,1000.4,997.25
1000.8,997.81,996.43
1000.0,995.35,994.08
999.3,996.12,995.26
998.8,996.19,994.91
998.4,993.87,994.81
998.3,992.43,992.74
998.4,992.58,992.5
998.9,994.63,996.04
999.8,994.29,993.51
1000.5,996.76,995.56
1001.3,995.61,992.19
1002.0,995.9,992.74
1002.7,994.8,995.13
1003.1,995.03,995.17
1003.5,995.35,996.95
1003.0,998.02,998.35
1002.4,999.55,998.71
1001.8,1000.05,996.73
1001.2,1000.89,998.11
1001.6,999.93,998.67
1001.8,997.65,993.18
1001.7,999.6,997.55
1001.4,998.95,996.88
1001.0,999.28,997.01
1000.8,998.1,996.92
1000.4,998.21,995.71
999.9,998.71,998.17
999.5,998.67,997.92
998.9,998.57,996.34
998.5,997.99,995.48
997.8,997.58,995.23
997.2,997.84,995.65
996.6,997.99,996.62
996.0,997.79,996.03
995.2,997.59,998.2
994.6,996.69,994.64
993.7,997.64,994.56
992.2,999.13,998.11
990.2,1000.54,998.29
987.5,999.62,998.45
987.0,998.33,995.59
986.3,998.33,995.96
985.9,997.32,992.74
984.8,997.45,991.78
985.5,996.91,990.99
985.7,997.25,993.72
985.8,997.98,994.53
985.9,996.33,990.09
986.0,997.04,993.14
986.7,996.17,992.34
986.9,995.69,992.3
986.6,996.14,994.13
986.7,994.75,992.43
987.4,994.63,991.0
987.9,994.96,992.9
988.4,994.5,991.17
989.0,994.89,993.91
990.0,995.16,994.4
991.2,996.1,997.37
991.9,997.4,996.02
992.6,998.2,996.81
992.6,998.52,997.99
992.3,997.44,995.8
991.8,997.7,996.95
991.9,998.09,997.37
992.8,996.82,994.4
993.6,997.02,995.14
993.9,997.09,996.56
994.6,997.8,998.66
994.6,997.7,997.92
995.2,998.36,998.2
995.9,997.36,995.58
996.4,999.62,997.07
996.9,998.45,998.12
997.7,997.94,997.59
998.2,997.96,998.51
998.8,997.71,996.08
998.9,998.83,999.57
999.2,998.33,995.92
999.8,998.53,995.06
1000.4,998.37,996.22
1000.9,998.38,998.21
1001.3,998.19,997.16
1001.5,998.57,997.4
1001.9,997.88,997.09
1001.6,998.44,997.59
1001.1,1000.02,996.09
1000.5,997.84,999.17
1000.2,998.1,999.14
1000.1,998.23,999.4
999.8,997.47,999.65
999.5,995.51,1000.14
999.7,997.51,998.12
999.2,997.79,998.78
999.0,996.53,998.56
998.6,997.24,998.09
998.3,997.59,998.2
998.0,996.6,995.65
997.4,997.7,1000.02
996.8,996.67,1000.12
996.3,996.73,997.98
995.8,997.14,996.05
995.3,996.74,995.27
995.3,997.0,995.23
994.7,995.88,991.95
994.7,996.64,993.28
994.6,996.27,993.26
994.6,997.19,995.9
994.9,996.47,993.26
994.1,995.29,990.58
992.9,994.84,994.4
991.8,996.42,996.82
991.1,993.67,993.53
990.9,992.24,994.31
990.6,991.96,995.41
990.4,994.54,995.23
989.9,994.12,994.47
989.1,994.06,995.08
988.1,993.73,997.03
988.1,994.26,997.45
987.2,993.62,995.49
986.6,993.47,995.15
985.7,992.26,990.85
984.7,992.04,989.36
984.1,991.73,990.08
983.2,992.26,992.35
982.4,991.77,992.5
981.0,991.88,991.69
980.6,993.27,995.99
980.3,992.06,992.88
979.8,992.95,996.14
979.3,992.79,993.59
979.4,992.21,991.27
978.3,993.49,994.76
977.9,993.82,995.8
978.2,994.59,996.7
978.0,992.51,993.8
978.7,993.31,993.27
980.0,994.6,993.62
980.5,994.44,994.7
981.6,995.04,994.36
982.6,995.88,995.41
983.6,997.38,996.75
984.6,996.06,993.46
984.9,996.67,994.99
985.5,997.44,995.77
986.3,999.37,994.13
986.9,999.42,990.57
987.9,1000.02,990.62
988.6,1000.7,993.55
989.1,1001.74,993.91
990.0,1001.73,995.22
990.6,1002.21,997.61
991.3,1003.17,1000.37
992.0,1002.23,999.97
993.0,1003.75,1000.96
993.4,1004.03,999.25
992.8,1003.52,998.99
992.1,1002.28,994.74
991.6,1001.94,993.5
991.8,1000.97,995.4
992.2,1000.54,994.72
992.6,1000.66,995.62
992.9,1000.47,996.04
993.1,1001.93,997.6
993.1,1000.44,996.36
993.3,1001.0,997.07
993.7,1000.68,997.19
994.0,1001.52,997.86
994.4,1001.5,999.09
994.6,1001.99,1000.86
994.9,1001.8,1000.48
995.3,1001.9,1002.19
995.6,1001.39,1001.17
996.2,1001.36,1002.22
997.0,1000.87,1001.47
997.6,1001.95,1001.93
998.1,1001.57,1002.41
998.5,1001.44,1003.5
998.7,1001.78,1002.95
999.1,1002.68,1003.66
998.4,1002.44,1001.35
998.1,1001.44,1000.32
997.9,1001.47,998.68
997.7,1000.99,998.87
997.8,1001.1,999.69
997.6,1000.91,998.81
997.4,1000.4,998.83
997.3,999.81,995.51
997.4,998.71,994.09
997.4,998.74,996.79
997.4,998.38,996.92
997.5,997.2,995.19
997.5,996.59,991.95
997.5,996.35,992.52
998.0,997.02,994.41
997.9,996.78,994.63
996.8,996.82,993.81
996.3,996.31,994.86
996.2,995.03,992.26
996.2,995.06,992.35
995.2,993.98,992.2
995.3,993.27,987.68
994.9,992.91,991.53
995.1,994.21,993.49
994.5,992.96,991.79
993.8,993.72,993.05
993.8,994.67,994.01
993.3,992.81,989.2
993.7,994.06,993.95
994.1,993.98,993.58
994.8,993.52,995.48
995.7,993.88,995.35
996.8,993.84,992.55
997.2,993.69,991.75
997.7,994.55,993.1
998.2,994.76,991.36
998.7,994.08,994.52
998.7,994.25,993.51
998.7,993.68,992.54
999.4,993.97,993.01
999.9,994.16,995.39
1000.3,993.67,996.12
1001.1,994.26,995.1
1001.2,993.6,995.52
1001.9,994.06,993.47
1002.6,993.32,991.35
1002.5,992.87,990.3
1002.7,993.69,990.95
1002.4,993.99,991.44
1002.1,995.32,993.98
1001.5,996.04,992.44
1001.5,995.87,991.75
1001.4,996.11,993.29
1001.3,995.5,995.61
1001.5,995.11,994.22
1001.7,995.37,994.62
1001.3,995.33,994.81
1001.1,994.41,993.24
1000.8,994.84,993.21
1000.5,995.25,994.55
999.9,995.13,992.51
999.6,995.03,992.46
999.3,993.99,990.79
999.4,993.54,990.03
999.3,993.56,991.06
998.7,994.48,990.93
999.0,993.82,988.78
998.9,993.88,991.98
998.3,994.39,992.68
998.3,994.69,991.84
998.1,994.94,991.44
997.4,994.06,990.23
997.1,991.96,991.56
996.4,993.93,990.7
995.9,995.02,991.76
995.8,994.07,990.46
996.1,993.2,990.07
996.2,994.66,992.25
996.1,994.46,991.23
996.6,994.02,992.34
996.5,993.7,990.06
996.4,993.78,992.31
996.6,993.27,991.04
996.1,993.01,988.83
996.3,993.44,989.94
996.1,993.09,991.75
996.5,993.97,993.27
996.0,994.04,993.63
996.0,993.93,993.16
996.1,994.89,993.67
996.5,994.87,993.57
996.8,991.96,993.97
996.9,996.81,996.84
996.9,996.27,996.26
996.9,995.59,994.23
996.3,996.23,994.79
995.6,995.57,993.48
994.6,997.46,996.29
994.3,997.11,995.43
994.3,996.9,995.06
994.2,996.9,996.47
994.0,996.56,995.45
994.0,996.34,995.91
994.4,997.04,995.53
994.6,996.17,994.48
994.7,996.62,994.3
994.7,996.28,994.88
995.0,995.78,993.62
995.4,996.94,995.7
995.4,995.77,995.41
995.5,996.04,994.51
995.7,996.15,995.39
996.3,996.5,996.38
996.9,996.29,996.15
997.4,996.3,996.8
997.8,995.33,995.4
998.4,996.01,998.07
998.9,996.52,997.72
998.7,999.48,1001.24
997.7,997.5,998.35
997.0,997.57,996.07
996.3,996.68,993.61
995.0,997.27,994.48
995.2,996.37,994.0
994.4,995.18,992.69
993.7,995.89,994.65
994.1,995.73,993.92
993.9,994.51,993.06
994.0,995.01,990.93
994.1,994.08,990.22
994.2,994.19,990.04
994.7,995.33,994.78
995.3,994.11,991.76
998.9,996.37,995.21
998.6,995.65,991.11
998.7,996.31,995.77
998.4,996.27,994.03
998.1,995.39,992.1
997.3,995.72,995.74
996.7,996.06,994.07
995.4,996.42,997.18
994.9,997.15,997.51
994.4,995.73,996.56
994.4,994.46,996.95
994.5,994.96,994.74
993.8,994.96,996.27
993.5,993.89,993.78
993.4,995.41,996.38
992.2,994.69,995.32
991.4,994.72,992.61
991.2,994.54,995.44
990.6,994.52,995.8
990.2,995.1,994.42
989.8,991.41,991.9
989.6,994.63,991.43
988.3,994.47,990.2
987.9,994.25,991.68
987.7,994.95,989.48
987.6,994.4,988.88
987.4,992.98,991.08
987.5,993.24,992.0
987.8,993.4,990.44
987.2,991.1,993.11
986.5,994.99,993.22
986.4,993.74,992.06
986.4,993.56,992.43
986.6,993.31,991.85
986.7,993.58,993.64
986.9,993.31,990.19
986.6,993.34,990.08
986.5,992.96,989.49
986.0,992.75,989.57
985.4,994.42,991.67
984.7,992.06,986.81
985.6,995.24,988.59
985.2,994.03,976.12
985.1,996.01,982.5
985.1,996.2,981.58
985.0,996.8,984.64
984.6,995.11,984.69
984.5,995.6,985.97
984.4,995.37,986.61
984.3,994.83,989.92
984.7,993.42,987.75
985.0,994.22,986.2
986.2,997.34,992.04
986.5,996.74,991.8
986.9,998.2,993.77
987.9,997.92,993.64
988.8,999.06,996.08
990.0,997.39,994.07
991.5,997.8,993.92
992.6,999.02,998.2
993.7,998.58,996.02
994.3,998.66,996.84
995.2,998.41,997.96
995.9,999.02,997.38
996.3,997.91,993.96
997.0,999.59,998.79
997.6,999.41,998.48
998.0,999.45,999.56
998.8,998.95,999.14
998.9,1000.65,999.59
999.1,999.26,996.88
999.7,999.84,998.07
1000.5,999.12,995.82
1001.0,1001.62,1000.35
1001.4,1000.26,1000.24
1001.8,1000.52,1000.02
1002.3,1001.41,1000.59
1002.1,1000.4,997.56
1001.8,1001.11,998.56
1001.5,1001.54,999.97
1001.5,1000.6,998.65
1002.1,1001.48,997.38
1002.3,1000.51,998.07
1002.5,1000.38,997.81
1002.6,1001.08,997.95
1002.5,1000.6,997.73
1002.7,1000.29,996.59
1003.0,1000.05,997.12
1003.3,1000.75,997.53
1003.4,1000.35,997.68
1003.5,999.85,995.87
1003.9,999.54,998.12
1004.0,999.04,996.45
1004.0,999.04,996.69
1004.3,998.66,997.72
1004.9,998.74,996.68
1005.5,999.32,999.28
1006.0,999.8,1000.62
1006.5,999.26,999.28
1007.0,1000.37,1000.65
1007.3,1001.41,1000.71
1007.2,1000.71,998.72
1006.8,1001.2,998.87
1006.6,999.56,1001.97
1006.7,1001.44,999.29
1006.9,1000.87,998.17
1006.9,1001.74,999.53
1007.1,1000.58,1000.65
1007.1,1001.36,1002.0
1007.3,1001.05,1001.94
1007.6,1000.14,1001.39
1007.7,1002.02,1001.02
1007.2,1001.2,1000.61
1007.9,1001.24,1000.62
1007.6,1001.48,999.38
1007.6,1000.08,999.54
1007.3,1001.41,998.65
1007.4,1000.94,997.3
1007.4,999.53,996.87
1007.8,996.98,997.55
1007.0,996.63,999.75
1006.3,996.26,999.21
1005.7,995.12,1000.04
1005.5,995.25,999.19
1003.7,993.88,997.28
1002.4,992.97,995.14
1000.7,992.83,996.51
998.9,992.4,997.68
997.6,992.75,996.24
996.3,992.5,995.97
995.1,991.57,996.27
992.9,991.93,997.91
991.2,991.52,996.77
989.4,992.47,999.31
988.2,992.05,998.18
987.1,992.38,999.23
986.2,990.64,1001.27
985.9,990.88,992.9
986.4,990.92,991.6
986.7,991.11,992.27
987.6,992.84,992.3
989.2,993.72,994.9
990.2,994.53,993.49
991.9,993.97,992.85
993.4,994.96,995.37
995.4,993.37,995.89
997.2,994.59,997.58
998.1,996.5,996.17
999.6,996.86,994.69
1001.0,997.1,993.83
1002.4,997.79,994.97
1003.9,997.39,995.1
1005.1,997.74,996.81
1006.3,998.52,998.11
1007.2,997.5,996.01
1008.1,996.47,996.08
1008.8,997.67,1000.97
1009.1,997.62,999.93
1009.5,998.24,1000.79
1009.7,997.66,999.67
1009.8,998.66,1001.15
1009.7,996.7,998.96
1009.3,995.87,1000.39
1009.2,998.4,1002.14
1008.7,998.22,1002.35
1008.8,999.19,1002.52
1008.8,999.46,1004.41
1008.2,996.46,1003.33
1007.8,999.41,1002.45
1006.9,1000.11,1000.97
1005.7,998.72,997.96
1004.2,998.51,997.57
1003.4,998.16,998.5
1002.7,998.29,1001.88
1001.9,999.23,1001.11
1001.1,997.02,1000.56
999.9,995.35,997.76
999.1,996.63,998.57
998.2,995.79,998.04
997.1,996.15,998.78
996.5,995.59,998.61
996.4,994.42,998.75
995.5,994.63,996.12
994.8,995.79,998.4
994.2,995.61,997.8
993.8,995.06,996.84
993.6,996.15,998.82
993.8,995.74,999.53
993.8,995.49,1000.07
994.3,995.73,1002.21
994.6,996.24,1006.12
995.1,995.51,1002.57
995.4,996.31,1002.12
995.7,998.13,1004.85
995.4,997.24,1003.08
995.1,997.42,1003.52
994.7,996.84,1001.04
994.5,996.65,1000.48
994.9,996.95,997.0
995.0,996.51,997.31
995.0,995.72,995.64
994.9,995.27,995.56
994.6,994.89,996.41
995.3,994.78,995.99
994.7,995.96,996.01
994.5,995.28,996.28
994.2,994.99,996.5
994.2,994.81,995.48
993.7,995.17,996.57
993.0,994.34,993.32
992.6,995.32,994.01
992.6,994.63,991.77
993.1,994.27,990.84
993.4,995.66,993.05
993.7,994.22,992.07
994.1,994.34,992.22
994.4,995.18,993.5
994.1,994.8,992.89
993.9,994.65,992.41
993.8,994.18,995.59
994.5,993.92,992.77
995.1,993.77,992.25
995.9,993.52,994.08
996.3,994.6,993.68
997.4,993.35,993.22
998.7,995.73,996.78
999.5,996.61,994.92
1000.4,998.46,998.97
1001.3,999.06,999.43
1002.1,999.83,1002.9
1002.4,998.86,997.41
1003.3,999.97,1002.25
1004.5,1000.85,1000.88
1004.9,1002.19,1002.5
1005.0,1002.36,1000.9
1005.7,1002.08,1000.8
1006.4,1002.92,1000.99
1007.0,1002.58,1002.42
1007.6,1001.73,1001.29
1007.8,1000.56,1002.44
1008.3,1000.56,1004.46
1007.8,1000.72,1003.67
1007.5,1000.46,1004.01
1006.5,1000.54,1003.91
1005.5,998.97,1000.96
1005.3,999.66,1002.37
1005.0,998.81,1000.92
1004.8,998.69,1004.95
1004.2,999.16,1009.41
1003.3,1001.38,1004.82
1002.6,999.44,1008.47
1002.2,999.72,1007.26
1001.5,1000.58,1007.69
1000.5,1000.0,1006.91
1000.1,1000.41,1004.7
998.8,1000.03,1005.27
998.1,999.15,1003.41
997.8,999.39,1003.87
996.5,998.46,1001.86
995.9,998.05,1001.33
995.4,998.92,1003.53
994.7,999.31,1001.65
994.1,998.49,1002.59
993.9,997.69,998.97
993.6,998.35,999.72
992.5,999.64,1001.3
991.4,1000.68,996.88
990.4,1000.07,996.33
989.1,1000.17,997.06
989.0,1000.01,998.22
988.2,999.73,996.96
988.0,1000.53,998.4
987.6,999.31,995.62
987.8,998.22,995.35
987.4,999.15,997.28
987.3,997.79,995.89
987.2,997.92,997.8
986.9,997.73,995.54
987.1,996.27,993.43
987.0,996.47,995.37
987.4,996.14,996.62
987.6,995.59,996.29
987.7,994.78,993.95
988.7,995.22,994.82
989.6,996.27,997.98
990.6,996.26,998.87
991.9,996.21,999.55
992.6,997.68,1000.09
992.9,998.62,1001.27
993.2,997.75,997.29
993.1,997.93,997.5
993.0,999.69,999.07
992.7,999.52,999.47
993.2,999.36,999.3
992.5,998.64,999.24
993.0,997.13,998.24
993.4,997.03,997.66
994.4,996.59,995.84
993.9,998.46,996.71
994.4,996.58,996.04
994.4,996.53,994.61
994.5,996.34,993.81
994.1,996.86,995.23
994.3,992.27,994.1
994.2,994.75,994.91
994.1,994.31,994.92
994.3,994.43,995.03
994.8,994.43,995.08
995.5,994.17,994.46
996.5,992.89,995.75
997.4,992.48,995.29
999.0,993.57,996.93
999.5,994.24,996.92
1000.0,992.87,993.87
1000.8,994.67,995.76
1001.5,994.67,994.47
1002.4,995.46,993.76
1002.7,995.55,992.54
1003.2,996.03,999.05
1003.8,995.16,1001.21
1004.5,996.73,998.1
1004.6,996.25,1000.43
1004.6,996.09,997.28
1005.6,997.64,1000.11
1005.7,998.55,998.32
1005.3,997.11,999.55
1005.4,998.23,998.76
1005.8,998.64,998.98
1006.0,998.69,1002.22
1005.7,998.29,1000.22
1007.0,998.39,999.08
1007.3,1000.16,1000.98
1006.6,999.25,1000.31
1005.2,1000.42,998.85
1003.9,1000.02,999.29
1004.1,999.89,999.93
1004.1,998.35,999.77
